/* SPDX-License-Identifier: MIT
 * Copyright (c) 2026 retrodiv <retrodiv@proton.me>
 * The wrapper is first-party MIT code; embedded notice text retains
 * the terms and attribution shown in its source files.
 * Inputs, concatenated in this order with a filename banner:
 *   NOTICE
 *   THIRD_PARTY_NOTICES.md
 *   LICENSES/WELL512.txt
 *   LICENSES/box2d.txt
 *   LICENSES/bzip2.txt
 *   LICENSES/fmodbankparser-NOTICE.txt
 *   LICENSES/fmodbankparser.txt
 *   LICENSES/font-ofl-1.1.txt
 *   LICENSES/font-roboto-mono-ofl-1.1.txt
 *   LICENSES/liblzma.txt
 *   LICENSES/libogg.txt
 *   LICENSES/libretro.txt
 *   LICENSES/libvorbis-1.2.0.txt
 *   LICENSES/libvorbis-1.3.7.txt
 *   LICENSES/minimp3.txt
 *   LICENSES/pxtone.txt
 *   LICENSES/stb.txt
 *   LICENSES/ww2ogg.txt
 *   LICENSES/xdelta3.txt
 * Regenerate: python3 tests/architecture/check_notices.py generate
 * See THIRD_PARTY_NOTICES.md and docs/PROVENANCE.md.
 */
#ifndef ANYGM_THIRD_PARTY_NOTICES_H
#define ANYGM_THIRD_PARTY_NOTICES_H

#include <stdint.h>

/* 65388 bytes including the terminating NUL. */
static const uint8_t anygm_third_party_notices_data[]={
  0x3d,0x3d,0x3d,0x3d,0x3d,0x3d,0x3d,0x3d,0x3d,0x3d,0x3d,0x3d,0x3d,0x3d,0x3d,0x3d,
  0x3d,0x3d,0x3d,0x3d,0x3d,0x3d,0x3d,0x3d,0x3d,0x3d,0x3d,0x3d,0x3d,0x3d,0x3d,0x3d,
  0x3d,0x3d,0x3d,0x3d,0x3d,0x3d,0x3d,0x3d,0x3d,0x3d,0x3d,0x3d,0x3d,0x3d,0x3d,0x3d,
  0x3d,0x3d,0x3d,0x3d,0x3d,0x3d,0x3d,0x3d,0x3d,0x3d,0x3d,0x3d,0x3d,0x3d,0x3d,0x3d,
  0x3d,0x3d,0x3d,0x3d,0x3d,0x3d,0x3d,0x3d,0x0a,0x4e,0x4f,0x54,0x49,0x43,0x45,0x0a,
  0x3d,0x3d,0x3d,0x3d,0x3d,0x3d,0x3d,0x3d,0x3d,0x3d,0x3d,0x3d,0x3d,0x3d,0x3d,0x3d,
  0x3d,0x3d,0x3d,0x3d,0x3d,0x3d,0x3d,0x3d,0x3d,0x3d,0x3d,0x3d,0x3d,0x3d,0x3d,0x3d,
  0x3d,0x3d,0x3d,0x3d,0x3d,0x3d,0x3d,0x3d,0x3d,0x3d,0x3d,0x3d,0x3d,0x3d,0x3d,0x3d,
  0x3d,0x3d,0x3d,0x3d,0x3d,0x3d,0x3d,0x3d,0x3d,0x3d,0x3d,0x3d,0x3d,0x3d,0x3d,0x3d,
  0x3d,0x3d,0x3d,0x3d,0x3d,0x3d,0x3d,0x3d,0x0a,0x53,0x50,0x44,0x58,0x2d,0x4c,0x69,
  0x63,0x65,0x6e,0x73,0x65,0x2d,0x49,0x64,0x65,0x6e,0x74,0x69,0x66,0x69,0x65,0x72,
  0x3a,0x20,0x4d,0x49,0x54,0x0a,0x43,0x6f,0x70,0x79,0x72,0x69,0x67,0x68,0x74,0x20,
  0x28,0x63,0x29,0x20,0x32,0x30,0x32,0x36,0x20,0x72,0x65,0x74,0x72,0x6f,0x64,0x69,
  0x76,0x20,0x3c,0x72,0x65,0x74,0x72,0x6f,0x64,0x69,0x76,0x40,0x70,0x72,0x6f,0x74,
  0x6f,0x6e,0x2e,0x6d,0x65,0x3e,0x0a,0x0a,0x54,0x68,0x65,0x20,0x69,0x64,0x65,0x6e,
  0x74,0x69,0x66,0x69,0x63,0x61,0x74,0x69,0x6f,0x6e,0x20,0x61,0x62,0x6f,0x76,0x65,
  0x20,0x63,0x6f,0x76,0x65,0x72,0x73,0x20,0x74,0x68,0x69,0x73,0x20,0x70,0x72,0x6f,
  0x6a,0x65,0x63,0x74,0x27,0x73,0x20,0x6f,0x72,0x69,0x67,0x69,0x6e,0x61,0x6c,0x20,
  0x65,0x78,0x70,0x6c,0x61,0x6e,0x61,0x74,0x6f,0x72,0x79,0x20,0x74,0x65,0x78,0x74,
  0x2c,0x20,0x6e,0x6f,0x74,0x0a,0x74,0x68,0x69,0x72,0x64,0x2d,0x70,0x61,0x72,0x74,
  0x79,0x20,0x63,0x6f,0x64,0x65,0x20,0x6f,0x72,0x20,0x6e,0x6f,0x74,0x69,0x63,0x65,
  0x73,0x2e,0x20,0x54,0x68,0x6f,0x73,0x65,0x20,0x72,0x65,0x74,0x61,0x69,0x6e,0x20,
  0x74,0x68,0x65,0x69,0x72,0x20,0x72,0x65,0x73,0x70,0x65,0x63,0x74,0x69,0x76,0x65,
  0x20,0x6c,0x69,0x63,0x65,0x6e,0x73,0x65,0x73,0x20,0x61,0x6e,0x64,0x20,0x72,0x69,
  0x67,0x68,0x74,0x73,0x2e,0x0a,0x0a,0x54,0x68,0x69,0x73,0x20,0x70,0x72,0x6f,0x64,
  0x75,0x63,0x74,0x20,0x69,0x6e,0x63,0x6c,0x75,0x64,0x65,0x73,0x20,0x61,0x20,0x6d,
  0x6f,0x64,0x69,0x66,0x69,0x65,0x64,0x20,0x69,0x6e,0x2d,0x6d,0x65,0x6d,0x6f,0x72,
  0x79,0x20,0x64,0x65,0x63,0x6f,0x64,0x65,0x72,0x20,0x66,0x72,0x6f,0x6d,0x20,0x78,
  0x64,0x65,0x6c,0x74,0x61,0x33,0x3a,0x0a,0x43,0x6f,0x70,0x79,0x72,0x69,0x67,0x68,
  0x74,0x20,0x32,0x30,0x31,0x36,0x20,0x4a,0x6f,0x73,0x68,0x75,0x61,0x20,0x4d,0x61,
  0x63,0x44,0x6f,0x6e,0x61,0x6c,0x64,0x0a,0x4c,0x69,0x63,0x65,0x6e,0x73,0x65,0x64,
  0x20,0x75,0x6e,0x64,0x65,0x72,0x20,0x74,0x68,0x65,0x20,0x41,0x70,0x61,0x63,0x68,
  0x65,0x20,0x4c,0x69,0x63,0x65,0x6e,0x73,0x65,0x2c,0x20,0x56,0x65,0x72,0x73,0x69,
  0x6f,0x6e,0x20,0x32,0x2e,0x30,0x2e,0x0a,0x54,0x68,0x65,0x20,0x63,0x6f,0x6d,0x70,
  0x6c,0x65,0x74,0x65,0x20,0x6c,0x69,0x63,0x65,0x6e,0x73,0x65,0x20,0x69,0x73,0x20,
  0x69,0x6e,0x20,0x4c,0x49,0x43,0x45,0x4e,0x53,0x45,0x53,0x2f,0x78,0x64,0x65,0x6c,
  0x74,0x61,0x33,0x2e,0x74,0x78,0x74,0x3b,0x20,0x74,0x68,0x65,0x20,0x6f,0x72,0x69,
  0x67,0x69,0x6e,0x20,0x61,0x6e,0x64,0x20,0x6d,0x6f,0x64,0x69,0x66,0x69,0x63,0x61,
  0x74,0x69,0x6f,0x6e,0x73,0x0a,0x61,0x72,0x65,0x20,0x72,0x65,0x63,0x6f,0x72,0x64,
  0x65,0x64,0x20,0x69,0x6e,0x20,0x73,0x72,0x63,0x2f,0x74,0x68,0x69,0x72,0x64,0x5f,
  0x70,0x61,0x72,0x74,0x79,0x2f,0x78,0x64,0x65,0x6c,0x74,0x61,0x33,0x2f,0x52,0x45,
  0x41,0x44,0x4d,0x45,0x2e,0x61,0x6e,0x79,0x67,0x6d,0x2e,0x6d,0x64,0x2e,0x0a,0x0a,
  0x54,0x68,0x69,0x73,0x20,0x70,0x72,0x6f,0x64,0x75,0x63,0x74,0x20,0x61,0x6c,0x73,
  0x6f,0x20,0x69,0x6e,0x63,0x6c,0x75,0x64,0x65,0x73,0x20,0x74,0x68,0x65,0x20,0x6c,
  0x69,0x62,0x6c,0x7a,0x6d,0x61,0x20,0x64,0x65,0x63,0x6f,0x64,0x65,0x72,0x20,0x66,
  0x72,0x6f,0x6d,0x20,0x58,0x5a,0x20,0x55,0x74,0x69,0x6c,0x73,0x20,0x75,0x6e,0x64,
  0x65,0x72,0x20,0x30,0x42,0x53,0x44,0x2e,0x0a,0x49,0x74,0x73,0x20,0x74,0x65,0x72,
  0x6d,0x73,0x20,0x61,0x72,0x65,0x20,0x69,0x6e,0x20,0x4c,0x49,0x43,0x45,0x4e,0x53,
  0x45,0x53,0x2f,0x6c,0x69,0x62,0x6c,0x7a,0x6d,0x61,0x2e,0x74,0x78,0x74,0x20,0x61,
  0x6e,0x64,0x20,0x69,0x74,0x73,0x20,0x73,0x6f,0x75,0x72,0x63,0x65,0x20,0x70,0x72,
  0x6f,0x76,0x65,0x6e,0x61,0x6e,0x63,0x65,0x20,0x69,0x73,0x20,0x72,0x65,0x63,0x6f,
  0x72,0x64,0x65,0x64,0x20,0x69,0x6e,0x0a,0x73,0x72,0x63,0x2f,0x74,0x68,0x69,0x72,
  0x64,0x5f,0x70,0x61,0x72,0x74,0x79,0x2f,0x6c,0x69,0x62,0x6c,0x7a,0x6d,0x61,0x2f,
  0x52,0x45,0x41,0x44,0x4d,0x45,0x2e,0x61,0x6e,0x79,0x67,0x6d,0x2e,0x6d,0x64,0x2e,
  0x0a,0x0a,0x54,0x68,0x65,0x20,0x46,0x4d,0x4f,0x44,0x20,0x53,0x74,0x75,0x64,0x69,
  0x6f,0x20,0x62,0x61,0x6e,0x6b,0x20,0x6d,0x65,0x74,0x61,0x64,0x61,0x74,0x61,0x20,
  0x72,0x65,0x61,0x64,0x65,0x72,0x20,0x69,0x6e,0x20,0x73,0x72,0x63,0x2f,0x61,0x75,
  0x64,0x69,0x6f,0x2f,0x62,0x61,0x6e,0x6b,0x73,0x2f,0x67,0x6d,0x6c,0x5f,0x66,0x6d,
  0x6f,0x64,0x2e,0x63,0x20,0x69,0x73,0x20,0x61,0x64,0x61,0x70,0x74,0x65,0x64,0x20,
  0x66,0x72,0x6f,0x6d,0x0a,0x46,0x4d,0x6f,0x64,0x42,0x61,0x6e,0x6b,0x50,0x61,0x72,
  0x73,0x65,0x72,0x20,0x28,0x68,0x74,0x74,0x70,0x73,0x3a,0x2f,0x2f,0x67,0x69,0x74,
  0x68,0x75,0x62,0x2e,0x63,0x6f,0x6d,0x2f,0x4d,0x61,0x73,0x75,0x73,0x64,0x65,0x72,
  0x2f,0x46,0x4d,0x6f,0x64,0x42,0x61,0x6e,0x6b,0x50,0x61,0x72,0x73,0x65,0x72,0x29,
  0x2c,0x20,0x64,0x69,0x73,0x74,0x72,0x69,0x62,0x75,0x74,0x65,0x64,0x20,0x75,0x6e,
  0x64,0x65,0x72,0x20,0x74,0x68,0x65,0x0a,0x41,0x70,0x61,0x63,0x68,0x65,0x20,0x4c,
  0x69,0x63,0x65,0x6e,0x73,0x65,0x20,0x32,0x2e,0x30,0x2e,0x20,0x54,0x68,0x65,0x20,
  0x43,0x20,0x69,0x6d,0x70,0x6c,0x65,0x6d,0x65,0x6e,0x74,0x61,0x74,0x69,0x6f,0x6e,
  0x20,0x75,0x73,0x65,0x73,0x20,0x6c,0x6f,0x63,0x61,0x6c,0x20,0x62,0x75,0x66,0x66,
  0x65,0x72,0x73,0x20,0x61,0x6e,0x64,0x20,0x69,0x6e,0x74,0x65,0x67,0x72,0x61,0x74,
  0x65,0x73,0x20,0x6d,0x65,0x74,0x61,0x64,0x61,0x74,0x61,0x0a,0x64,0x65,0x63,0x6f,
  0x64,0x69,0x6e,0x67,0x20,0x77,0x69,0x74,0x68,0x20,0x74,0x68,0x65,0x20,0x61,0x75,
  0x64,0x69,0x6f,0x20,0x72,0x75,0x6e,0x74,0x69,0x6d,0x65,0x2e,0x20,0x54,0x68,0x65,
  0x20,0x75,0x70,0x73,0x74,0x72,0x65,0x61,0x6d,0x20,0x6c,0x69,0x63,0x65,0x6e,0x73,
  0x65,0x20,0x69,0x73,0x20,0x70,0x72,0x6f,0x76,0x69,0x64,0x65,0x64,0x20,0x69,0x6e,
  0x0a,0x4c,0x49,0x43,0x45,0x4e,0x53,0x45,0x53,0x2f,0x66,0x6d,0x6f,0x64,0x62,0x61,
  0x6e,0x6b,0x70,0x61,0x72,0x73,0x65,0x72,0x2e,0x74,0x78,0x74,0x20,0x61,0x6e,0x64,
  0x20,0x69,0x74,0x73,0x20,0x75,0x70,0x73,0x74,0x72,0x65,0x61,0x6d,0x20,0x4e,0x4f,
  0x54,0x49,0x43,0x45,0x20,0x69,0x73,0x20,0x72,0x65,0x74,0x61,0x69,0x6e,0x65,0x64,
  0x20,0x69,0x6e,0x0a,0x4c,0x49,0x43,0x45,0x4e,0x53,0x45,0x53,0x2f,0x66,0x6d,0x6f,
  0x64,0x62,0x61,0x6e,0x6b,0x70,0x61,0x72,0x73,0x65,0x72,0x2d,0x4e,0x4f,0x54,0x49,
  0x43,0x45,0x2e,0x74,0x78,0x74,0x2e,0x20,0x54,0x68,0x69,0x72,0x64,0x2d,0x70,0x61,
  0x72,0x74,0x79,0x20,0x72,0x69,0x67,0x68,0x74,0x73,0x20,0x61,0x6e,0x64,0x20,0x6e,
  0x6f,0x74,0x69,0x63,0x65,0x73,0x20,0x61,0x72,0x65,0x20,0x72,0x65,0x74,0x61,0x69,
  0x6e,0x65,0x64,0x0a,0x73,0x65,0x70,0x61,0x72,0x61,0x74,0x65,0x6c,0x79,0x20,0x66,
  0x72,0x6f,0x6d,0x20,0x74,0x68,0x65,0x20,0x6c,0x69,0x63,0x65,0x6e,0x73,0x65,0x20,
  0x63,0x6f,0x76,0x65,0x72,0x69,0x6e,0x67,0x20,0x74,0x68,0x69,0x73,0x20,0x70,0x72,
  0x6f,0x6a,0x65,0x63,0x74,0x27,0x73,0x20,0x6f,0x72,0x69,0x67,0x69,0x6e,0x61,0x6c,
  0x20,0x63,0x6f,0x6e,0x74,0x72,0x69,0x62,0x75,0x74,0x69,0x6f,0x6e,0x73,0x2e,0x0a,
  0x0a,0x54,0x68,0x65,0x20,0x75,0x6e,0x6d,0x6f,0x64,0x69,0x66,0x69,0x65,0x64,0x20,
  0x62,0x7a,0x69,0x70,0x32,0x20,0x6c,0x69,0x62,0x72,0x61,0x72,0x79,0x20,0x73,0x6f,
  0x75,0x72,0x63,0x65,0x73,0x20,0x69,0x6e,0x20,0x73,0x72,0x63,0x2f,0x74,0x68,0x69,
  0x72,0x64,0x5f,0x70,0x61,0x72,0x74,0x79,0x2f,0x62,0x7a,0x69,0x70,0x32,0x20,0x61,
  0x72,0x65,0x20,0x66,0x72,0x6f,0x6d,0x20,0x72,0x65,0x6c,0x65,0x61,0x73,0x65,0x0a,
  0x31,0x2e,0x30,0x2e,0x38,0x2e,0x20,0x54,0x68,0x65,0x69,0x72,0x20,0x6c,0x69,0x63,
  0x65,0x6e,0x73,0x65,0x20,0x69,0x73,0x20,0x72,0x65,0x74,0x61,0x69,0x6e,0x65,0x64,
  0x20,0x74,0x68,0x65,0x72,0x65,0x20,0x61,0x6e,0x64,0x20,0x69,0x6e,0x20,0x4c,0x49,
  0x43,0x45,0x4e,0x53,0x45,0x53,0x2f,0x62,0x7a,0x69,0x70,0x32,0x2e,0x74,0x78,0x74,
  0x2e,0x20,0x54,0x68,0x65,0x20,0x63,0x6f,0x6d,0x70,0x6c,0x65,0x74,0x65,0x0a,0x75,
  0x70,0x73,0x74,0x72,0x65,0x61,0x6d,0x20,0x64,0x69,0x73,0x74,0x72,0x69,0x62,0x75,
  0x74,0x69,0x6f,0x6e,0x2c,0x20,0x69,0x6e,0x63,0x6c,0x75,0x64,0x69,0x6e,0x67,0x20,
  0x74,0x68,0x65,0x20,0x52,0x45,0x41,0x44,0x4d,0x45,0x20,0x72,0x65,0x66,0x65,0x72,
  0x65,0x6e,0x63,0x65,0x64,0x20,0x62,0x79,0x20,0x69,0x74,0x73,0x20,0x73,0x6f,0x75,
  0x72,0x63,0x65,0x20,0x68,0x65,0x61,0x64,0x65,0x72,0x73,0x2c,0x0a,0x69,0x73,0x20,
  0x61,0x76,0x61,0x69,0x6c,0x61,0x62,0x6c,0x65,0x20,0x61,0x74,0x20,0x68,0x74,0x74,
  0x70,0x73,0x3a,0x2f,0x2f,0x73,0x6f,0x75,0x72,0x63,0x65,0x77,0x61,0x72,0x65,0x2e,
  0x6f,0x72,0x67,0x2f,0x70,0x75,0x62,0x2f,0x62,0x7a,0x69,0x70,0x32,0x2f,0x62,0x7a,
  0x69,0x70,0x32,0x2d,0x31,0x2e,0x30,0x2e,0x38,0x2e,0x74,0x61,0x72,0x2e,0x67,0x7a,
  0x2e,0x0a,0x0a,0x54,0x68,0x65,0x20,0x73,0x74,0x62,0x20,0x69,0x6d,0x61,0x67,0x65,
  0x20,0x77,0x72,0x69,0x74,0x65,0x72,0x20,0x61,0x6e,0x64,0x20,0x54,0x72,0x75,0x65,
  0x54,0x79,0x70,0x65,0x20,0x72,0x61,0x73,0x74,0x65,0x72,0x69,0x7a,0x65,0x72,0x20,
  0x69,0x6e,0x20,0x73,0x72,0x63,0x2f,0x74,0x68,0x69,0x72,0x64,0x5f,0x70,0x61,0x72,
  0x74,0x79,0x2f,0x73,0x74,0x62,0x20,0x72,0x65,0x74,0x61,0x69,0x6e,0x20,0x74,0x68,
  0x65,0x69,0x72,0x0a,0x75,0x70,0x73,0x74,0x72,0x65,0x61,0x6d,0x20,0x63,0x72,0x65,
  0x64,0x69,0x74,0x73,0x20,0x61,0x6e,0x64,0x20,0x63,0x6f,0x6d,0x70,0x6c,0x65,0x74,
  0x65,0x20,0x6c,0x69,0x63,0x65,0x6e,0x73,0x65,0x20,0x61,0x6c,0x74,0x65,0x72,0x6e,
  0x61,0x74,0x69,0x76,0x65,0x73,0x20,0x69,0x6e,0x20,0x74,0x68,0x65,0x69,0x72,0x20,
  0x68,0x65,0x61,0x64,0x65,0x72,0x73,0x2e,0x20,0x54,0x68,0x69,0x73,0x20,0x70,0x72,
  0x6f,0x6a,0x65,0x63,0x74,0x0a,0x75,0x73,0x65,0x73,0x20,0x74,0x68,0x65,0x69,0x72,
  0x20,0x4d,0x49,0x54,0x20,0x6c,0x69,0x63,0x65,0x6e,0x73,0x65,0x20,0x6f,0x70,0x74,
  0x69,0x6f,0x6e,0x2e,0x20,0x54,0x68,0x65,0x20,0x54,0x72,0x75,0x65,0x54,0x79,0x70,
  0x65,0x20,0x68,0x65,0x61,0x64,0x65,0x72,0x27,0x73,0x20,0x77,0x61,0x72,0x6e,0x69,
  0x6e,0x67,0x20,0x61,0x62,0x6f,0x75,0x74,0x20,0x75,0x6e,0x74,0x72,0x75,0x73,0x74,
  0x65,0x64,0x20,0x66,0x6f,0x6e,0x74,0x73,0x0a,0x72,0x65,0x6d,0x61,0x69,0x6e,0x73,
  0x20,0x61,0x70,0x70,0x6c,0x69,0x63,0x61,0x62,0x6c,0x65,0x3b,0x20,0x76,0x65,0x6e,
  0x64,0x6f,0x72,0x69,0x6e,0x67,0x20,0x74,0x68,0x65,0x20,0x73,0x6f,0x75,0x72,0x63,
  0x65,0x20,0x64,0x6f,0x65,0x73,0x20,0x6e,0x6f,0x74,0x20,0x61,0x64,0x64,0x20,0x69,
  0x6e,0x70,0x75,0x74,0x2d,0x73,0x61,0x66,0x65,0x74,0x79,0x20,0x67,0x75,0x61,0x72,
  0x61,0x6e,0x74,0x65,0x65,0x73,0x2e,0x0a,0x0a,0x3d,0x3d,0x3d,0x3d,0x3d,0x3d,0x3d,
  0x3d,0x3d,0x3d,0x3d,0x3d,0x3d,0x3d,0x3d,0x3d,0x3d,0x3d,0x3d,0x3d,0x3d,0x3d,0x3d,
  0x3d,0x3d,0x3d,0x3d,0x3d,0x3d,0x3d,0x3d,0x3d,0x3d,0x3d,0x3d,0x3d,0x3d,0x3d,0x3d,
  0x3d,0x3d,0x3d,0x3d,0x3d,0x3d,0x3d,0x3d,0x3d,0x3d,0x3d,0x3d,0x3d,0x3d,0x3d,0x3d,
  0x3d,0x3d,0x3d,0x3d,0x3d,0x3d,0x3d,0x3d,0x3d,0x3d,0x3d,0x3d,0x3d,0x3d,0x3d,0x3d,
  0x3d,0x0a,0x54,0x48,0x49,0x52,0x44,0x5f,0x50,0x41,0x52,0x54,0x59,0x5f,0x4e,0x4f,
  0x54,0x49,0x43,0x45,0x53,0x2e,0x6d,0x64,0x0a,0x3d,0x3d,0x3d,0x3d,0x3d,0x3d,0x3d,
  0x3d,0x3d,0x3d,0x3d,0x3d,0x3d,0x3d,0x3d,0x3d,0x3d,0x3d,0x3d,0x3d,0x3d,0x3d,0x3d,
  0x3d,0x3d,0x3d,0x3d,0x3d,0x3d,0x3d,0x3d,0x3d,0x3d,0x3d,0x3d,0x3d,0x3d,0x3d,0x3d,
  0x3d,0x3d,0x3d,0x3d,0x3d,0x3d,0x3d,0x3d,0x3d,0x3d,0x3d,0x3d,0x3d,0x3d,0x3d,0x3d,
  0x3d,0x3d,0x3d,0x3d,0x3d,0x3d,0x3d,0x3d,0x3d,0x3d,0x3d,0x3d,0x3d,0x3d,0x3d,0x3d,
  0x3d,0x0a,0x3c,0x21,0x2d,0x2d,0x20,0x53,0x50,0x44,0x58,0x2d,0x4c,0x69,0x63,0x65,
  0x6e,0x73,0x65,0x2d,0x49,0x64,0x65,0x6e,0x74,0x69,0x66,0x69,0x65,0x72,0x3a,0x20,
  0x4d,0x49,0x54,0x20,0x2d,0x2d,0x3e,0x0a,0x3c,0x21,0x2d,0x2d,0x20,0x43,0x6f,0x70,
  0x79,0x72,0x69,0x67,0x68,0x74,0x20,0x28,0x63,0x29,0x20,0x32,0x30,0x32,0x36,0x20,
  0x72,0x65,0x74,0x72,0x6f,0x64,0x69,0x76,0x20,0x3c,0x72,0x65,0x74,0x72,0x6f,0x64,
  0x69,0x76,0x40,0x70,0x72,0x6f,0x74,0x6f,0x6e,0x2e,0x6d,0x65,0x3e,0x20,0x2d,0x2d,
  0x3e,0x0a,0x0a,0x23,0x20,0x54,0x68,0x69,0x72,0x64,0x2d,0x70,0x61,0x72,0x74,0x79,
  0x20,0x6e,0x6f,0x74,0x69,0x63,0x65,0x73,0x0a,0x0a,0x41,0x6e,0x79,0x47,0x4d,0x20,
  0x66,0x69,0x72,0x73,0x74,0x2d,0x70,0x61,0x72,0x74,0x79,0x20,0x63,0x6f,0x64,0x65,
  0x20,0x69,0x73,0x20,0x6c,0x69,0x63,0x65,0x6e,0x73,0x65,0x64,0x20,0x75,0x6e,0x64,
  0x65,0x72,0x20,0x74,0x68,0x65,0x20,0x72,0x65,0x70,0x6f,0x73,0x69,0x74,0x6f,0x72,
  0x79,0x20,0x4d,0x49,0x54,0x20,0x4c,0x69,0x63,0x65,0x6e,0x73,0x65,0x2e,0x20,0x42,
  0x75,0x6e,0x64,0x6c,0x65,0x64,0x0a,0x74,0x68,0x69,0x72,0x64,0x2d,0x70,0x61,0x72,
  0x74,0x79,0x20,0x63,0x6f,0x6d,0x70,0x6f,0x6e,0x65,0x6e,0x74,0x73,0x20,0x61,0x6e,
  0x64,0x20,0x64,0x65,0x72,0x69,0x76,0x65,0x64,0x20,0x64,0x61,0x74,0x61,0x20,0x72,
  0x65,0x74,0x61,0x69,0x6e,0x20,0x74,0x68,0x65,0x69,0x72,0x20,0x6f,0x77,0x6e,0x20,
  0x74,0x65,0x72,0x6d,0x73,0x20,0x61,0x6e,0x64,0x20,0x6e,0x6f,0x74,0x69,0x63,0x65,
  0x73,0x2c,0x0a,0x69,0x6e,0x63,0x6c,0x75,0x64,0x69,0x6e,0x67,0x20,0x74,0x68,0x65,
  0x69,0x72,0x20,0x6f,0x72,0x69,0x67,0x69,0x6e,0x61,0x6c,0x20,0x63,0x6f,0x70,0x79,
  0x72,0x69,0x67,0x68,0x74,0x20,0x79,0x65,0x61,0x72,0x73,0x2e,0x0a,0x0a,0x7c,0x20,
  0x43,0x6f,0x6d,0x70,0x6f,0x6e,0x65,0x6e,0x74,0x20,0x7c,0x20,0x4c,0x6f,0x63,0x61,
  0x74,0x69,0x6f,0x6e,0x20,0x7c,0x20,0x54,0x65,0x72,0x6d,0x73,0x20,0x7c,0x0a,0x7c,
  0x20,0x2d,0x2d,0x2d,0x20,0x7c,0x20,0x2d,0x2d,0x2d,0x20,0x7c,0x20,0x2d,0x2d,0x2d,
  0x20,0x7c,0x0a,0x7c,0x20,0x42,0x6f,0x78,0x32,0x44,0x20,0x7c,0x20,0x60,0x73,0x72,
  0x63,0x2f,0x74,0x68,0x69,0x72,0x64,0x5f,0x70,0x61,0x72,0x74,0x79,0x2f,0x62,0x6f,
  0x78,0x32,0x64,0x2f,0x60,0x20,0x7c,0x20,0x4d,0x49,0x54,0x2c,0x20,0x72,0x65,0x70,
  0x72,0x6f,0x64,0x75,0x63,0x65,0x64,0x20,0x69,0x6e,0x20,0x60,0x4c,0x49,0x43,0x45,
  0x4e,0x53,0x45,0x53,0x2f,0x62,0x6f,0x78,0x32,0x64,0x2e,0x74,0x78,0x74,0x60,0x20,
  0x7c,0x0a,0x7c,0x20,0x62,0x7a,0x69,0x70,0x32,0x20,0x7c,0x20,0x60,0x73,0x72,0x63,
  0x2f,0x74,0x68,0x69,0x72,0x64,0x5f,0x70,0x61,0x72,0x74,0x79,0x2f,0x62,0x7a,0x69,
  0x70,0x32,0x2f,0x60,0x20,0x7c,0x20,0x62,0x7a,0x69,0x70,0x32,0x20,0x6c,0x69,0x63,
  0x65,0x6e,0x73,0x65,0x20,0x69,0x6e,0x20,0x60,0x4c,0x49,0x43,0x45,0x4e,0x53,0x45,
  0x53,0x2f,0x62,0x7a,0x69,0x70,0x32,0x2e,0x74,0x78,0x74,0x60,0x20,0x7c,0x0a,0x7c,
  0x20,0x78,0x64,0x65,0x6c,0x74,0x61,0x33,0x20,0x56,0x43,0x44,0x49,0x46,0x46,0x20,
  0x64,0x65,0x63,0x6f,0x64,0x65,0x72,0x2c,0x20,0x77,0x69,0x74,0x68,0x20,0x62,0x6f,
  0x75,0x6e,0x64,0x65,0x64,0x2d,0x6d,0x65,0x6d,0x6f,0x72,0x79,0x20,0x69,0x6e,0x74,
  0x65,0x67,0x72,0x61,0x74,0x69,0x6f,0x6e,0x20,0x63,0x68,0x61,0x6e,0x67,0x65,0x73,
  0x20,0x7c,0x20,0x60,0x73,0x72,0x63,0x2f,0x74,0x68,0x69,0x72,0x64,0x5f,0x70,0x61,
  0x72,0x74,0x79,0x2f,0x78,0x64,0x65,0x6c,0x74,0x61,0x33,0x2f,0x60,0x20,0x7c,0x20,
  0x41,0x70,0x61,0x63,0x68,0x65,0x2d,0x32,0x2e,0x30,0x2c,0x20,0x72,0x65,0x70,0x72,
  0x6f,0x64,0x75,0x63,0x65,0x64,0x20,0x69,0x6e,0x20,0x60,0x4c,0x49,0x43,0x45,0x4e,
  0x53,0x45,0x53,0x2f,0x78,0x64,0x65,0x6c,0x74,0x61,0x33,0x2e,0x74,0x78,0x74,0x60,
  0x20,0x7c,0x0a,0x7c,0x20,0x6c,0x69,0x62,0x6c,0x7a,0x6d,0x61,0x20,0x64,0x65,0x63,
  0x6f,0x64,0x65,0x72,0x20,0x66,0x72,0x6f,0x6d,0x20,0x58,0x5a,0x20,0x55,0x74,0x69,
  0x6c,0x73,0x20,0x7c,0x20,0x60,0x73,0x72,0x63,0x2f,0x74,0x68,0x69,0x72,0x64,0x5f,
  0x70,0x61,0x72,0x74,0x79,0x2f,0x6c,0x69,0x62,0x6c,0x7a,0x6d,0x61,0x2f,0x60,0x20,
  0x7c,0x20,0x30,0x42,0x53,0x44,0x2c,0x20,0x72,0x65,0x70,0x72,0x6f,0x64,0x75,0x63,
  0x65,0x64,0x20,0x69,0x6e,0x20,0x60,0x4c,0x49,0x43,0x45,0x4e,0x53,0x45,0x53,0x2f,
  0x6c,0x69,0x62,0x6c,0x7a,0x6d,0x61,0x2e,0x74,0x78,0x74,0x60,0x20,0x7c,0x0a,0x7c,
  0x20,0x6c,0x69,0x62,0x72,0x65,0x74,0x72,0x6f,0x20,0x41,0x50,0x49,0x20,0x68,0x65,
  0x61,0x64,0x65,0x72,0x20,0x7c,0x20,0x60,0x73,0x72,0x63,0x2f,0x74,0x68,0x69,0x72,
  0x64,0x5f,0x70,0x61,0x72,0x74,0x79,0x2f,0x6c,0x69,0x62,0x72,0x65,0x74,0x72,0x6f,
  0x2f,0x69,0x6e,0x63,0x6c,0x75,0x64,0x65,0x2f,0x6c,0x69,0x62,0x72,0x65,0x74,0x72,
  0x6f,0x2e,0x68,0x60,0x20,0x7c,0x20,0x4d,0x49,0x54,0x2c,0x20,0x72,0x65,0x70,0x72,
  0x6f,0x64,0x75,0x63,0x65,0x64,0x20,0x69,0x6e,0x20,0x60,0x4c,0x49,0x43,0x45,0x4e,
  0x53,0x45,0x53,0x2f,0x6c,0x69,0x62,0x72,0x65,0x74,0x72,0x6f,0x2e,0x74,0x78,0x74,
  0x60,0x20,0x7c,0x0a,0x7c,0x20,0x6d,0x69,0x6e,0x69,0x6d,0x70,0x33,0x20,0x7c,0x20,
  0x60,0x73,0x72,0x63,0x2f,0x74,0x68,0x69,0x72,0x64,0x5f,0x70,0x61,0x72,0x74,0x79,
  0x2f,0x6d,0x69,0x6e,0x69,0x6d,0x70,0x33,0x2f,0x60,0x20,0x7c,0x20,0x43,0x43,0x30,
  0x2c,0x20,0x72,0x65,0x70,0x72,0x6f,0x64,0x75,0x63,0x65,0x64,0x20,0x69,0x6e,0x20,
  0x60,0x4c,0x49,0x43,0x45,0x4e,0x53,0x45,0x53,0x2f,0x6d,0x69,0x6e,0x69,0x6d,0x70,
  0x33,0x2e,0x74,0x78,0x74,0x60,0x20,0x7c,0x0a,0x7c,0x20,0x50,0x78,0x74,0x6f,0x6e,
  0x65,0x20,0x70,0x6c,0x61,0x79,0x62,0x61,0x63,0x6b,0x20,0x73,0x6f,0x75,0x72,0x63,
  0x65,0x73,0x20,0x61,0x6e,0x64,0x20,0x66,0x6f,0x72,0x6b,0x20,0x63,0x6f,0x6e,0x74,
  0x72,0x69,0x62,0x75,0x74,0x69,0x6f,0x6e,0x73,0x20,0x7c,0x20,0x60,0x73,0x72,0x63,
  0x2f,0x74,0x68,0x69,0x72,0x64,0x5f,0x70,0x61,0x72,0x74,0x79,0x2f,0x70,0x78,0x74,
  0x6f,0x6e,0x65,0x2f,0x60,0x20,0x7c,0x20,0x53,0x74,0x75,0x64,0x69,0x6f,0x20,0x50,
  0x69,0x78,0x65,0x6c,0x27,0x73,0x20,0x70,0x6c,0x61,0x79,0x62,0x61,0x63,0x6b,0x2d,
  0x73,0x6f,0x75,0x72,0x63,0x65,0x20,0x74,0x65,0x72,0x6d,0x73,0x20,0x69,0x6e,0x20,
  0x60,0x4c,0x49,0x43,0x45,0x4e,0x53,0x45,0x53,0x2f,0x70,0x78,0x74,0x6f,0x6e,0x65,
  0x2e,0x74,0x78,0x74,0x60,0x20,0x61,0x6e,0x64,0x20,0x60,0x73,0x72,0x63,0x2f,0x74,
  0x68,0x69,0x72,0x64,0x5f,0x70,0x61,0x72,0x74,0x79,0x2f,0x70,0x78,0x74,0x6f,0x6e,
  0x65,0x2f,0x4c,0x49,0x43,0x45,0x4e,0x53,0x45,0x2e,0x74,0x78,0x74,0x60,0x3b,0x20,
  0x73,0x6f,0x75,0x72,0x63,0x65,0x20,0x61,0x6e,0x64,0x20,0x63,0x6f,0x6e,0x74,0x72,
  0x69,0x62,0x75,0x74,0x69,0x6f,0x6e,0x73,0x20,0x63,0x72,0x65,0x64,0x69,0x74,0x65,
  0x64,0x20,0x62,0x65,0x6c,0x6f,0x77,0x20,0x7c,0x0a,0x7c,0x20,0x73,0x74,0x62,0x20,
  0x69,0x6d,0x61,0x67,0x65,0x2c,0x20,0x69,0x6d,0x61,0x67,0x65,0x20,0x77,0x72,0x69,
  0x74,0x65,0x2c,0x20,0x54,0x72,0x75,0x65,0x54,0x79,0x70,0x65,0x2c,0x20,0x61,0x6e,
  0x64,0x20,0x56,0x6f,0x72,0x62,0x69,0x73,0x20,0x7c,0x20,0x60,0x73,0x72,0x63,0x2f,
  0x74,0x68,0x69,0x72,0x64,0x5f,0x70,0x61,0x72,0x74,0x79,0x2f,0x73,0x74,0x62,0x2f,
  0x60,0x20,0x7c,0x20,0x4d,0x49,0x54,0x20,0x6f,0x70,0x74,0x69,0x6f,0x6e,0x2c,0x20,
  0x72,0x65,0x70,0x72,0x6f,0x64,0x75,0x63,0x65,0x64,0x20,0x69,0x6e,0x20,0x60,0x4c,
  0x49,0x43,0x45,0x4e,0x53,0x45,0x53,0x2f,0x73,0x74,0x62,0x2e,0x74,0x78,0x74,0x60,
  0x20,0x7c,0x0a,0x7c,0x20,0x77,0x77,0x32,0x6f,0x67,0x67,0x20,0x57,0x77,0x69,0x73,
  0x65,0x20,0x56,0x6f,0x72,0x62,0x69,0x73,0x20,0x72,0x65,0x63,0x6f,0x6e,0x73,0x74,
  0x72,0x75,0x63,0x74,0x69,0x6f,0x6e,0x2c,0x20,0x61,0x64,0x61,0x70,0x74,0x65,0x64,
  0x20,0x74,0x6f,0x20,0x72,0x65,0x61,0x64,0x20,0x66,0x72,0x6f,0x6d,0x20,0x6d,0x65,
  0x6d,0x6f,0x72,0x79,0x20,0x28,0x73,0x65,0x65,0x20,0x5b,0x50,0x72,0x6f,0x76,0x65,
  0x6e,0x61,0x6e,0x63,0x65,0x5d,0x28,0x64,0x6f,0x63,0x73,0x2f,0x50,0x52,0x4f,0x56,
  0x45,0x4e,0x41,0x4e,0x43,0x45,0x2e,0x6d,0x64,0x29,0x29,0x20,0x7c,0x20,0x60,0x73,
  0x72,0x63,0x2f,0x74,0x68,0x69,0x72,0x64,0x5f,0x70,0x61,0x72,0x74,0x79,0x2f,0x77,
  0x77,0x32,0x6f,0x67,0x67,0x2f,0x60,0x20,0x7c,0x20,0x42,0x53,0x44,0x2d,0x33,0x2d,
  0x43,0x6c,0x61,0x75,0x73,0x65,0x2d,0x73,0x74,0x79,0x6c,0x65,0x20,0x74,0x65,0x72,
  0x6d,0x73,0x2c,0x20,0x72,0x65,0x70,0x72,0x6f,0x64,0x75,0x63,0x65,0x64,0x20,0x69,
  0x6e,0x20,0x60,0x4c,0x49,0x43,0x45,0x4e,0x53,0x45,0x53,0x2f,0x77,0x77,0x32,0x6f,
  0x67,0x67,0x2e,0x74,0x78,0x74,0x60,0x20,0x7c,0x0a,0x7c,0x20,0x4c,0x69,0x62,0x65,
  0x72,0x61,0x74,0x69,0x6f,0x6e,0x20,0x53,0x61,0x6e,0x73,0x2d,0x64,0x65,0x72,0x69,
  0x76,0x65,0x64,0x20,0x67,0x6c,0x79,0x70,0x68,0x20,0x63,0x6f,0x76,0x65,0x72,0x61,
  0x67,0x65,0x20,0x7c,0x20,0x60,0x73,0x72,0x63,0x2f,0x67,0x65,0x6e,0x65,0x72,0x61,
  0x74,0x65,0x64,0x2f,0x67,0x6d,0x6c,0x5f,0x64,0x65,0x66,0x61,0x75,0x6c,0x74,0x5f,
  0x66,0x6f,0x6e,0x74,0x5f,0x64,0x61,0x74,0x61,0x2e,0x68,0x60,0x2c,0x20,0x60,0x73,
  0x72,0x63,0x2f,0x67,0x65,0x6e,0x65,0x72,0x61,0x74,0x65,0x64,0x2f,0x67,0x6d,0x6c,
  0x5f,0x63,0x6c,0x61,0x73,0x73,0x69,0x63,0x5f,0x69,0x6e,0x66,0x6f,0x5f,0x66,0x6f,
  0x6e,0x74,0x5f,0x64,0x61,0x74,0x61,0x2e,0x68,0x60,0x20,0x7c,0x20,0x53,0x49,0x4c,
  0x20,0x4f,0x70,0x65,0x6e,0x20,0x46,0x6f,0x6e,0x74,0x20,0x4c,0x69,0x63,0x65,0x6e,
  0x73,0x65,0x20,0x69,0x6e,0x20,0x60,0x4c,0x49,0x43,0x45,0x4e,0x53,0x45,0x53,0x2f,
  0x66,0x6f,0x6e,0x74,0x2d,0x6f,0x66,0x6c,0x2d,0x31,0x2e,0x31,0x2e,0x74,0x78,0x74,
  0x60,0x20,0x7c,0x0a,0x7c,0x20,0x52,0x6f,0x62,0x6f,0x74,0x6f,0x20,0x4d,0x6f,0x6e,
  0x6f,0x2d,0x64,0x65,0x72,0x69,0x76,0x65,0x64,0x20,0x67,0x6c,0x79,0x70,0x68,0x20,
  0x63,0x6f,0x76,0x65,0x72,0x61,0x67,0x65,0x20,0x7c,0x20,0x60,0x73,0x72,0x63,0x2f,
  0x67,0x65,0x6e,0x65,0x72,0x61,0x74,0x65,0x64,0x2f,0x67,0x6d,0x6c,0x5f,0x73,0x74,
  0x75,0x64,0x69,0x6f,0x5f,0x64,0x65,0x66,0x61,0x75,0x6c,0x74,0x5f,0x66,0x6f,0x6e,
  0x74,0x5f,0x64,0x61,0x74,0x61,0x2e,0x68,0x60,0x20,0x7c,0x20,0x53,0x49,0x4c,0x20,
  0x4f,0x70,0x65,0x6e,0x20,0x46,0x6f,0x6e,0x74,0x20,0x4c,0x69,0x63,0x65,0x6e,0x73,
  0x65,0x20,0x69,0x6e,0x20,0x60,0x4c,0x49,0x43,0x45,0x4e,0x53,0x45,0x53,0x2f,0x66,
  0x6f,0x6e,0x74,0x2d,0x72,0x6f,0x62,0x6f,0x74,0x6f,0x2d,0x6d,0x6f,0x6e,0x6f,0x2d,
  0x6f,0x66,0x6c,0x2d,0x31,0x2e,0x31,0x2e,0x74,0x78,0x74,0x60,0x20,0x7c,0x0a,0x7c,
  0x20,0x58,0x69,0x70,0x68,0x20,0x6c,0x69,0x62,0x76,0x6f,0x72,0x62,0x69,0x73,0x2d,
  0x64,0x65,0x72,0x69,0x76,0x65,0x64,0x20,0x56,0x6f,0x72,0x62,0x69,0x73,0x20,0x73,
  0x65,0x74,0x75,0x70,0x20,0x70,0x61,0x63,0x6b,0x65,0x74,0x73,0x20,0x7c,0x20,0x60,
  0x73,0x72,0x63,0x2f,0x67,0x65,0x6e,0x65,0x72,0x61,0x74,0x65,0x64,0x2f,0x61,0x75,
  0x64,0x69,0x6f,0x5f,0x73,0x65,0x74,0x75,0x70,0x5f,0x64,0x61,0x74,0x61,0x2e,0x68,
  0x60,0x20,0x7c,0x20,0x42,0x53,0x44,0x20,0x74,0x65,0x72,0x6d,0x73,0x20,0x69,0x6e,
  0x20,0x60,0x4c,0x49,0x43,0x45,0x4e,0x53,0x45,0x53,0x2f,0x6c,0x69,0x62,0x76,0x6f,
  0x72,0x62,0x69,0x73,0x2d,0x31,0x2e,0x33,0x2e,0x37,0x2e,0x74,0x78,0x74,0x60,0x20,
  0x7c,0x0a,0x7c,0x20,0x58,0x69,0x70,0x68,0x20,0x6c,0x69,0x62,0x76,0x6f,0x72,0x62,
  0x69,0x73,0x2d,0x64,0x65,0x72,0x69,0x76,0x65,0x64,0x20,0x70,0x61,0x63,0x6b,0x65,
  0x64,0x20,0x57,0x77,0x69,0x73,0x65,0x20,0x63,0x6f,0x64,0x65,0x62,0x6f,0x6f,0x6b,
  0x73,0x20,0x7c,0x20,0x60,0x73,0x72,0x63,0x2f,0x67,0x65,0x6e,0x65,0x72,0x61,0x74,
  0x65,0x64,0x2f,0x77,0x77,0x69,0x73,0x65,0x5f,0x63,0x6f,0x64,0x65,0x62,0x6f,0x6f,
  0x6b,0x73,0x2e,0x68,0x60,0x20,0x7c,0x20,0x42,0x53,0x44,0x20,0x74,0x65,0x72,0x6d,
  0x73,0x20,0x69,0x6e,0x20,0x60,0x4c,0x49,0x43,0x45,0x4e,0x53,0x45,0x53,0x2f,0x6c,
  0x69,0x62,0x76,0x6f,0x72,0x62,0x69,0x73,0x2d,0x31,0x2e,0x32,0x2e,0x30,0x2e,0x74,
  0x78,0x74,0x60,0x20,0x7c,0x0a,0x7c,0x20,0x58,0x69,0x70,0x68,0x20,0x6c,0x69,0x62,
  0x6f,0x67,0x67,0x20,0x75,0x73,0x65,0x64,0x20,0x62,0x79,0x20,0x74,0x68,0x65,0x20,
  0x6f,0x70,0x74,0x69,0x6f,0x6e,0x61,0x6c,0x20,0x61,0x75,0x64,0x69,0x6f,0x2d,0x64,
  0x61,0x74,0x61,0x20,0x67,0x65,0x6e,0x65,0x72,0x61,0x74,0x6f,0x72,0x20,0x7c,0x20,
  0x60,0x74,0x6f,0x6f,0x6c,0x73,0x2f,0x61,0x75,0x64,0x69,0x6f,0x67,0x65,0x6e,0x2f,
  0x60,0x20,0x62,0x75,0x69,0x6c,0x64,0x2d,0x74,0x69,0x6d,0x65,0x20,0x64,0x65,0x70,
  0x65,0x6e,0x64,0x65,0x6e,0x63,0x79,0x2c,0x20,0x6e,0x6f,0x74,0x20,0x6c,0x69,0x6e,
  0x6b,0x65,0x64,0x20,0x69,0x6e,0x74,0x6f,0x20,0x74,0x68,0x65,0x20,0x63,0x6f,0x72,
  0x65,0x20,0x7c,0x20,0x42,0x53,0x44,0x20,0x74,0x65,0x72,0x6d,0x73,0x20,0x69,0x6e,
  0x20,0x60,0x4c,0x49,0x43,0x45,0x4e,0x53,0x45,0x53,0x2f,0x6c,0x69,0x62,0x6f,0x67,
  0x67,0x2e,0x74,0x78,0x74,0x60,0x20,0x7c,0x0a,0x7c,0x20,0x46,0x4d,0x4f,0x44,0x20,
  0x53,0x74,0x75,0x64,0x69,0x6f,0x20,0x62,0x61,0x6e,0x6b,0x20,0x6d,0x65,0x74,0x61,
  0x64,0x61,0x74,0x61,0x20,0x72,0x65,0x61,0x64,0x65,0x72,0x20,0x7c,0x20,0x60,0x73,
  0x72,0x63,0x2f,0x61,0x75,0x64,0x69,0x6f,0x2f,0x62,0x61,0x6e,0x6b,0x73,0x2f,0x67,
  0x6d,0x6c,0x5f,0x66,0x6d,0x6f,0x64,0x2e,0x63,0x60,0x20,0x7c,0x20,0x41,0x64,0x61,
  0x70,0x74,0x65,0x64,0x20,0x70,0x6f,0x72,0x74,0x69,0x6f,0x6e,0x73,0x20,0x72,0x65,
  0x74,0x61,0x69,0x6e,0x20,0x41,0x70,0x61,0x63,0x68,0x65,0x2d,0x32,0x2e,0x30,0x20,
  0x74,0x65,0x72,0x6d,0x73,0x3b,0x20,0x73,0x65,0x65,0x20,0x60,0x4e,0x4f,0x54,0x49,
  0x43,0x45,0x60,0x2c,0x20,0x60,0x4c,0x49,0x43,0x45,0x4e,0x53,0x45,0x53,0x2f,0x66,
  0x6d,0x6f,0x64,0x62,0x61,0x6e,0x6b,0x70,0x61,0x72,0x73,0x65,0x72,0x2e,0x74,0x78,
  0x74,0x60,0x2c,0x20,0x61,0x6e,0x64,0x20,0x60,0x4c,0x49,0x43,0x45,0x4e,0x53,0x45,
  0x53,0x2f,0x66,0x6d,0x6f,0x64,0x62,0x61,0x6e,0x6b,0x70,0x61,0x72,0x73,0x65,0x72,
  0x2d,0x4e,0x4f,0x54,0x49,0x43,0x45,0x2e,0x74,0x78,0x74,0x60,0x20,0x7c,0x0a,0x0a,
  0x54,0x68,0x65,0x20,0x50,0x78,0x74,0x6f,0x6e,0x65,0x20,0x70,0x6c,0x61,0x79,0x62,
  0x61,0x63,0x6b,0x20,0x73,0x6f,0x75,0x72,0x63,0x65,0x73,0x20,0x61,0x72,0x65,0x20,
  0x73,0x65,0x6c,0x65,0x63,0x74,0x65,0x64,0x20,0x66,0x72,0x6f,0x6d,0x20,0x74,0x68,
  0x65,0x20,0x70,0x75,0x62,0x6c,0x69,0x63,0x20,0x63,0x72,0x6f,0x73,0x73,0x2d,0x70,
  0x6c,0x61,0x74,0x66,0x6f,0x72,0x6d,0x20,0x66,0x6f,0x72,0x6b,0x0a,0x6d,0x61,0x69,
  0x6e,0x74,0x61,0x69,0x6e,0x65,0x64,0x20,0x62,0x79,0x20,0x45,0x77,0x61,0x6e,0x20,
  0x47,0x72,0x65,0x65,0x6e,0x2e,0x20,0x53,0x74,0x75,0x64,0x69,0x6f,0x20,0x50,0x69,
  0x78,0x65,0x6c,0x20,0x61,0x75,0x74,0x68,0x6f,0x72,0x65,0x64,0x20,0x74,0x68,0x65,
  0x20,0x6f,0x72,0x69,0x67,0x69,0x6e,0x61,0x6c,0x20,0x70,0x6c,0x61,0x79,0x62,0x61,
  0x63,0x6b,0x20,0x73,0x6f,0x75,0x72,0x63,0x65,0x73,0x2e,0x0a,0x54,0x68,0x65,0x20,
  0x66,0x6f,0x72,0x6b,0x20,0x61,0x6c,0x73,0x6f,0x20,0x72,0x65,0x63,0x6f,0x72,0x64,
  0x73,0x20,0x63,0x6f,0x6e,0x74,0x72,0x69,0x62,0x75,0x74,0x69,0x6f,0x6e,0x73,0x20,
  0x62,0x79,0x20,0x43,0x6c,0x6f,0x77,0x6e,0x61,0x63,0x79,0x2c,0x20,0x73,0x79,0x61,
  0x6e,0x6f,0x64,0x65,0x76,0x2c,0x20,0x4f,0x50,0x4e,0x41,0x32,0x36,0x30,0x38,0x20,
  0x61,0x6e,0x64,0x0a,0x43,0x68,0x72,0x69,0x73,0x74,0x6f,0x70,0x68,0x20,0x4e,0x65,
  0x69,0x64,0x61,0x68,0x6c,0x2c,0x20,0x61,0x6d,0x6f,0x6e,0x67,0x20,0x6f,0x74,0x68,
  0x65,0x72,0x73,0x2e,0x20,0x50,0x72,0x65,0x73,0x65,0x72,0x76,0x65,0x20,0x74,0x68,
  0x65,0x20,0x63,0x6f,0x6e,0x74,0x72,0x69,0x62,0x75,0x74,0x6f,0x72,0x20,0x65,0x64,
  0x69,0x74,0x20,0x6d,0x61,0x72,0x6b,0x65,0x72,0x73,0x20,0x69,0x6e,0x20,0x74,0x68,
  0x65,0x0a,0x76,0x65,0x6e,0x64,0x6f,0x72,0x65,0x64,0x20,0x63,0x6f,0x64,0x65,0x2e,
  0x20,0x54,0x68,0x65,0x20,0x4a,0x61,0x70,0x61,0x6e,0x65,0x73,0x65,0x20,0x67,0x72,
  0x61,0x6e,0x74,0x20,0x69,0x73,0x20,0x61,0x75,0x74,0x68,0x6f,0x72,0x69,0x74,0x61,
  0x74,0x69,0x76,0x65,0x3b,0x20,0x69,0x74,0x73,0x20,0x45,0x6e,0x67,0x6c,0x69,0x73,
  0x68,0x20,0x72,0x65,0x6e,0x64,0x65,0x72,0x69,0x6e,0x67,0x20,0x69,0x73,0x0a,0x75,
  0x6e,0x6f,0x66,0x66,0x69,0x63,0x69,0x61,0x6c,0x2e,0x20,0x50,0x78,0x74,0x6f,0x6e,
  0x65,0x20,0x69,0x73,0x20,0x6e,0x6f,0x74,0x20,0x72,0x65,0x6c,0x69,0x63,0x65,0x6e,
  0x73,0x65,0x64,0x20,0x61,0x73,0x20,0x66,0x69,0x72,0x73,0x74,0x2d,0x70,0x61,0x72,
  0x74,0x79,0x20,0x4d,0x49,0x54,0x20,0x63,0x6f,0x64,0x65,0x2e,0x0a,0x0a,0x54,0x68,
  0x65,0x20,0x4c,0x69,0x62,0x65,0x72,0x61,0x74,0x69,0x6f,0x6e,0x2d,0x64,0x65,0x72,
  0x69,0x76,0x65,0x64,0x20,0x68,0x65,0x61,0x64,0x65,0x72,0x73,0x20,0x63,0x6f,0x6e,
  0x74,0x61,0x69,0x6e,0x20,0x72,0x61,0x73,0x74,0x65,0x72,0x20,0x63,0x6f,0x76,0x65,
  0x72,0x61,0x67,0x65,0x20,0x61,0x6e,0x64,0x20,0x6d,0x65,0x74,0x72,0x69,0x63,0x73,
  0x2c,0x20,0x6e,0x6f,0x74,0x20,0x74,0x68,0x65,0x0a,0x66,0x6f,0x6e,0x74,0x20,0x70,
  0x72,0x6f,0x67,0x72,0x61,0x6d,0x73,0x2e,0x20,0x54,0x68,0x65,0x69,0x72,0x20,0x73,
  0x6f,0x75,0x72,0x63,0x65,0x20,0x61,0x6e,0x64,0x20,0x72,0x65,0x6e,0x64,0x65,0x72,
  0x69,0x6e,0x67,0x20,0x63,0x6f,0x6e,0x64,0x69,0x74,0x69,0x6f,0x6e,0x73,0x20,0x61,
  0x72,0x65,0x20,0x72,0x65,0x63,0x6f,0x72,0x64,0x65,0x64,0x20,0x69,0x6e,0x20,0x74,
  0x68,0x65,0x69,0x72,0x0a,0x68,0x65,0x61,0x64,0x65,0x72,0x73,0x20,0x61,0x6e,0x64,
  0x20,0x69,0x6e,0x20,0x5b,0x47,0x65,0x6e,0x65,0x72,0x61,0x74,0x65,0x64,0x2d,0x64,
  0x61,0x74,0x61,0x20,0x70,0x72,0x6f,0x76,0x65,0x6e,0x61,0x6e,0x63,0x65,0x5d,0x28,
  0x64,0x6f,0x63,0x73,0x2f,0x50,0x52,0x4f,0x56,0x45,0x4e,0x41,0x4e,0x43,0x45,0x2e,
  0x6d,0x64,0x29,0x2e,0x20,0x54,0x68,0x65,0x0a,0x52,0x6f,0x62,0x6f,0x74,0x6f,0x20,
  0x4d,0x6f,0x6e,0x6f,0x2d,0x64,0x65,0x72,0x69,0x76,0x65,0x64,0x20,0x66,0x61,0x6c,
  0x6c,0x62,0x61,0x63,0x6b,0x20,0x6c,0x69,0x6b,0x65,0x77,0x69,0x73,0x65,0x20,0x63,
  0x6f,0x6e,0x74,0x61,0x69,0x6e,0x73,0x20,0x63,0x6f,0x76,0x65,0x72,0x61,0x67,0x65,
  0x20,0x61,0x6e,0x64,0x20,0x6d,0x65,0x74,0x72,0x69,0x63,0x73,0x2c,0x20,0x77,0x69,
  0x74,0x68,0x0a,0x69,0x74,0x73,0x20,0x73,0x6f,0x75,0x72,0x63,0x65,0x20,0x61,0x6e,
  0x64,0x20,0x4f,0x46,0x4c,0x20,0x74,0x65,0x72,0x6d,0x73,0x20,0x72,0x65,0x63,0x6f,
  0x72,0x64,0x65,0x64,0x20,0x69,0x6e,0x20,0x74,0x68,0x6f,0x73,0x65,0x20,0x6c,0x6f,
  0x63,0x61,0x74,0x69,0x6f,0x6e,0x73,0x2e,0x0a,0x0a,0x54,0x68,0x65,0x20,0x56,0x6f,
  0x72,0x62,0x69,0x73,0x20,0x73,0x65,0x74,0x75,0x70,0x20,0x70,0x61,0x63,0x6b,0x65,
  0x74,0x73,0x20,0x61,0x6e,0x64,0x20,0x70,0x61,0x63,0x6b,0x65,0x64,0x20,0x63,0x6f,
  0x64,0x65,0x62,0x6f,0x6f,0x6b,0x73,0x20,0x61,0x72,0x65,0x20,0x67,0x65,0x6e,0x65,
  0x72,0x61,0x74,0x65,0x64,0x20,0x66,0x72,0x6f,0x6d,0x20,0x6c,0x69,0x63,0x65,0x6e,
  0x73,0x65,0x64,0x20,0x58,0x69,0x70,0x68,0x0a,0x73,0x6f,0x75,0x72,0x63,0x65,0x73,
  0x2e,0x20,0x54,0x68,0x65,0x20,0x6f,0x70,0x74,0x69,0x6f,0x6e,0x61,0x6c,0x20,0x67,
  0x65,0x6e,0x65,0x72,0x61,0x74,0x6f,0x72,0x20,0x61,0x63,0x63,0x65,0x70,0x74,0x73,
  0x20,0x76,0x65,0x72,0x69,0x66,0x69,0x63,0x61,0x74,0x69,0x6f,0x6e,0x20,0x76,0x61,
  0x6c,0x75,0x65,0x73,0x20,0x66,0x72,0x6f,0x6d,0x20,0x61,0x20,0x72,0x65,0x71,0x75,
  0x69,0x72,0x65,0x64,0x0a,0x65,0x78,0x74,0x65,0x72,0x6e,0x61,0x6c,0x20,0x6d,0x61,
  0x6e,0x69,0x66,0x65,0x73,0x74,0x20,0x61,0x6e,0x64,0x20,0x64,0x6f,0x65,0x73,0x20,
  0x6e,0x6f,0x74,0x20,0x75,0x73,0x65,0x20,0x61,0x6e,0x20,0x65,0x78,0x69,0x73,0x74,
  0x69,0x6e,0x67,0x20,0x73,0x65,0x74,0x75,0x70,0x20,0x74,0x61,0x62,0x6c,0x65,0x2c,
  0x20,0x61,0x20,0x73,0x6f,0x75,0x6e,0x64,0x20,0x62,0x61,0x6e,0x6b,0x2c,0x0a,0x6d,
  0x69,0x64,0x64,0x6c,0x65,0x77,0x61,0x72,0x65,0x20,0x62,0x69,0x6e,0x61,0x72,0x79,
  0x2c,0x20,0x6f,0x72,0x20,0x64,0x65,0x63,0x6f,0x64,0x65,0x64,0x20,0x61,0x75,0x64,
  0x69,0x6f,0x20,0x61,0x73,0x20,0x61,0x20,0x67,0x65,0x6e,0x65,0x72,0x61,0x74,0x69,
  0x6f,0x6e,0x20,0x69,0x6e,0x70,0x75,0x74,0x2e,0x20,0x52,0x75,0x6e,0x74,0x69,0x6d,
  0x65,0x20,0x6c,0x6f,0x6f,0x6b,0x75,0x70,0x0a,0x69,0x64,0x65,0x6e,0x74,0x69,0x66,
  0x69,0x65,0x72,0x73,0x20,0x61,0x72,0x65,0x20,0x74,0x68,0x65,0x20,0x43,0x52,0x43,
  0x2d,0x33,0x32,0x20,0x6f,0x66,0x20,0x74,0x68,0x65,0x20,0x67,0x65,0x6e,0x65,0x72,
  0x61,0x74,0x65,0x64,0x20,0x73,0x65,0x74,0x75,0x70,0x20,0x70,0x61,0x63,0x6b,0x65,
  0x74,0x73,0x3b,0x20,0x65,0x61,0x63,0x68,0x20,0x69,0x73,0x20,0x73,0x74,0x6f,0x72,
  0x65,0x64,0x0a,0x77,0x69,0x74,0x68,0x20,0x69,0x74,0x73,0x20,0x70,0x61,0x63,0x6b,
  0x65,0x74,0x20,0x61,0x6e,0x64,0x20,0x76,0x65,0x72,0x69,0x66,0x69,0x65,0x64,0x20,
  0x61,0x67,0x61,0x69,0x6e,0x73,0x74,0x20,0x74,0x68,0x65,0x20,0x70,0x61,0x63,0x6b,
  0x65,0x74,0x20,0x62,0x79,0x74,0x65,0x73,0x2e,0x20,0x54,0x68,0x65,0x20,0x77,0x77,
  0x32,0x6f,0x67,0x67,0x20,0x6e,0x6f,0x74,0x69,0x63,0x65,0x0a,0x73,0x65,0x70,0x61,
  0x72,0x61,0x74,0x65,0x6c,0x79,0x20,0x63,0x6f,0x76,0x65,0x72,0x73,0x20,0x74,0x68,
  0x65,0x20,0x69,0x6e,0x2d,0x6d,0x65,0x6d,0x6f,0x72,0x79,0x20,0x72,0x65,0x63,0x6f,
  0x6e,0x73,0x74,0x72,0x75,0x63,0x74,0x69,0x6f,0x6e,0x20,0x69,0x6d,0x70,0x6c,0x65,
  0x6d,0x65,0x6e,0x74,0x61,0x74,0x69,0x6f,0x6e,0x2e,0x0a,0x0a,0x54,0x68,0x65,0x20,
  0x62,0x7a,0x69,0x70,0x32,0x20,0x73,0x6f,0x75,0x72,0x63,0x65,0x20,0x68,0x65,0x61,
  0x64,0x65,0x72,0x73,0x20,0x72,0x65,0x66,0x65,0x72,0x20,0x74,0x6f,0x20,0x6d,0x61,
  0x74,0x65,0x72,0x69,0x61,0x6c,0x20,0x69,0x6e,0x20,0x74,0x68,0x65,0x20,0x75,0x70,
  0x73,0x74,0x72,0x65,0x61,0x6d,0x20,0x64,0x69,0x73,0x74,0x72,0x69,0x62,0x75,0x74,
  0x69,0x6f,0x6e,0x2e,0x20,0x54,0x68,0x65,0x0a,0x63,0x6f,0x6d,0x70,0x6c,0x65,0x74,
  0x65,0x20,0x6c,0x69,0x63,0x65,0x6e,0x73,0x65,0x20,0x69,0x73,0x20,0x72,0x65,0x74,
  0x61,0x69,0x6e,0x65,0x64,0x20,0x6c,0x6f,0x63,0x61,0x6c,0x6c,0x79,0x2c,0x20,0x61,
  0x6e,0x64,0x20,0x74,0x68,0x65,0x20,0x72,0x65,0x70,0x6f,0x73,0x69,0x74,0x6f,0x72,
  0x79,0x27,0x73,0x20,0x60,0x4e,0x4f,0x54,0x49,0x43,0x45,0x60,0x20,0x69,0x64,0x65,
  0x6e,0x74,0x69,0x66,0x69,0x65,0x73,0x0a,0x74,0x68,0x65,0x20,0x75,0x70,0x73,0x74,
  0x72,0x65,0x61,0x6d,0x20,0x72,0x65,0x6c,0x65,0x61,0x73,0x65,0x20,0x61,0x6e,0x64,
  0x20,0x73,0x6f,0x75,0x72,0x63,0x65,0x20,0x6c,0x6f,0x63,0x61,0x74,0x69,0x6f,0x6e,
  0x2e,0x0a,0x0a,0x54,0x68,0x65,0x20,0x63,0x6f,0x6d,0x70,0x69,0x6c,0x65,0x64,0x20,
  0x63,0x6f,0x72,0x65,0x20,0x63,0x6f,0x6e,0x74,0x61,0x69,0x6e,0x73,0x20,0x61,0x20,
  0x63,0x6f,0x70,0x79,0x20,0x6f,0x66,0x20,0x74,0x68,0x69,0x73,0x20,0x66,0x69,0x6c,
  0x65,0x2c,0x20,0x60,0x4e,0x4f,0x54,0x49,0x43,0x45,0x60,0x2c,0x20,0x61,0x6e,0x64,
  0x20,0x65,0x76,0x65,0x72,0x79,0x20,0x72,0x65,0x67,0x75,0x6c,0x61,0x72,0x0a,0x66,
  0x69,0x6c,0x65,0x20,0x75,0x6e,0x64,0x65,0x72,0x20,0x60,0x4c,0x49,0x43,0x45,0x4e,
  0x53,0x45,0x53,0x2f,0x60,0x2e,0x20,0x44,0x69,0x73,0x74,0x72,0x69,0x62,0x75,0x74,
  0x6f,0x72,0x73,0x20,0x6d,0x75,0x73,0x74,0x20,0x73,0x74,0x69,0x6c,0x6c,0x20,0x70,
  0x72,0x65,0x73,0x65,0x6e,0x74,0x20,0x74,0x68,0x65,0x20,0x61,0x70,0x70,0x6c,0x69,
  0x63,0x61,0x62,0x6c,0x65,0x20,0x74,0x65,0x78,0x74,0x73,0x0a,0x69,0x6e,0x20,0x61,
  0x20,0x66,0x6f,0x72,0x6d,0x20,0x74,0x68,0x61,0x74,0x20,0x73,0x61,0x74,0x69,0x73,
  0x66,0x69,0x65,0x73,0x20,0x74,0x68,0x65,0x69,0x72,0x20,0x6c,0x69,0x63,0x65,0x6e,
  0x73,0x65,0x73,0x3b,0x20,0x69,0x6e,0x63,0x6c,0x75,0x64,0x69,0x6e,0x67,0x20,0x74,
  0x68,0x65,0x20,0x63,0x6f,0x6d,0x70,0x61,0x6e,0x69,0x6f,0x6e,0x20,0x66,0x69,0x6c,
  0x65,0x73,0x20,0x69,0x73,0x20,0x74,0x68,0x65,0x0a,0x63,0x6c,0x65,0x61,0x72,0x65,
  0x73,0x74,0x20,0x72,0x6f,0x75,0x74,0x65,0x20,0x77,0x68,0x65,0x6e,0x20,0x74,0x68,
  0x65,0x20,0x64,0x65,0x6c,0x69,0x76,0x65,0x72,0x79,0x20,0x63,0x68,0x61,0x6e,0x6e,
  0x65,0x6c,0x20,0x61,0x6c,0x6c,0x6f,0x77,0x73,0x20,0x69,0x74,0x2e,0x0a,0x0a,0x3d,
  0x3d,0x3d,0x3d,0x3d,0x3d,0x3d,0x3d,0x3d,0x3d,0x3d,0x3d,0x3d,0x3d,0x3d,0x3d,0x3d,
  0x3d,0x3d,0x3d,0x3d,0x3d,0x3d,0x3d,0x3d,0x3d,0x3d,0x3d,0x3d,0x3d,0x3d,0x3d,0x3d,
  0x3d,0x3d,0x3d,0x3d,0x3d,0x3d,0x3d,0x3d,0x3d,0x3d,0x3d,0x3d,0x3d,0x3d,0x3d,0x3d,
  0x3d,0x3d,0x3d,0x3d,0x3d,0x3d,0x3d,0x3d,0x3d,0x3d,0x3d,0x3d,0x3d,0x3d,0x3d,0x3d,
  0x3d,0x3d,0x3d,0x3d,0x3d,0x3d,0x3d,0x0a,0x4c,0x49,0x43,0x45,0x4e,0x53,0x45,0x53,
  0x2f,0x57,0x45,0x4c,0x4c,0x35,0x31,0x32,0x2e,0x74,0x78,0x74,0x0a,0x3d,0x3d,0x3d,
  0x3d,0x3d,0x3d,0x3d,0x3d,0x3d,0x3d,0x3d,0x3d,0x3d,0x3d,0x3d,0x3d,0x3d,0x3d,0x3d,
  0x3d,0x3d,0x3d,0x3d,0x3d,0x3d,0x3d,0x3d,0x3d,0x3d,0x3d,0x3d,0x3d,0x3d,0x3d,0x3d,
  0x3d,0x3d,0x3d,0x3d,0x3d,0x3d,0x3d,0x3d,0x3d,0x3d,0x3d,0x3d,0x3d,0x3d,0x3d,0x3d,
  0x3d,0x3d,0x3d,0x3d,0x3d,0x3d,0x3d,0x3d,0x3d,0x3d,0x3d,0x3d,0x3d,0x3d,0x3d,0x3d,
  0x3d,0x3d,0x3d,0x3d,0x3d,0x0a,0x53,0x50,0x44,0x58,0x2d,0x4c,0x69,0x63,0x65,0x6e,
  0x73,0x65,0x2d,0x49,0x64,0x65,0x6e,0x74,0x69,0x66,0x69,0x65,0x72,0x3a,0x20,0x4d,
  0x49,0x54,0x0a,0x43,0x6f,0x70,0x79,0x72,0x69,0x67,0x68,0x74,0x20,0x28,0x63,0x29,
  0x20,0x32,0x30,0x32,0x36,0x20,0x72,0x65,0x74,0x72,0x6f,0x64,0x69,0x76,0x20,0x3c,
  0x72,0x65,0x74,0x72,0x6f,0x64,0x69,0x76,0x40,0x70,0x72,0x6f,0x74,0x6f,0x6e,0x2e,
  0x6d,0x65,0x3e,0x0a,0x0a,0x57,0x45,0x4c,0x4c,0x35,0x31,0x32,0x20,0x72,0x65,0x63,
  0x75,0x72,0x72,0x65,0x6e,0x63,0x65,0x20,0x61,0x74,0x74,0x72,0x69,0x62,0x75,0x74,
  0x69,0x6f,0x6e,0x0a,0x0a,0x54,0x68,0x65,0x20,0x57,0x45,0x4c,0x4c,0x35,0x31,0x32,
  0x20,0x72,0x65,0x63,0x75,0x72,0x72,0x65,0x6e,0x63,0x65,0x20,0x69,0x73,0x20,0x61,
  0x64,0x61,0x70,0x74,0x65,0x64,0x20,0x66,0x72,0x6f,0x6d,0x20,0x43,0x68,0x72,0x69,
  0x73,0x20,0x4c,0x6f,0x6d,0x6f,0x6e,0x74,0x27,0x73,0x20,0x70,0x75,0x62,0x6c,0x69,
  0x63,0x2d,0x64,0x6f,0x6d,0x61,0x69,0x6e,0x20,0x43,0x2f,0x43,0x2b,0x2b,0x0a,0x6c,
  0x69,0x73,0x74,0x69,0x6e,0x67,0x20,0x69,0x6e,0x20,0x52,0x61,0x6e,0x64,0x6f,0x6d,
  0x20,0x4e,0x75,0x6d,0x62,0x65,0x72,0x20,0x47,0x65,0x6e,0x65,0x72,0x61,0x74,0x69,
  0x6f,0x6e,0x2c,0x20,0x70,0x61,0x67,0x65,0x20,0x38,0x2e,0x20,0x54,0x68,0x65,0x20,
  0x61,0x75,0x74,0x68,0x6f,0x72,0x27,0x73,0x20,0x70,0x75,0x62,0x6c,0x69,0x63,0x2d,
  0x64,0x6f,0x6d,0x61,0x69,0x6e,0x0a,0x73,0x74,0x61,0x74,0x65,0x6d,0x65,0x6e,0x74,
  0x20,0x61,0x63,0x63,0x6f,0x6d,0x70,0x61,0x6e,0x69,0x65,0x73,0x20,0x74,0x68,0x65,
  0x20,0x6c,0x69,0x73,0x74,0x69,0x6e,0x67,0x2c,0x20,0x61,0x6e,0x64,0x20,0x68,0x65,
  0x20,0x72,0x65,0x71,0x75,0x65,0x73,0x74,0x73,0x20,0x61,0x20,0x72,0x65,0x66,0x65,
  0x72,0x65,0x6e,0x63,0x65,0x20,0x61,0x73,0x20,0x61,0x20,0x63,0x6f,0x75,0x72,0x74,
  0x65,0x73,0x79,0x2e,0x0a,0x53,0x6f,0x75,0x72,0x63,0x65,0x3a,0x20,0x68,0x74,0x74,
  0x70,0x73,0x3a,0x2f,0x2f,0x6c,0x6f,0x6d,0x6f,0x6e,0x74,0x2e,0x6f,0x72,0x67,0x2f,
  0x70,0x61,0x70,0x65,0x72,0x73,0x2f,0x32,0x30,0x30,0x38,0x2f,0x4c,0x6f,0x6d,0x6f,
  0x6e,0x74,0x5f,0x50,0x52,0x4e,0x47,0x5f,0x32,0x30,0x30,0x38,0x2e,0x70,0x64,0x66,
  0x0a,0x0a,0x54,0x68,0x65,0x20,0x6c,0x6f,0x63,0x61,0x6c,0x20,0x61,0x64,0x61,0x70,
  0x74,0x61,0x74,0x69,0x6f,0x6e,0x20,0x75,0x73,0x65,0x73,0x20,0x66,0x69,0x78,0x65,
  0x64,0x2d,0x77,0x69,0x64,0x74,0x68,0x20,0x73,0x74,0x61,0x74,0x65,0x20,0x6f,0x77,
  0x6e,0x65,0x64,0x20,0x62,0x79,0x20,0x74,0x68,0x65,0x20,0x72,0x75,0x6e,0x74,0x69,
  0x6d,0x65,0x20,0x69,0x6e,0x73,0x74,0x61,0x6e,0x63,0x65,0x2e,0x0a,0x54,0x68,0x65,
  0x20,0x73,0x74,0x61,0x74,0x65,0x20,0x69,0x6e,0x69,0x74,0x69,0x61,0x6c,0x69,0x7a,
  0x61,0x74,0x69,0x6f,0x6e,0x20,0x61,0x6e,0x64,0x20,0x6f,0x75,0x74,0x70,0x75,0x74,
  0x20,0x73,0x63,0x61,0x6c,0x69,0x6e,0x67,0x20,0x61,0x72,0x65,0x20,0x73,0x65,0x70,
  0x61,0x72,0x61,0x74,0x65,0x20,0x66,0x72,0x6f,0x6d,0x20,0x74,0x68,0x61,0x74,0x20,
  0x6c,0x69,0x73,0x74,0x69,0x6e,0x67,0x2e,0x0a,0x54,0x68,0x65,0x20,0x53,0x50,0x44,
  0x58,0x20,0x6e,0x6f,0x74,0x69,0x63,0x65,0x20,0x61,0x62,0x6f,0x76,0x65,0x20,0x63,
  0x6f,0x76,0x65,0x72,0x73,0x20,0x74,0x68,0x69,0x73,0x20,0x65,0x78,0x70,0x6c,0x61,
  0x6e,0x61,0x74,0x6f,0x72,0x79,0x20,0x74,0x65,0x78,0x74,0x2c,0x20,0x6e,0x6f,0x74,
  0x20,0x74,0x68,0x65,0x20,0x6f,0x72,0x69,0x67,0x69,0x6e,0x61,0x6c,0x0a,0x70,0x75,
  0x62,0x6c,0x69,0x63,0x2d,0x64,0x6f,0x6d,0x61,0x69,0x6e,0x20,0x72,0x65,0x63,0x75,
  0x72,0x72,0x65,0x6e,0x63,0x65,0x2e,0x0a,0x0a,0x3d,0x3d,0x3d,0x3d,0x3d,0x3d,0x3d,
  0x3d,0x3d,0x3d,0x3d,0x3d,0x3d,0x3d,0x3d,0x3d,0x3d,0x3d,0x3d,0x3d,0x3d,0x3d,0x3d,
  0x3d,0x3d,0x3d,0x3d,0x3d,0x3d,0x3d,0x3d,0x3d,0x3d,0x3d,0x3d,0x3d,0x3d,0x3d,0x3d,
  0x3d,0x3d,0x3d,0x3d,0x3d,0x3d,0x3d,0x3d,0x3d,0x3d,0x3d,0x3d,0x3d,0x3d,0x3d,0x3d,
  0x3d,0x3d,0x3d,0x3d,0x3d,0x3d,0x3d,0x3d,0x3d,0x3d,0x3d,0x3d,0x3d,0x3d,0x3d,0x3d,
  0x3d,0x0a,0x4c,0x49,0x43,0x45,0x4e,0x53,0x45,0x53,0x2f,0x62,0x6f,0x78,0x32,0x64,
  0x2e,0x74,0x78,0x74,0x0a,0x3d,0x3d,0x3d,0x3d,0x3d,0x3d,0x3d,0x3d,0x3d,0x3d,0x3d,
  0x3d,0x3d,0x3d,0x3d,0x3d,0x3d,0x3d,0x3d,0x3d,0x3d,0x3d,0x3d,0x3d,0x3d,0x3d,0x3d,
  0x3d,0x3d,0x3d,0x3d,0x3d,0x3d,0x3d,0x3d,0x3d,0x3d,0x3d,0x3d,0x3d,0x3d,0x3d,0x3d,
  0x3d,0x3d,0x3d,0x3d,0x3d,0x3d,0x3d,0x3d,0x3d,0x3d,0x3d,0x3d,0x3d,0x3d,0x3d,0x3d,
  0x3d,0x3d,0x3d,0x3d,0x3d,0x3d,0x3d,0x3d,0x3d,0x3d,0x3d,0x3d,0x3d,0x0a,0x4d,0x49,
  0x54,0x20,0x4c,0x69,0x63,0x65,0x6e,0x73,0x65,0x0a,0x0a,0x43,0x6f,0x70,0x79,0x72,
  0x69,0x67,0x68,0x74,0x20,0x28,0x63,0x29,0x20,0x32,0x30,0x31,0x39,0x20,0x45,0x72,
  0x69,0x6e,0x20,0x43,0x61,0x74,0x74,0x6f,0x0a,0x0a,0x50,0x65,0x72,0x6d,0x69,0x73,
  0x73,0x69,0x6f,0x6e,0x20,0x69,0x73,0x20,0x68,0x65,0x72,0x65,0x62,0x79,0x20,0x67,
  0x72,0x61,0x6e,0x74,0x65,0x64,0x2c,0x20,0x66,0x72,0x65,0x65,0x20,0x6f,0x66,0x20,
  0x63,0x68,0x61,0x72,0x67,0x65,0x2c,0x20,0x74,0x6f,0x20,0x61,0x6e,0x79,0x20,0x70,
  0x65,0x72,0x73,0x6f,0x6e,0x20,0x6f,0x62,0x74,0x61,0x69,0x6e,0x69,0x6e,0x67,0x20,
  0x61,0x20,0x63,0x6f,0x70,0x79,0x0a,0x6f,0x66,0x20,0x74,0x68,0x69,0x73,0x20,0x73,
  0x6f,0x66,0x74,0x77,0x61,0x72,0x65,0x20,0x61,0x6e,0x64,0x20,0x61,0x73,0x73,0x6f,
  0x63,0x69,0x61,0x74,0x65,0x64,0x20,0x64,0x6f,0x63,0x75,0x6d,0x65,0x6e,0x74,0x61,
  0x74,0x69,0x6f,0x6e,0x20,0x66,0x69,0x6c,0x65,0x73,0x20,0x28,0x74,0x68,0x65,0x20,
  0x22,0x53,0x6f,0x66,0x74,0x77,0x61,0x72,0x65,0x22,0x29,0x2c,0x20,0x74,0x6f,0x20,
  0x64,0x65,0x61,0x6c,0x0a,0x69,0x6e,0x20,0x74,0x68,0x65,0x20,0x53,0x6f,0x66,0x74,
  0x77,0x61,0x72,0x65,0x20,0x77,0x69,0x74,0x68,0x6f,0x75,0x74,0x20,0x72,0x65,0x73,
  0x74,0x72,0x69,0x63,0x74,0x69,0x6f,0x6e,0x2c,0x20,0x69,0x6e,0x63,0x6c,0x75,0x64,
  0x69,0x6e,0x67,0x20,0x77,0x69,0x74,0x68,0x6f,0x75,0x74,0x20,0x6c,0x69,0x6d,0x69,
  0x74,0x61,0x74,0x69,0x6f,0x6e,0x20,0x74,0x68,0x65,0x20,0x72,0x69,0x67,0x68,0x74,
  0x73,0x0a,0x74,0x6f,0x20,0x75,0x73,0x65,0x2c,0x20,0x63,0x6f,0x70,0x79,0x2c,0x20,
  0x6d,0x6f,0x64,0x69,0x66,0x79,0x2c,0x20,0x6d,0x65,0x72,0x67,0x65,0x2c,0x20,0x70,
  0x75,0x62,0x6c,0x69,0x73,0x68,0x2c,0x20,0x64,0x69,0x73,0x74,0x72,0x69,0x62,0x75,
  0x74,0x65,0x2c,0x20,0x73,0x75,0x62,0x6c,0x69,0x63,0x65,0x6e,0x73,0x65,0x2c,0x20,
  0x61,0x6e,0x64,0x2f,0x6f,0x72,0x20,0x73,0x65,0x6c,0x6c,0x0a,0x63,0x6f,0x70,0x69,
  0x65,0x73,0x20,0x6f,0x66,0x20,0x74,0x68,0x65,0x20,0x53,0x6f,0x66,0x74,0x77,0x61,
  0x72,0x65,0x2c,0x20,0x61,0x6e,0x64,0x20,0x74,0x6f,0x20,0x70,0x65,0x72,0x6d,0x69,
  0x74,0x20,0x70,0x65,0x72,0x73,0x6f,0x6e,0x73,0x20,0x74,0x6f,0x20,0x77,0x68,0x6f,
  0x6d,0x20,0x74,0x68,0x65,0x20,0x53,0x6f,0x66,0x74,0x77,0x61,0x72,0x65,0x20,0x69,
  0x73,0x0a,0x66,0x75,0x72,0x6e,0x69,0x73,0x68,0x65,0x64,0x20,0x74,0x6f,0x20,0x64,
  0x6f,0x20,0x73,0x6f,0x2c,0x20,0x73,0x75,0x62,0x6a,0x65,0x63,0x74,0x20,0x74,0x6f,
  0x20,0x74,0x68,0x65,0x20,0x66,0x6f,0x6c,0x6c,0x6f,0x77,0x69,0x6e,0x67,0x20,0x63,
  0x6f,0x6e,0x64,0x69,0x74,0x69,0x6f,0x6e,0x73,0x3a,0x0a,0x0a,0x54,0x68,0x65,0x20,
  0x61,0x62,0x6f,0x76,0x65,0x20,0x63,0x6f,0x70,0x79,0x72,0x69,0x67,0x68,0x74,0x20,
  0x6e,0x6f,0x74,0x69,0x63,0x65,0x20,0x61,0x6e,0x64,0x20,0x74,0x68,0x69,0x73,0x20,
  0x70,0x65,0x72,0x6d,0x69,0x73,0x73,0x69,0x6f,0x6e,0x20,0x6e,0x6f,0x74,0x69,0x63,
  0x65,0x20,0x73,0x68,0x61,0x6c,0x6c,0x20,0x62,0x65,0x20,0x69,0x6e,0x63,0x6c,0x75,
  0x64,0x65,0x64,0x20,0x69,0x6e,0x20,0x61,0x6c,0x6c,0x0a,0x63,0x6f,0x70,0x69,0x65,
  0x73,0x20,0x6f,0x72,0x20,0x73,0x75,0x62,0x73,0x74,0x61,0x6e,0x74,0x69,0x61,0x6c,
  0x20,0x70,0x6f,0x72,0x74,0x69,0x6f,0x6e,0x73,0x20,0x6f,0x66,0x20,0x74,0x68,0x65,
  0x20,0x53,0x6f,0x66,0x74,0x77,0x61,0x72,0x65,0x2e,0x0a,0x0a,0x54,0x48,0x45,0x20,
  0x53,0x4f,0x46,0x54,0x57,0x41,0x52,0x45,0x20,0x49,0x53,0x20,0x50,0x52,0x4f,0x56,
  0x49,0x44,0x45,0x44,0x20,0x22,0x41,0x53,0x20,0x49,0x53,0x22,0x2c,0x20,0x57,0x49,
  0x54,0x48,0x4f,0x55,0x54,0x20,0x57,0x41,0x52,0x52,0x41,0x4e,0x54,0x59,0x20,0x4f,
  0x46,0x20,0x41,0x4e,0x59,0x20,0x4b,0x49,0x4e,0x44,0x2c,0x20,0x45,0x58,0x50,0x52,
  0x45,0x53,0x53,0x20,0x4f,0x52,0x0a,0x49,0x4d,0x50,0x4c,0x49,0x45,0x44,0x2c,0x20,
  0x49,0x4e,0x43,0x4c,0x55,0x44,0x49,0x4e,0x47,0x20,0x42,0x55,0x54,0x20,0x4e,0x4f,
  0x54,0x20,0x4c,0x49,0x4d,0x49,0x54,0x45,0x44,0x20,0x54,0x4f,0x20,0x54,0x48,0x45,
  0x20,0x57,0x41,0x52,0x52,0x41,0x4e,0x54,0x49,0x45,0x53,0x20,0x4f,0x46,0x20,0x4d,
  0x45,0x52,0x43,0x48,0x41,0x4e,0x54,0x41,0x42,0x49,0x4c,0x49,0x54,0x59,0x2c,0x0a,
  0x46,0x49,0x54,0x4e,0x45,0x53,0x53,0x20,0x46,0x4f,0x52,0x20,0x41,0x20,0x50,0x41,
  0x52,0x54,0x49,0x43,0x55,0x4c,0x41,0x52,0x20,0x50,0x55,0x52,0x50,0x4f,0x53,0x45,
  0x20,0x41,0x4e,0x44,0x20,0x4e,0x4f,0x4e,0x49,0x4e,0x46,0x52,0x49,0x4e,0x47,0x45,
  0x4d,0x45,0x4e,0x54,0x2e,0x20,0x49,0x4e,0x20,0x4e,0x4f,0x20,0x45,0x56,0x45,0x4e,
  0x54,0x20,0x53,0x48,0x41,0x4c,0x4c,0x20,0x54,0x48,0x45,0x0a,0x41,0x55,0x54,0x48,
  0x4f,0x52,0x53,0x20,0x4f,0x52,0x20,0x43,0x4f,0x50,0x59,0x52,0x49,0x47,0x48,0x54,
  0x20,0x48,0x4f,0x4c,0x44,0x45,0x52,0x53,0x20,0x42,0x45,0x20,0x4c,0x49,0x41,0x42,
  0x4c,0x45,0x20,0x46,0x4f,0x52,0x20,0x41,0x4e,0x59,0x20,0x43,0x4c,0x41,0x49,0x4d,
  0x2c,0x20,0x44,0x41,0x4d,0x41,0x47,0x45,0x53,0x20,0x4f,0x52,0x20,0x4f,0x54,0x48,
  0x45,0x52,0x0a,0x4c,0x49,0x41,0x42,0x49,0x4c,0x49,0x54,0x59,0x2c,0x20,0x57,0x48,
  0x45,0x54,0x48,0x45,0x52,0x20,0x49,0x4e,0x20,0x41,0x4e,0x20,0x41,0x43,0x54,0x49,
  0x4f,0x4e,0x20,0x4f,0x46,0x20,0x43,0x4f,0x4e,0x54,0x52,0x41,0x43,0x54,0x2c,0x20,
  0x54,0x4f,0x52,0x54,0x20,0x4f,0x52,0x20,0x4f,0x54,0x48,0x45,0x52,0x57,0x49,0x53,
  0x45,0x2c,0x20,0x41,0x52,0x49,0x53,0x49,0x4e,0x47,0x20,0x46,0x52,0x4f,0x4d,0x2c,
  0x0a,0x4f,0x55,0x54,0x20,0x4f,0x46,0x20,0x4f,0x52,0x20,0x49,0x4e,0x20,0x43,0x4f,
  0x4e,0x4e,0x45,0x43,0x54,0x49,0x4f,0x4e,0x20,0x57,0x49,0x54,0x48,0x20,0x54,0x48,
  0x45,0x20,0x53,0x4f,0x46,0x54,0x57,0x41,0x52,0x45,0x20,0x4f,0x52,0x20,0x54,0x48,
  0x45,0x20,0x55,0x53,0x45,0x20,0x4f,0x52,0x20,0x4f,0x54,0x48,0x45,0x52,0x20,0x44,
  0x45,0x41,0x4c,0x49,0x4e,0x47,0x53,0x20,0x49,0x4e,0x20,0x54,0x48,0x45,0x0a,0x53,
  0x4f,0x46,0x54,0x57,0x41,0x52,0x45,0x2e,0x0a,0x0a,0x3d,0x3d,0x3d,0x3d,0x3d,0x3d,
  0x3d,0x3d,0x3d,0x3d,0x3d,0x3d,0x3d,0x3d,0x3d,0x3d,0x3d,0x3d,0x3d,0x3d,0x3d,0x3d,
  0x3d,0x3d,0x3d,0x3d,0x3d,0x3d,0x3d,0x3d,0x3d,0x3d,0x3d,0x3d,0x3d,0x3d,0x3d,0x3d,
  0x3d,0x3d,0x3d,0x3d,0x3d,0x3d,0x3d,0x3d,0x3d,0x3d,0x3d,0x3d,0x3d,0x3d,0x3d,0x3d,
  0x3d,0x3d,0x3d,0x3d,0x3d,0x3d,0x3d,0x3d,0x3d,0x3d,0x3d,0x3d,0x3d,0x3d,0x3d,0x3d,
  0x3d,0x3d,0x0a,0x4c,0x49,0x43,0x45,0x4e,0x53,0x45,0x53,0x2f,0x62,0x7a,0x69,0x70,
  0x32,0x2e,0x74,0x78,0x74,0x0a,0x3d,0x3d,0x3d,0x3d,0x3d,0x3d,0x3d,0x3d,0x3d,0x3d,
  0x3d,0x3d,0x3d,0x3d,0x3d,0x3d,0x3d,0x3d,0x3d,0x3d,0x3d,0x3d,0x3d,0x3d,0x3d,0x3d,
  0x3d,0x3d,0x3d,0x3d,0x3d,0x3d,0x3d,0x3d,0x3d,0x3d,0x3d,0x3d,0x3d,0x3d,0x3d,0x3d,
  0x3d,0x3d,0x3d,0x3d,0x3d,0x3d,0x3d,0x3d,0x3d,0x3d,0x3d,0x3d,0x3d,0x3d,0x3d,0x3d,
  0x3d,0x3d,0x3d,0x3d,0x3d,0x3d,0x3d,0x3d,0x3d,0x3d,0x3d,0x3d,0x3d,0x3d,0x0a,0x0a,
  0x2d,0x2d,0x2d,0x2d,0x2d,0x2d,0x2d,0x2d,0x2d,0x2d,0x2d,0x2d,0x2d,0x2d,0x2d,0x2d,
  0x2d,0x2d,0x2d,0x2d,0x2d,0x2d,0x2d,0x2d,0x2d,0x2d,0x2d,0x2d,0x2d,0x2d,0x2d,0x2d,
  0x2d,0x2d,0x2d,0x2d,0x2d,0x2d,0x2d,0x2d,0x2d,0x2d,0x2d,0x2d,0x2d,0x2d,0x2d,0x2d,
  0x2d,0x2d,0x2d,0x2d,0x2d,0x2d,0x2d,0x2d,0x2d,0x2d,0x2d,0x2d,0x2d,0x2d,0x2d,0x2d,
  0x2d,0x2d,0x2d,0x2d,0x2d,0x2d,0x2d,0x2d,0x2d,0x2d,0x0a,0x0a,0x54,0x68,0x69,0x73,
  0x20,0x70,0x72,0x6f,0x67,0x72,0x61,0x6d,0x2c,0x20,0x22,0x62,0x7a,0x69,0x70,0x32,
  0x22,0x2c,0x20,0x74,0x68,0x65,0x20,0x61,0x73,0x73,0x6f,0x63,0x69,0x61,0x74,0x65,
  0x64,0x20,0x6c,0x69,0x62,0x72,0x61,0x72,0x79,0x20,0x22,0x6c,0x69,0x62,0x62,0x7a,
  0x69,0x70,0x32,0x22,0x2c,0x20,0x61,0x6e,0x64,0x20,0x61,0x6c,0x6c,0x0a,0x64,0x6f,
  0x63,0x75,0x6d,0x65,0x6e,0x74,0x61,0x74,0x69,0x6f,0x6e,0x2c,0x20,0x61,0x72,0x65,
  0x20,0x63,0x6f,0x70,0x79,0x72,0x69,0x67,0x68,0x74,0x20,0x28,0x43,0x29,0x20,0x31,
  0x39,0x39,0x36,0x2d,0x32,0x30,0x31,0x39,0x20,0x4a,0x75,0x6c,0x69,0x61,0x6e,0x20,
  0x52,0x20,0x53,0x65,0x77,0x61,0x72,0x64,0x2e,0x20,0x20,0x41,0x6c,0x6c,0x0a,0x72,
  0x69,0x67,0x68,0x74,0x73,0x20,0x72,0x65,0x73,0x65,0x72,0x76,0x65,0x64,0x2e,0x0a,
  0x0a,0x52,0x65,0x64,0x69,0x73,0x74,0x72,0x69,0x62,0x75,0x74,0x69,0x6f,0x6e,0x20,
  0x61,0x6e,0x64,0x20,0x75,0x73,0x65,0x20,0x69,0x6e,0x20,0x73,0x6f,0x75,0x72,0x63,
  0x65,0x20,0x61,0x6e,0x64,0x20,0x62,0x69,0x6e,0x61,0x72,0x79,0x20,0x66,0x6f,0x72,
  0x6d,0x73,0x2c,0x20,0x77,0x69,0x74,0x68,0x20,0x6f,0x72,0x20,0x77,0x69,0x74,0x68,
  0x6f,0x75,0x74,0x0a,0x6d,0x6f,0x64,0x69,0x66,0x69,0x63,0x61,0x74,0x69,0x6f,0x6e,
  0x2c,0x20,0x61,0x72,0x65,0x20,0x70,0x65,0x72,0x6d,0x69,0x74,0x74,0x65,0x64,0x20,
  0x70,0x72,0x6f,0x76,0x69,0x64,0x65,0x64,0x20,0x74,0x68,0x61,0x74,0x20,0x74,0x68,
  0x65,0x20,0x66,0x6f,0x6c,0x6c,0x6f,0x77,0x69,0x6e,0x67,0x20,0x63,0x6f,0x6e,0x64,
  0x69,0x74,0x69,0x6f,0x6e,0x73,0x0a,0x61,0x72,0x65,0x20,0x6d,0x65,0x74,0x3a,0x0a,
  0x0a,0x31,0x2e,0x20,0x52,0x65,0x64,0x69,0x73,0x74,0x72,0x69,0x62,0x75,0x74,0x69,
  0x6f,0x6e,0x73,0x20,0x6f,0x66,0x20,0x73,0x6f,0x75,0x72,0x63,0x65,0x20,0x63,0x6f,
  0x64,0x65,0x20,0x6d,0x75,0x73,0x74,0x20,0x72,0x65,0x74,0x61,0x69,0x6e,0x20,0x74,
  0x68,0x65,0x20,0x61,0x62,0x6f,0x76,0x65,0x20,0x63,0x6f,0x70,0x79,0x72,0x69,0x67,
  0x68,0x74,0x0a,0x20,0x20,0x20,0x6e,0x6f,0x74,0x69,0x63,0x65,0x2c,0x20,0x74,0x68,
  0x69,0x73,0x20,0x6c,0x69,0x73,0x74,0x20,0x6f,0x66,0x20,0x63,0x6f,0x6e,0x64,0x69,
  0x74,0x69,0x6f,0x6e,0x73,0x20,0x61,0x6e,0x64,0x20,0x74,0x68,0x65,0x20,0x66,0x6f,
  0x6c,0x6c,0x6f,0x77,0x69,0x6e,0x67,0x20,0x64,0x69,0x73,0x63,0x6c,0x61,0x69,0x6d,
  0x65,0x72,0x2e,0x0a,0x0a,0x32,0x2e,0x20,0x54,0x68,0x65,0x20,0x6f,0x72,0x69,0x67,
  0x69,0x6e,0x20,0x6f,0x66,0x20,0x74,0x68,0x69,0x73,0x20,0x73,0x6f,0x66,0x74,0x77,
  0x61,0x72,0x65,0x20,0x6d,0x75,0x73,0x74,0x20,0x6e,0x6f,0x74,0x20,0x62,0x65,0x20,
  0x6d,0x69,0x73,0x72,0x65,0x70,0x72,0x65,0x73,0x65,0x6e,0x74,0x65,0x64,0x3b,0x20,
  0x79,0x6f,0x75,0x20,0x6d,0x75,0x73,0x74,0x20,0x0a,0x20,0x20,0x20,0x6e,0x6f,0x74,
  0x20,0x63,0x6c,0x61,0x69,0x6d,0x20,0x74,0x68,0x61,0x74,0x20,0x79,0x6f,0x75,0x20,
  0x77,0x72,0x6f,0x74,0x65,0x20,0x74,0x68,0x65,0x20,0x6f,0x72,0x69,0x67,0x69,0x6e,
  0x61,0x6c,0x20,0x73,0x6f,0x66,0x74,0x77,0x61,0x72,0x65,0x2e,0x20,0x20,0x49,0x66,
  0x20,0x79,0x6f,0x75,0x20,0x75,0x73,0x65,0x20,0x74,0x68,0x69,0x73,0x20,0x0a,0x20,
  0x20,0x20,0x73,0x6f,0x66,0x74,0x77,0x61,0x72,0x65,0x20,0x69,0x6e,0x20,0x61,0x20,
  0x70,0x72,0x6f,0x64,0x75,0x63,0x74,0x2c,0x20,0x61,0x6e,0x20,0x61,0x63,0x6b,0x6e,
  0x6f,0x77,0x6c,0x65,0x64,0x67,0x6d,0x65,0x6e,0x74,0x20,0x69,0x6e,0x20,0x74,0x68,
  0x65,0x20,0x70,0x72,0x6f,0x64,0x75,0x63,0x74,0x20,0x0a,0x20,0x20,0x20,0x64,0x6f,
  0x63,0x75,0x6d,0x65,0x6e,0x74,0x61,0x74,0x69,0x6f,0x6e,0x20,0x77,0x6f,0x75,0x6c,
  0x64,0x20,0x62,0x65,0x20,0x61,0x70,0x70,0x72,0x65,0x63,0x69,0x61,0x74,0x65,0x64,
  0x20,0x62,0x75,0x74,0x20,0x69,0x73,0x20,0x6e,0x6f,0x74,0x20,0x72,0x65,0x71,0x75,
  0x69,0x72,0x65,0x64,0x2e,0x0a,0x0a,0x33,0x2e,0x20,0x41,0x6c,0x74,0x65,0x72,0x65,
  0x64,0x20,0x73,0x6f,0x75,0x72,0x63,0x65,0x20,0x76,0x65,0x72,0x73,0x69,0x6f,0x6e,
  0x73,0x20,0x6d,0x75,0x73,0x74,0x20,0x62,0x65,0x20,0x70,0x6c,0x61,0x69,0x6e,0x6c,
  0x79,0x20,0x6d,0x61,0x72,0x6b,0x65,0x64,0x20,0x61,0x73,0x20,0x73,0x75,0x63,0x68,
  0x2c,0x20,0x61,0x6e,0x64,0x20,0x6d,0x75,0x73,0x74,0x0a,0x20,0x20,0x20,0x6e,0x6f,
  0x74,0x20,0x62,0x65,0x20,0x6d,0x69,0x73,0x72,0x65,0x70,0x72,0x65,0x73,0x65,0x6e,
  0x74,0x65,0x64,0x20,0x61,0x73,0x20,0x62,0x65,0x69,0x6e,0x67,0x20,0x74,0x68,0x65,
  0x20,0x6f,0x72,0x69,0x67,0x69,0x6e,0x61,0x6c,0x20,0x73,0x6f,0x66,0x74,0x77,0x61,
  0x72,0x65,0x2e,0x0a,0x0a,0x34,0x2e,0x20,0x54,0x68,0x65,0x20,0x6e,0x61,0x6d,0x65,
  0x20,0x6f,0x66,0x20,0x74,0x68,0x65,0x20,0x61,0x75,0x74,0x68,0x6f,0x72,0x20,0x6d,
  0x61,0x79,0x20,0x6e,0x6f,0x74,0x20,0x62,0x65,0x20,0x75,0x73,0x65,0x64,0x20,0x74,
  0x6f,0x20,0x65,0x6e,0x64,0x6f,0x72,0x73,0x65,0x20,0x6f,0x72,0x20,0x70,0x72,0x6f,
  0x6d,0x6f,0x74,0x65,0x20,0x0a,0x20,0x20,0x20,0x70,0x72,0x6f,0x64,0x75,0x63,0x74,
  0x73,0x20,0x64,0x65,0x72,0x69,0x76,0x65,0x64,0x20,0x66,0x72,0x6f,0x6d,0x20,0x74,
  0x68,0x69,0x73,0x20,0x73,0x6f,0x66,0x74,0x77,0x61,0x72,0x65,0x20,0x77,0x69,0x74,
  0x68,0x6f,0x75,0x74,0x20,0x73,0x70,0x65,0x63,0x69,0x66,0x69,0x63,0x20,0x70,0x72,
  0x69,0x6f,0x72,0x20,0x77,0x72,0x69,0x74,0x74,0x65,0x6e,0x20,0x0a,0x20,0x20,0x20,
  0x70,0x65,0x72,0x6d,0x69,0x73,0x73,0x69,0x6f,0x6e,0x2e,0x0a,0x0a,0x54,0x48,0x49,
  0x53,0x20,0x53,0x4f,0x46,0x54,0x57,0x41,0x52,0x45,0x20,0x49,0x53,0x20,0x50,0x52,
  0x4f,0x56,0x49,0x44,0x45,0x44,0x20,0x42,0x59,0x20,0x54,0x48,0x45,0x20,0x41,0x55,
  0x54,0x48,0x4f,0x52,0x20,0x60,0x60,0x41,0x53,0x20,0x49,0x53,0x27,0x27,0x20,0x41,
  0x4e,0x44,0x20,0x41,0x4e,0x59,0x20,0x45,0x58,0x50,0x52,0x45,0x53,0x53,0x0a,0x4f,
  0x52,0x20,0x49,0x4d,0x50,0x4c,0x49,0x45,0x44,0x20,0x57,0x41,0x52,0x52,0x41,0x4e,
  0x54,0x49,0x45,0x53,0x2c,0x20,0x49,0x4e,0x43,0x4c,0x55,0x44,0x49,0x4e,0x47,0x2c,
  0x20,0x42,0x55,0x54,0x20,0x4e,0x4f,0x54,0x20,0x4c,0x49,0x4d,0x49,0x54,0x45,0x44,
  0x20,0x54,0x4f,0x2c,0x20,0x54,0x48,0x45,0x20,0x49,0x4d,0x50,0x4c,0x49,0x45,0x44,
  0x0a,0x57,0x41,0x52,0x52,0x41,0x4e,0x54,0x49,0x45,0x53,0x20,0x4f,0x46,0x20,0x4d,
  0x45,0x52,0x43,0x48,0x41,0x4e,0x54,0x41,0x42,0x49,0x4c,0x49,0x54,0x59,0x20,0x41,
  0x4e,0x44,0x20,0x46,0x49,0x54,0x4e,0x45,0x53,0x53,0x20,0x46,0x4f,0x52,0x20,0x41,
  0x20,0x50,0x41,0x52,0x54,0x49,0x43,0x55,0x4c,0x41,0x52,0x20,0x50,0x55,0x52,0x50,
  0x4f,0x53,0x45,0x0a,0x41,0x52,0x45,0x20,0x44,0x49,0x53,0x43,0x4c,0x41,0x49,0x4d,
  0x45,0x44,0x2e,0x20,0x20,0x49,0x4e,0x20,0x4e,0x4f,0x20,0x45,0x56,0x45,0x4e,0x54,
  0x20,0x53,0x48,0x41,0x4c,0x4c,0x20,0x54,0x48,0x45,0x20,0x41,0x55,0x54,0x48,0x4f,
  0x52,0x20,0x42,0x45,0x20,0x4c,0x49,0x41,0x42,0x4c,0x45,0x20,0x46,0x4f,0x52,0x20,
  0x41,0x4e,0x59,0x0a,0x44,0x49,0x52,0x45,0x43,0x54,0x2c,0x20,0x49,0x4e,0x44,0x49,
  0x52,0x45,0x43,0x54,0x2c,0x20,0x49,0x4e,0x43,0x49,0x44,0x45,0x4e,0x54,0x41,0x4c,
  0x2c,0x20,0x53,0x50,0x45,0x43,0x49,0x41,0x4c,0x2c,0x20,0x45,0x58,0x45,0x4d,0x50,
  0x4c,0x41,0x52,0x59,0x2c,0x20,0x4f,0x52,0x20,0x43,0x4f,0x4e,0x53,0x45,0x51,0x55,
  0x45,0x4e,0x54,0x49,0x41,0x4c,0x0a,0x44,0x41,0x4d,0x41,0x47,0x45,0x53,0x20,0x28,
  0x49,0x4e,0x43,0x4c,0x55,0x44,0x49,0x4e,0x47,0x2c,0x20,0x42,0x55,0x54,0x20,0x4e,
  0x4f,0x54,0x20,0x4c,0x49,0x4d,0x49,0x54,0x45,0x44,0x20,0x54,0x4f,0x2c,0x20,0x50,
  0x52,0x4f,0x43,0x55,0x52,0x45,0x4d,0x45,0x4e,0x54,0x20,0x4f,0x46,0x20,0x53,0x55,
  0x42,0x53,0x54,0x49,0x54,0x55,0x54,0x45,0x0a,0x47,0x4f,0x4f,0x44,0x53,0x20,0x4f,
  0x52,0x20,0x53,0x45,0x52,0x56,0x49,0x43,0x45,0x53,0x3b,0x20,0x4c,0x4f,0x53,0x53,
  0x20,0x4f,0x46,0x20,0x55,0x53,0x45,0x2c,0x20,0x44,0x41,0x54,0x41,0x2c,0x20,0x4f,
  0x52,0x20,0x50,0x52,0x4f,0x46,0x49,0x54,0x53,0x3b,0x20,0x4f,0x52,0x20,0x42,0x55,
  0x53,0x49,0x4e,0x45,0x53,0x53,0x0a,0x49,0x4e,0x54,0x45,0x52,0x52,0x55,0x50,0x54,
  0x49,0x4f,0x4e,0x29,0x20,0x48,0x4f,0x57,0x45,0x56,0x45,0x52,0x20,0x43,0x41,0x55,
  0x53,0x45,0x44,0x20,0x41,0x4e,0x44,0x20,0x4f,0x4e,0x20,0x41,0x4e,0x59,0x20,0x54,
  0x48,0x45,0x4f,0x52,0x59,0x20,0x4f,0x46,0x20,0x4c,0x49,0x41,0x42,0x49,0x4c,0x49,
  0x54,0x59,0x2c,0x0a,0x57,0x48,0x45,0x54,0x48,0x45,0x52,0x20,0x49,0x4e,0x20,0x43,
  0x4f,0x4e,0x54,0x52,0x41,0x43,0x54,0x2c,0x20,0x53,0x54,0x52,0x49,0x43,0x54,0x20,
  0x4c,0x49,0x41,0x42,0x49,0x4c,0x49,0x54,0x59,0x2c,0x20,0x4f,0x52,0x20,0x54,0x4f,
  0x52,0x54,0x20,0x28,0x49,0x4e,0x43,0x4c,0x55,0x44,0x49,0x4e,0x47,0x0a,0x4e,0x45,
  0x47,0x4c,0x49,0x47,0x45,0x4e,0x43,0x45,0x20,0x4f,0x52,0x20,0x4f,0x54,0x48,0x45,
  0x52,0x57,0x49,0x53,0x45,0x29,0x20,0x41,0x52,0x49,0x53,0x49,0x4e,0x47,0x20,0x49,
  0x4e,0x20,0x41,0x4e,0x59,0x20,0x57,0x41,0x59,0x20,0x4f,0x55,0x54,0x20,0x4f,0x46,
  0x20,0x54,0x48,0x45,0x20,0x55,0x53,0x45,0x20,0x4f,0x46,0x20,0x54,0x48,0x49,0x53,
  0x0a,0x53,0x4f,0x46,0x54,0x57,0x41,0x52,0x45,0x2c,0x20,0x45,0x56,0x45,0x4e,0x20,
  0x49,0x46,0x20,0x41,0x44,0x56,0x49,0x53,0x45,0x44,0x20,0x4f,0x46,0x20,0x54,0x48,
  0x45,0x20,0x50,0x4f,0x53,0x53,0x49,0x42,0x49,0x4c,0x49,0x54,0x59,0x20,0x4f,0x46,
  0x20,0x53,0x55,0x43,0x48,0x20,0x44,0x41,0x4d,0x41,0x47,0x45,0x2e,0x0a,0x0a,0x4a,
  0x75,0x6c,0x69,0x61,0x6e,0x20,0x53,0x65,0x77,0x61,0x72,0x64,0x2c,0x20,0x6a,0x73,
  0x65,0x77,0x61,0x72,0x64,0x40,0x61,0x63,0x6d,0x2e,0x6f,0x72,0x67,0x0a,0x62,0x7a,
  0x69,0x70,0x32,0x2f,0x6c,0x69,0x62,0x62,0x7a,0x69,0x70,0x32,0x20,0x76,0x65,0x72,
  0x73,0x69,0x6f,0x6e,0x20,0x31,0x2e,0x30,0x2e,0x38,0x20,0x6f,0x66,0x20,0x31,0x33,
  0x20,0x4a,0x75,0x6c,0x79,0x20,0x32,0x30,0x31,0x39,0x0a,0x0a,0x2d,0x2d,0x2d,0x2d,
  0x2d,0x2d,0x2d,0x2d,0x2d,0x2d,0x2d,0x2d,0x2d,0x2d,0x2d,0x2d,0x2d,0x2d,0x2d,0x2d,
  0x2d,0x2d,0x2d,0x2d,0x2d,0x2d,0x2d,0x2d,0x2d,0x2d,0x2d,0x2d,0x2d,0x2d,0x2d,0x2d,
  0x2d,0x2d,0x2d,0x2d,0x2d,0x2d,0x2d,0x2d,0x2d,0x2d,0x2d,0x2d,0x2d,0x2d,0x2d,0x2d,
  0x2d,0x2d,0x2d,0x2d,0x2d,0x2d,0x2d,0x2d,0x2d,0x2d,0x2d,0x2d,0x2d,0x2d,0x2d,0x2d,
  0x2d,0x2d,0x2d,0x2d,0x2d,0x2d,0x0a,0x0a,0x3d,0x3d,0x3d,0x3d,0x3d,0x3d,0x3d,0x3d,
  0x3d,0x3d,0x3d,0x3d,0x3d,0x3d,0x3d,0x3d,0x3d,0x3d,0x3d,0x3d,0x3d,0x3d,0x3d,0x3d,
  0x3d,0x3d,0x3d,0x3d,0x3d,0x3d,0x3d,0x3d,0x3d,0x3d,0x3d,0x3d,0x3d,0x3d,0x3d,0x3d,
  0x3d,0x3d,0x3d,0x3d,0x3d,0x3d,0x3d,0x3d,0x3d,0x3d,0x3d,0x3d,0x3d,0x3d,0x3d,0x3d,
  0x3d,0x3d,0x3d,0x3d,0x3d,0x3d,0x3d,0x3d,0x3d,0x3d,0x3d,0x3d,0x3d,0x3d,0x3d,0x3d,
  0x0a,0x4c,0x49,0x43,0x45,0x4e,0x53,0x45,0x53,0x2f,0x66,0x6d,0x6f,0x64,0x62,0x61,
  0x6e,0x6b,0x70,0x61,0x72,0x73,0x65,0x72,0x2d,0x4e,0x4f,0x54,0x49,0x43,0x45,0x2e,
  0x74,0x78,0x74,0x0a,0x3d,0x3d,0x3d,0x3d,0x3d,0x3d,0x3d,0x3d,0x3d,0x3d,0x3d,0x3d,
  0x3d,0x3d,0x3d,0x3d,0x3d,0x3d,0x3d,0x3d,0x3d,0x3d,0x3d,0x3d,0x3d,0x3d,0x3d,0x3d,
  0x3d,0x3d,0x3d,0x3d,0x3d,0x3d,0x3d,0x3d,0x3d,0x3d,0x3d,0x3d,0x3d,0x3d,0x3d,0x3d,
  0x3d,0x3d,0x3d,0x3d,0x3d,0x3d,0x3d,0x3d,0x3d,0x3d,0x3d,0x3d,0x3d,0x3d,0x3d,0x3d,
  0x3d,0x3d,0x3d,0x3d,0x3d,0x3d,0x3d,0x3d,0x3d,0x3d,0x3d,0x3d,0x0a,0x54,0x68,0x69,
  0x73,0x20,0x6c,0x69,0x62,0x72,0x61,0x72,0x79,0x20,0x69,0x6e,0x63,0x6c,0x75,0x64,
  0x65,0x73,0x20,0x6d,0x61,0x74,0x65,0x72,0x69,0x61,0x6c,0x20,0x64,0x65,0x76,0x65,
  0x6c,0x6f,0x70,0x65,0x64,0x20,0x62,0x79,0x20,0x74,0x68,0x65,0x20,0x66,0x6f,0x6c,
  0x6c,0x6f,0x77,0x69,0x6e,0x67,0x20,0x74,0x68,0x69,0x72,0x64,0x2d,0x70,0x61,0x72,
  0x74,0x79,0x20,0x6c,0x69,0x62,0x72,0x61,0x72,0x69,0x65,0x73,0x3a,0x0a,0x0a,0x2d,
  0x20,0x46,0x6d,0x6f,0x64,0x35,0x53,0x68,0x61,0x72,0x70,0x20,0x28,0x68,0x74,0x74,
  0x70,0x73,0x3a,0x2f,0x2f,0x67,0x69,0x74,0x68,0x75,0x62,0x2e,0x63,0x6f,0x6d,0x2f,
  0x53,0x61,0x6d,0x62,0x6f,0x79,0x43,0x6f,0x64,0x69,0x6e,0x67,0x2f,0x46,0x6d,0x6f,
  0x64,0x35,0x53,0x68,0x61,0x72,0x70,0x2f,0x62,0x6c,0x6f,0x62,0x2f,0x6d,0x61,0x73,
  0x74,0x65,0x72,0x2f,0x4c,0x49,0x43,0x45,0x4e,0x53,0x45,0x29,0x20,0x2d,0x20,0x43,
  0x6f,0x70,0x79,0x72,0x69,0x67,0x68,0x74,0x20,0x28,0x63,0x29,0x20,0x32,0x30,0x32,
  0x31,0x20,0x53,0x61,0x6d,0x20,0x42,0x79,0x61,0x73,0x73,0x2e,0x20,0x4c,0x69,0x63,
  0x65,0x6e,0x73,0x65,0x64,0x20,0x75,0x6e,0x64,0x65,0x72,0x20,0x74,0x68,0x65,0x20,
  0x4d,0x49,0x54,0x20,0x4c,0x69,0x63,0x65,0x6e,0x73,0x65,0x2e,0x0a,0x2d,0x20,0x53,
  0x75,0x62,0x73,0x74,0x72,0x65,0x61,0x6d,0x53,0x68,0x61,0x72,0x70,0x20,0x28,0x68,
  0x74,0x74,0x70,0x73,0x3a,0x2f,0x2f,0x67,0x69,0x74,0x68,0x75,0x62,0x2e,0x63,0x6f,
  0x6d,0x2f,0x63,0x6f,0x6e,0x6e,0x6f,0x72,0x68,0x61,0x69,0x67,0x68,0x2f,0x53,0x75,
  0x62,0x73,0x74,0x72,0x65,0x61,0x6d,0x53,0x68,0x61,0x72,0x70,0x2f,0x62,0x6c,0x6f,
  0x62,0x2f,0x6d,0x61,0x73,0x74,0x65,0x72,0x2f,0x4c,0x69,0x63,0x65,0x6e,0x63,0x65,
  0x2e,0x74,0x78,0x74,0x29,0x20,0x2d,0x20,0x43,0x6f,0x70,0x79,0x72,0x69,0x67,0x68,
  0x74,0x20,0x28,0x63,0x29,0x20,0x32,0x30,0x32,0x31,0x20,0x43,0x6f,0x6e,0x6e,0x6f,
  0x72,0x20,0x48,0x61,0x69,0x67,0x68,0x2e,0x20,0x4c,0x69,0x63,0x65,0x6e,0x73,0x65,
  0x64,0x20,0x75,0x6e,0x64,0x65,0x72,0x20,0x74,0x68,0x65,0x20,0x4d,0x49,0x54,0x20,
  0x4c,0x69,0x63,0x65,0x6e,0x73,0x65,0x2e,0x0a,0x0a,0x2d,0x2d,0x2d,0x2d,0x2d,0x2d,
  0x2d,0x2d,0x2d,0x2d,0x2d,0x2d,0x2d,0x2d,0x2d,0x2d,0x2d,0x2d,0x2d,0x2d,0x2d,0x2d,
  0x2d,0x2d,0x2d,0x2d,0x2d,0x2d,0x2d,0x2d,0x2d,0x2d,0x2d,0x2d,0x2d,0x2d,0x2d,0x2d,
  0x2d,0x2d,0x2d,0x2d,0x2d,0x2d,0x2d,0x2d,0x2d,0x2d,0x2d,0x2d,0x2d,0x2d,0x2d,0x2d,
  0x2d,0x2d,0x2d,0x2d,0x2d,0x2d,0x2d,0x2d,0x2d,0x2d,0x2d,0x2d,0x2d,0x2d,0x2d,0x2d,
  0x2d,0x2d,0x2d,0x2d,0x2d,0x0a,0x0a,0x4c,0x49,0x43,0x45,0x4e,0x53,0x45,0x20,0x54,
  0x45,0x58,0x54,0x53,0x0a,0x31,0x2e,0x20,0x4d,0x49,0x54,0x20,0x4c,0x69,0x63,0x65,
  0x6e,0x73,0x65,0x0a,0x0a,0x2d,0x2d,0x2d,0x2d,0x2d,0x2d,0x2d,0x2d,0x2d,0x2d,0x2d,
  0x2d,0x2d,0x2d,0x2d,0x2d,0x2d,0x2d,0x2d,0x2d,0x2d,0x2d,0x2d,0x2d,0x2d,0x2d,0x2d,
  0x2d,0x2d,0x2d,0x2d,0x2d,0x2d,0x2d,0x2d,0x2d,0x2d,0x2d,0x2d,0x2d,0x2d,0x2d,0x2d,
  0x2d,0x2d,0x2d,0x2d,0x2d,0x2d,0x2d,0x2d,0x2d,0x2d,0x2d,0x2d,0x2d,0x2d,0x2d,0x2d,
  0x2d,0x2d,0x2d,0x2d,0x2d,0x2d,0x2d,0x2d,0x2d,0x2d,0x2d,0x2d,0x2d,0x2d,0x2d,0x2d,
  0x0a,0x0a,0x4d,0x49,0x54,0x20,0x4c,0x69,0x63,0x65,0x6e,0x73,0x65,0x0a,0x0a,0x50,
  0x65,0x72,0x6d,0x69,0x73,0x73,0x69,0x6f,0x6e,0x20,0x69,0x73,0x20,0x68,0x65,0x72,
  0x65,0x62,0x79,0x20,0x67,0x72,0x61,0x6e,0x74,0x65,0x64,0x2c,0x20,0x66,0x72,0x65,
  0x65,0x20,0x6f,0x66,0x20,0x63,0x68,0x61,0x72,0x67,0x65,0x2c,0x20,0x74,0x6f,0x20,
  0x61,0x6e,0x79,0x20,0x70,0x65,0x72,0x73,0x6f,0x6e,0x20,0x6f,0x62,0x74,0x61,0x69,
  0x6e,0x69,0x6e,0x67,0x20,0x61,0x20,0x63,0x6f,0x70,0x79,0x0a,0x6f,0x66,0x20,0x74,
  0x68,0x69,0x73,0x20,0x73,0x6f,0x66,0x74,0x77,0x61,0x72,0x65,0x20,0x61,0x6e,0x64,
  0x20,0x61,0x73,0x73,0x6f,0x63,0x69,0x61,0x74,0x65,0x64,0x20,0x64,0x6f,0x63,0x75,
  0x6d,0x65,0x6e,0x74,0x61,0x74,0x69,0x6f,0x6e,0x20,0x66,0x69,0x6c,0x65,0x73,0x20,
  0x28,0x74,0x68,0x65,0x20,0x22,0x53,0x6f,0x66,0x74,0x77,0x61,0x72,0x65,0x22,0x29,
  0x2c,0x20,0x74,0x6f,0x20,0x64,0x65,0x61,0x6c,0x0a,0x69,0x6e,0x20,0x74,0x68,0x65,
  0x20,0x53,0x6f,0x66,0x74,0x77,0x61,0x72,0x65,0x20,0x77,0x69,0x74,0x68,0x6f,0x75,
  0x74,0x20,0x72,0x65,0x73,0x74,0x72,0x69,0x63,0x74,0x69,0x6f,0x6e,0x2c,0x20,0x69,
  0x6e,0x63,0x6c,0x75,0x64,0x69,0x6e,0x67,0x20,0x77,0x69,0x74,0x68,0x6f,0x75,0x74,
  0x20,0x6c,0x69,0x6d,0x69,0x74,0x61,0x74,0x69,0x6f,0x6e,0x20,0x74,0x68,0x65,0x20,
  0x72,0x69,0x67,0x68,0x74,0x73,0x0a,0x74,0x6f,0x20,0x75,0x73,0x65,0x2c,0x20,0x63,
  0x6f,0x70,0x79,0x2c,0x20,0x6d,0x6f,0x64,0x69,0x66,0x79,0x2c,0x20,0x6d,0x65,0x72,
  0x67,0x65,0x2c,0x20,0x70,0x75,0x62,0x6c,0x69,0x73,0x68,0x2c,0x20,0x64,0x69,0x73,
  0x74,0x72,0x69,0x62,0x75,0x74,0x65,0x2c,0x20,0x73,0x75,0x62,0x6c,0x69,0x63,0x65,
  0x6e,0x73,0x65,0x2c,0x20,0x61,0x6e,0x64,0x2f,0x6f,0x72,0x20,0x73,0x65,0x6c,0x6c,
  0x0a,0x63,0x6f,0x70,0x69,0x65,0x73,0x20,0x6f,0x66,0x20,0x74,0x68,0x65,0x20,0x53,
  0x6f,0x66,0x74,0x77,0x61,0x72,0x65,0x2c,0x20,0x61,0x6e,0x64,0x20,0x74,0x6f,0x20,
  0x70,0x65,0x72,0x6d,0x69,0x74,0x20,0x70,0x65,0x72,0x73,0x6f,0x6e,0x73,0x20,0x74,
  0x6f,0x20,0x77,0x68,0x6f,0x6d,0x20,0x74,0x68,0x65,0x20,0x53,0x6f,0x66,0x74,0x77,
  0x61,0x72,0x65,0x20,0x69,0x73,0x0a,0x66,0x75,0x72,0x6e,0x69,0x73,0x68,0x65,0x64,
  0x20,0x74,0x6f,0x20,0x64,0x6f,0x20,0x73,0x6f,0x2c,0x20,0x73,0x75,0x62,0x6a,0x65,
  0x63,0x74,0x20,0x74,0x6f,0x20,0x74,0x68,0x65,0x20,0x66,0x6f,0x6c,0x6c,0x6f,0x77,
  0x69,0x6e,0x67,0x20,0x63,0x6f,0x6e,0x64,0x69,0x74,0x69,0x6f,0x6e,0x73,0x3a,0x0a,
  0x0a,0x54,0x68,0x65,0x20,0x61,0x62,0x6f,0x76,0x65,0x20,0x63,0x6f,0x70,0x79,0x72,
  0x69,0x67,0x68,0x74,0x20,0x6e,0x6f,0x74,0x69,0x63,0x65,0x20,0x61,0x6e,0x64,0x20,
  0x74,0x68,0x69,0x73,0x20,0x70,0x65,0x72,0x6d,0x69,0x73,0x73,0x69,0x6f,0x6e,0x20,
  0x6e,0x6f,0x74,0x69,0x63,0x65,0x20,0x73,0x68,0x61,0x6c,0x6c,0x20,0x62,0x65,0x20,
  0x69,0x6e,0x63,0x6c,0x75,0x64,0x65,0x64,0x20,0x69,0x6e,0x20,0x61,0x6c,0x6c,0x0a,
  0x63,0x6f,0x70,0x69,0x65,0x73,0x20,0x6f,0x72,0x20,0x73,0x75,0x62,0x73,0x74,0x61,
  0x6e,0x74,0x69,0x61,0x6c,0x20,0x70,0x6f,0x72,0x74,0x69,0x6f,0x6e,0x73,0x20,0x6f,
  0x66,0x20,0x74,0x68,0x65,0x20,0x53,0x6f,0x66,0x74,0x77,0x61,0x72,0x65,0x2e,0x0a,
  0x0a,0x54,0x48,0x45,0x20,0x53,0x4f,0x46,0x54,0x57,0x41,0x52,0x45,0x20,0x49,0x53,
  0x20,0x50,0x52,0x4f,0x56,0x49,0x44,0x45,0x44,0x20,0x22,0x41,0x53,0x20,0x49,0x53,
  0x22,0x2c,0x20,0x57,0x49,0x54,0x48,0x4f,0x55,0x54,0x20,0x57,0x41,0x52,0x52,0x41,
  0x4e,0x54,0x59,0x20,0x4f,0x46,0x20,0x41,0x4e,0x59,0x20,0x4b,0x49,0x4e,0x44,0x2c,
  0x20,0x45,0x58,0x50,0x52,0x45,0x53,0x53,0x20,0x4f,0x52,0x0a,0x49,0x4d,0x50,0x4c,
  0x49,0x45,0x44,0x2c,0x20,0x49,0x4e,0x43,0x4c,0x55,0x44,0x49,0x4e,0x47,0x20,0x42,
  0x55,0x54,0x20,0x4e,0x4f,0x54,0x20,0x4c,0x49,0x4d,0x49,0x54,0x45,0x44,0x20,0x54,
  0x4f,0x20,0x54,0x48,0x45,0x20,0x57,0x41,0x52,0x52,0x41,0x4e,0x54,0x49,0x45,0x53,
  0x20,0x4f,0x46,0x20,0x4d,0x45,0x52,0x43,0x48,0x41,0x4e,0x54,0x41,0x42,0x49,0x4c,
  0x49,0x54,0x59,0x2c,0x0a,0x46,0x49,0x54,0x4e,0x45,0x53,0x53,0x20,0x46,0x4f,0x52,
  0x20,0x41,0x20,0x50,0x41,0x52,0x54,0x49,0x43,0x55,0x4c,0x41,0x52,0x20,0x50,0x55,
  0x52,0x50,0x4f,0x53,0x45,0x20,0x41,0x4e,0x44,0x20,0x4e,0x4f,0x4e,0x49,0x4e,0x46,
  0x52,0x49,0x4e,0x47,0x45,0x4d,0x45,0x4e,0x54,0x2e,0x20,0x49,0x4e,0x20,0x4e,0x4f,
  0x20,0x45,0x56,0x45,0x4e,0x54,0x20,0x53,0x48,0x41,0x4c,0x4c,0x20,0x54,0x48,0x45,
  0x0a,0x41,0x55,0x54,0x48,0x4f,0x52,0x53,0x20,0x4f,0x52,0x20,0x43,0x4f,0x50,0x59,
  0x52,0x49,0x47,0x48,0x54,0x20,0x48,0x4f,0x4c,0x44,0x45,0x52,0x53,0x20,0x42,0x45,
  0x20,0x4c,0x49,0x41,0x42,0x4c,0x45,0x20,0x46,0x4f,0x52,0x20,0x41,0x4e,0x59,0x20,
  0x43,0x4c,0x41,0x49,0x4d,0x2c,0x20,0x44,0x41,0x4d,0x41,0x47,0x45,0x53,0x20,0x4f,
  0x52,0x20,0x4f,0x54,0x48,0x45,0x52,0x0a,0x4c,0x49,0x41,0x42,0x49,0x4c,0x49,0x54,
  0x59,0x2c,0x20,0x57,0x48,0x45,0x54,0x48,0x45,0x52,0x20,0x49,0x4e,0x20,0x41,0x4e,
  0x20,0x41,0x43,0x54,0x49,0x4f,0x4e,0x20,0x4f,0x46,0x20,0x43,0x4f,0x4e,0x54,0x52,
  0x41,0x43,0x54,0x2c,0x20,0x54,0x4f,0x52,0x54,0x20,0x4f,0x52,0x20,0x4f,0x54,0x48,
  0x45,0x52,0x57,0x49,0x53,0x45,0x2c,0x20,0x41,0x52,0x49,0x53,0x49,0x4e,0x47,0x20,
  0x46,0x52,0x4f,0x4d,0x2c,0x0a,0x4f,0x55,0x54,0x20,0x4f,0x46,0x20,0x4f,0x52,0x20,
  0x49,0x4e,0x20,0x43,0x4f,0x4e,0x4e,0x45,0x43,0x54,0x49,0x4f,0x4e,0x20,0x57,0x49,
  0x54,0x48,0x20,0x54,0x48,0x45,0x20,0x53,0x4f,0x46,0x54,0x57,0x41,0x52,0x45,0x20,
  0x4f,0x52,0x20,0x54,0x48,0x45,0x20,0x55,0x53,0x45,0x20,0x4f,0x52,0x20,0x4f,0x54,
  0x48,0x45,0x52,0x20,0x44,0x45,0x41,0x4c,0x49,0x4e,0x47,0x53,0x20,0x49,0x4e,0x20,
  0x54,0x48,0x45,0x0a,0x53,0x4f,0x46,0x54,0x57,0x41,0x52,0x45,0x2e,0x0a,0x0a,0x2d,
  0x2d,0x2d,0x2d,0x2d,0x2d,0x2d,0x2d,0x2d,0x2d,0x2d,0x2d,0x2d,0x2d,0x2d,0x2d,0x2d,
  0x2d,0x2d,0x2d,0x2d,0x2d,0x2d,0x2d,0x2d,0x2d,0x2d,0x2d,0x2d,0x2d,0x2d,0x2d,0x2d,
  0x2d,0x2d,0x2d,0x2d,0x2d,0x2d,0x2d,0x2d,0x2d,0x2d,0x2d,0x2d,0x2d,0x2d,0x2d,0x2d,
  0x2d,0x2d,0x2d,0x2d,0x2d,0x2d,0x2d,0x2d,0x2d,0x2d,0x2d,0x2d,0x2d,0x2d,0x2d,0x2d,
  0x2d,0x2d,0x2d,0x2d,0x2d,0x2d,0x2d,0x2d,0x2d,0x2d,0x0a,0x0a,0x3d,0x3d,0x3d,0x3d,
  0x3d,0x3d,0x3d,0x3d,0x3d,0x3d,0x3d,0x3d,0x3d,0x3d,0x3d,0x3d,0x3d,0x3d,0x3d,0x3d,
  0x3d,0x3d,0x3d,0x3d,0x3d,0x3d,0x3d,0x3d,0x3d,0x3d,0x3d,0x3d,0x3d,0x3d,0x3d,0x3d,
  0x3d,0x3d,0x3d,0x3d,0x3d,0x3d,0x3d,0x3d,0x3d,0x3d,0x3d,0x3d,0x3d,0x3d,0x3d,0x3d,
  0x3d,0x3d,0x3d,0x3d,0x3d,0x3d,0x3d,0x3d,0x3d,0x3d,0x3d,0x3d,0x3d,0x3d,0x3d,0x3d,
  0x3d,0x3d,0x3d,0x3d,0x0a,0x4c,0x49,0x43,0x45,0x4e,0x53,0x45,0x53,0x2f,0x66,0x6d,
  0x6f,0x64,0x62,0x61,0x6e,0x6b,0x70,0x61,0x72,0x73,0x65,0x72,0x2e,0x74,0x78,0x74,
  0x0a,0x3d,0x3d,0x3d,0x3d,0x3d,0x3d,0x3d,0x3d,0x3d,0x3d,0x3d,0x3d,0x3d,0x3d,0x3d,
  0x3d,0x3d,0x3d,0x3d,0x3d,0x3d,0x3d,0x3d,0x3d,0x3d,0x3d,0x3d,0x3d,0x3d,0x3d,0x3d,
  0x3d,0x3d,0x3d,0x3d,0x3d,0x3d,0x3d,0x3d,0x3d,0x3d,0x3d,0x3d,0x3d,0x3d,0x3d,0x3d,
  0x3d,0x3d,0x3d,0x3d,0x3d,0x3d,0x3d,0x3d,0x3d,0x3d,0x3d,0x3d,0x3d,0x3d,0x3d,0x3d,
  0x3d,0x3d,0x3d,0x3d,0x3d,0x3d,0x3d,0x3d,0x3d,0x0a,0x41,0x70,0x61,0x63,0x68,0x65,
  0x20,0x4c,0x69,0x63,0x65,0x6e,0x73,0x65,0x0a,0x20,0x20,0x20,0x20,0x20,0x20,0x20,
  0x20,0x20,0x20,0x20,0x20,0x20,0x20,0x20,0x20,0x20,0x20,0x20,0x20,0x20,0x20,0x20,
  0x20,0x20,0x20,0x20,0x56,0x65,0x72,0x73,0x69,0x6f,0x6e,0x20,0x32,0x2e,0x30,0x2c,
  0x20,0x4a,0x61,0x6e,0x75,0x61,0x72,0x79,0x20,0x32,0x30,0x30,0x34,0x0a,0x20,0x20,
  0x20,0x20,0x20,0x20,0x20,0x20,0x20,0x20,0x20,0x20,0x20,0x20,0x20,0x20,0x20,0x20,
  0x20,0x20,0x20,0x20,0x20,0x20,0x68,0x74,0x74,0x70,0x3a,0x2f,0x2f,0x77,0x77,0x77,
  0x2e,0x61,0x70,0x61,0x63,0x68,0x65,0x2e,0x6f,0x72,0x67,0x2f,0x6c,0x69,0x63,0x65,
  0x6e,0x73,0x65,0x73,0x2f,0x0a,0x0a,0x20,0x20,0x20,0x54,0x45,0x52,0x4d,0x53,0x20,
  0x41,0x4e,0x44,0x20,0x43,0x4f,0x4e,0x44,0x49,0x54,0x49,0x4f,0x4e,0x53,0x20,0x46,
  0x4f,0x52,0x20,0x55,0x53,0x45,0x2c,0x20,0x52,0x45,0x50,0x52,0x4f,0x44,0x55,0x43,
  0x54,0x49,0x4f,0x4e,0x2c,0x20,0x41,0x4e,0x44,0x20,0x44,0x49,0x53,0x54,0x52,0x49,
  0x42,0x55,0x54,0x49,0x4f,0x4e,0x0a,0x0a,0x20,0x20,0x20,0x31,0x2e,0x20,0x44,0x65,
  0x66,0x69,0x6e,0x69,0x74,0x69,0x6f,0x6e,0x73,0x2e,0x0a,0x0a,0x20,0x20,0x20,0x20,
  0x20,0x20,0x22,0x4c,0x69,0x63,0x65,0x6e,0x73,0x65,0x22,0x20,0x73,0x68,0x61,0x6c,
  0x6c,0x20,0x6d,0x65,0x61,0x6e,0x20,0x74,0x68,0x65,0x20,0x74,0x65,0x72,0x6d,0x73,
  0x20,0x61,0x6e,0x64,0x20,0x63,0x6f,0x6e,0x64,0x69,0x74,0x69,0x6f,0x6e,0x73,0x20,
  0x66,0x6f,0x72,0x20,0x75,0x73,0x65,0x2c,0x20,0x72,0x65,0x70,0x72,0x6f,0x64,0x75,
  0x63,0x74,0x69,0x6f,0x6e,0x2c,0x0a,0x20,0x20,0x20,0x20,0x20,0x20,0x61,0x6e,0x64,
  0x20,0x64,0x69,0x73,0x74,0x72,0x69,0x62,0x75,0x74,0x69,0x6f,0x6e,0x20,0x61,0x73,
  0x20,0x64,0x65,0x66,0x69,0x6e,0x65,0x64,0x20,0x62,0x79,0x20,0x53,0x65,0x63,0x74,
  0x69,0x6f,0x6e,0x73,0x20,0x31,0x20,0x74,0x68,0x72,0x6f,0x75,0x67,0x68,0x20,0x39,
  0x20,0x6f,0x66,0x20,0x74,0x68,0x69,0x73,0x20,0x64,0x6f,0x63,0x75,0x6d,0x65,0x6e,
  0x74,0x2e,0x0a,0x0a,0x20,0x20,0x20,0x20,0x20,0x20,0x22,0x4c,0x69,0x63,0x65,0x6e,
  0x73,0x6f,0x72,0x22,0x20,0x73,0x68,0x61,0x6c,0x6c,0x20,0x6d,0x65,0x61,0x6e,0x20,
  0x74,0x68,0x65,0x20,0x63,0x6f,0x70,0x79,0x72,0x69,0x67,0x68,0x74,0x20,0x6f,0x77,
  0x6e,0x65,0x72,0x20,0x6f,0x72,0x20,0x65,0x6e,0x74,0x69,0x74,0x79,0x20,0x61,0x75,
  0x74,0x68,0x6f,0x72,0x69,0x7a,0x65,0x64,0x20,0x62,0x79,0x0a,0x20,0x20,0x20,0x20,
  0x20,0x20,0x74,0x68,0x65,0x20,0x63,0x6f,0x70,0x79,0x72,0x69,0x67,0x68,0x74,0x20,
  0x6f,0x77,0x6e,0x65,0x72,0x20,0x74,0x68,0x61,0x74,0x20,0x69,0x73,0x20,0x67,0x72,
  0x61,0x6e,0x74,0x69,0x6e,0x67,0x20,0x74,0x68,0x65,0x20,0x4c,0x69,0x63,0x65,0x6e,
  0x73,0x65,0x2e,0x0a,0x0a,0x20,0x20,0x20,0x20,0x20,0x20,0x22,0x4c,0x65,0x67,0x61,
  0x6c,0x20,0x45,0x6e,0x74,0x69,0x74,0x79,0x22,0x20,0x73,0x68,0x61,0x6c,0x6c,0x20,
  0x6d,0x65,0x61,0x6e,0x20,0x74,0x68,0x65,0x20,0x75,0x6e,0x69,0x6f,0x6e,0x20,0x6f,
  0x66,0x20,0x74,0x68,0x65,0x20,0x61,0x63,0x74,0x69,0x6e,0x67,0x20,0x65,0x6e,0x74,
  0x69,0x74,0x79,0x20,0x61,0x6e,0x64,0x20,0x61,0x6c,0x6c,0x0a,0x20,0x20,0x20,0x20,
  0x20,0x20,0x6f,0x74,0x68,0x65,0x72,0x20,0x65,0x6e,0x74,0x69,0x74,0x69,0x65,0x73,
  0x20,0x74,0x68,0x61,0x74,0x20,0x63,0x6f,0x6e,0x74,0x72,0x6f,0x6c,0x2c,0x20,0x61,
  0x72,0x65,0x20,0x63,0x6f,0x6e,0x74,0x72,0x6f,0x6c,0x6c,0x65,0x64,0x20,0x62,0x79,
  0x2c,0x20,0x6f,0x72,0x20,0x61,0x72,0x65,0x20,0x75,0x6e,0x64,0x65,0x72,0x20,0x63,
  0x6f,0x6d,0x6d,0x6f,0x6e,0x0a,0x20,0x20,0x20,0x20,0x20,0x20,0x63,0x6f,0x6e,0x74,
  0x72,0x6f,0x6c,0x20,0x77,0x69,0x74,0x68,0x20,0x74,0x68,0x61,0x74,0x20,0x65,0x6e,
  0x74,0x69,0x74,0x79,0x2e,0x20,0x46,0x6f,0x72,0x20,0x74,0x68,0x65,0x20,0x70,0x75,
  0x72,0x70,0x6f,0x73,0x65,0x73,0x20,0x6f,0x66,0x20,0x74,0x68,0x69,0x73,0x20,0x64,
  0x65,0x66,0x69,0x6e,0x69,0x74,0x69,0x6f,0x6e,0x2c,0x0a,0x20,0x20,0x20,0x20,0x20,
  0x20,0x22,0x63,0x6f,0x6e,0x74,0x72,0x6f,0x6c,0x22,0x20,0x6d,0x65,0x61,0x6e,0x73,
  0x20,0x28,0x69,0x29,0x20,0x74,0x68,0x65,0x20,0x70,0x6f,0x77,0x65,0x72,0x2c,0x20,
  0x64,0x69,0x72,0x65,0x63,0x74,0x20,0x6f,0x72,0x20,0x69,0x6e,0x64,0x69,0x72,0x65,
  0x63,0x74,0x2c,0x20,0x74,0x6f,0x20,0x63,0x61,0x75,0x73,0x65,0x20,0x74,0x68,0x65,
  0x0a,0x20,0x20,0x20,0x20,0x20,0x20,0x64,0x69,0x72,0x65,0x63,0x74,0x69,0x6f,0x6e,
  0x20,0x6f,0x72,0x20,0x6d,0x61,0x6e,0x61,0x67,0x65,0x6d,0x65,0x6e,0x74,0x20,0x6f,
  0x66,0x20,0x73,0x75,0x63,0x68,0x20,0x65,0x6e,0x74,0x69,0x74,0x79,0x2c,0x20,0x77,
  0x68,0x65,0x74,0x68,0x65,0x72,0x20,0x62,0x79,0x20,0x63,0x6f,0x6e,0x74,0x72,0x61,
  0x63,0x74,0x20,0x6f,0x72,0x0a,0x20,0x20,0x20,0x20,0x20,0x20,0x6f,0x74,0x68,0x65,
  0x72,0x77,0x69,0x73,0x65,0x2c,0x20,0x6f,0x72,0x20,0x28,0x69,0x69,0x29,0x20,0x6f,
  0x77,0x6e,0x65,0x72,0x73,0x68,0x69,0x70,0x20,0x6f,0x66,0x20,0x66,0x69,0x66,0x74,
  0x79,0x20,0x70,0x65,0x72,0x63,0x65,0x6e,0x74,0x20,0x28,0x35,0x30,0x25,0x29,0x20,
  0x6f,0x72,0x20,0x6d,0x6f,0x72,0x65,0x20,0x6f,0x66,0x20,0x74,0x68,0x65,0x0a,0x20,
  0x20,0x20,0x20,0x20,0x20,0x6f,0x75,0x74,0x73,0x74,0x61,0x6e,0x64,0x69,0x6e,0x67,
  0x20,0x73,0x68,0x61,0x72,0x65,0x73,0x2c,0x20,0x6f,0x72,0x20,0x28,0x69,0x69,0x69,
  0x29,0x20,0x62,0x65,0x6e,0x65,0x66,0x69,0x63,0x69,0x61,0x6c,0x20,0x6f,0x77,0x6e,
  0x65,0x72,0x73,0x68,0x69,0x70,0x20,0x6f,0x66,0x20,0x73,0x75,0x63,0x68,0x20,0x65,
  0x6e,0x74,0x69,0x74,0x79,0x2e,0x0a,0x0a,0x20,0x20,0x20,0x20,0x20,0x20,0x22,0x59,
  0x6f,0x75,0x22,0x20,0x28,0x6f,0x72,0x20,0x22,0x59,0x6f,0x75,0x72,0x22,0x29,0x20,
  0x73,0x68,0x61,0x6c,0x6c,0x20,0x6d,0x65,0x61,0x6e,0x20,0x61,0x6e,0x20,0x69,0x6e,
  0x64,0x69,0x76,0x69,0x64,0x75,0x61,0x6c,0x20,0x6f,0x72,0x20,0x4c,0x65,0x67,0x61,
  0x6c,0x20,0x45,0x6e,0x74,0x69,0x74,0x79,0x0a,0x20,0x20,0x20,0x20,0x20,0x20,0x65,
  0x78,0x65,0x72,0x63,0x69,0x73,0x69,0x6e,0x67,0x20,0x70,0x65,0x72,0x6d,0x69,0x73,
  0x73,0x69,0x6f,0x6e,0x73,0x20,0x67,0x72,0x61,0x6e,0x74,0x65,0x64,0x20,0x62,0x79,
  0x20,0x74,0x68,0x69,0x73,0x20,0x4c,0x69,0x63,0x65,0x6e,0x73,0x65,0x2e,0x0a,0x0a,
  0x20,0x20,0x20,0x20,0x20,0x20,0x22,0x53,0x6f,0x75,0x72,0x63,0x65,0x22,0x20,0x66,
  0x6f,0x72,0x6d,0x20,0x73,0x68,0x61,0x6c,0x6c,0x20,0x6d,0x65,0x61,0x6e,0x20,0x74,
  0x68,0x65,0x20,0x70,0x72,0x65,0x66,0x65,0x72,0x72,0x65,0x64,0x20,0x66,0x6f,0x72,
  0x6d,0x20,0x66,0x6f,0x72,0x20,0x6d,0x61,0x6b,0x69,0x6e,0x67,0x20,0x6d,0x6f,0x64,
  0x69,0x66,0x69,0x63,0x61,0x74,0x69,0x6f,0x6e,0x73,0x2c,0x0a,0x20,0x20,0x20,0x20,
  0x20,0x20,0x69,0x6e,0x63,0x6c,0x75,0x64,0x69,0x6e,0x67,0x20,0x62,0x75,0x74,0x20,
  0x6e,0x6f,0x74,0x20,0x6c,0x69,0x6d,0x69,0x74,0x65,0x64,0x20,0x74,0x6f,0x20,0x73,
  0x6f,0x66,0x74,0x77,0x61,0x72,0x65,0x20,0x73,0x6f,0x75,0x72,0x63,0x65,0x20,0x63,
  0x6f,0x64,0x65,0x2c,0x20,0x64,0x6f,0x63,0x75,0x6d,0x65,0x6e,0x74,0x61,0x74,0x69,
  0x6f,0x6e,0x0a,0x20,0x20,0x20,0x20,0x20,0x20,0x73,0x6f,0x75,0x72,0x63,0x65,0x2c,
  0x20,0x61,0x6e,0x64,0x20,0x63,0x6f,0x6e,0x66,0x69,0x67,0x75,0x72,0x61,0x74,0x69,
  0x6f,0x6e,0x20,0x66,0x69,0x6c,0x65,0x73,0x2e,0x0a,0x0a,0x20,0x20,0x20,0x20,0x20,
  0x20,0x22,0x4f,0x62,0x6a,0x65,0x63,0x74,0x22,0x20,0x66,0x6f,0x72,0x6d,0x20,0x73,
  0x68,0x61,0x6c,0x6c,0x20,0x6d,0x65,0x61,0x6e,0x20,0x61,0x6e,0x79,0x20,0x66,0x6f,
  0x72,0x6d,0x20,0x72,0x65,0x73,0x75,0x6c,0x74,0x69,0x6e,0x67,0x20,0x66,0x72,0x6f,
  0x6d,0x20,0x6d,0x65,0x63,0x68,0x61,0x6e,0x69,0x63,0x61,0x6c,0x0a,0x20,0x20,0x20,
  0x20,0x20,0x20,0x74,0x72,0x61,0x6e,0x73,0x66,0x6f,0x72,0x6d,0x61,0x74,0x69,0x6f,
  0x6e,0x20,0x6f,0x72,0x20,0x74,0x72,0x61,0x6e,0x73,0x6c,0x61,0x74,0x69,0x6f,0x6e,
  0x20,0x6f,0x66,0x20,0x61,0x20,0x53,0x6f,0x75,0x72,0x63,0x65,0x20,0x66,0x6f,0x72,
  0x6d,0x2c,0x20,0x69,0x6e,0x63,0x6c,0x75,0x64,0x69,0x6e,0x67,0x20,0x62,0x75,0x74,
  0x0a,0x20,0x20,0x20,0x20,0x20,0x20,0x6e,0x6f,0x74,0x20,0x6c,0x69,0x6d,0x69,0x74,
  0x65,0x64,0x20,0x74,0x6f,0x20,0x63,0x6f,0x6d,0x70,0x69,0x6c,0x65,0x64,0x20,0x6f,
  0x62,0x6a,0x65,0x63,0x74,0x20,0x63,0x6f,0x64,0x65,0x2c,0x20,0x67,0x65,0x6e,0x65,
  0x72,0x61,0x74,0x65,0x64,0x20,0x64,0x6f,0x63,0x75,0x6d,0x65,0x6e,0x74,0x61,0x74,
  0x69,0x6f,0x6e,0x2c,0x0a,0x20,0x20,0x20,0x20,0x20,0x20,0x61,0x6e,0x64,0x20,0x63,
  0x6f,0x6e,0x76,0x65,0x72,0x73,0x69,0x6f,0x6e,0x73,0x20,0x74,0x6f,0x20,0x6f,0x74,
  0x68,0x65,0x72,0x20,0x6d,0x65,0x64,0x69,0x61,0x20,0x74,0x79,0x70,0x65,0x73,0x2e,
  0x0a,0x0a,0x20,0x20,0x20,0x20,0x20,0x20,0x22,0x57,0x6f,0x72,0x6b,0x22,0x20,0x73,
  0x68,0x61,0x6c,0x6c,0x20,0x6d,0x65,0x61,0x6e,0x20,0x74,0x68,0x65,0x20,0x77,0x6f,
  0x72,0x6b,0x20,0x6f,0x66,0x20,0x61,0x75,0x74,0x68,0x6f,0x72,0x73,0x68,0x69,0x70,
  0x2c,0x20,0x77,0x68,0x65,0x74,0x68,0x65,0x72,0x20,0x69,0x6e,0x20,0x53,0x6f,0x75,
  0x72,0x63,0x65,0x20,0x6f,0x72,0x0a,0x20,0x20,0x20,0x20,0x20,0x20,0x4f,0x62,0x6a,
  0x65,0x63,0x74,0x20,0x66,0x6f,0x72,0x6d,0x2c,0x20,0x6d,0x61,0x64,0x65,0x20,0x61,
  0x76,0x61,0x69,0x6c,0x61,0x62,0x6c,0x65,0x20,0x75,0x6e,0x64,0x65,0x72,0x20,0x74,
  0x68,0x65,0x20,0x4c,0x69,0x63,0x65,0x6e,0x73,0x65,0x2c,0x20,0x61,0x73,0x20,0x69,
  0x6e,0x64,0x69,0x63,0x61,0x74,0x65,0x64,0x20,0x62,0x79,0x20,0x61,0x0a,0x20,0x20,
  0x20,0x20,0x20,0x20,0x63,0x6f,0x70,0x79,0x72,0x69,0x67,0x68,0x74,0x20,0x6e,0x6f,
  0x74,0x69,0x63,0x65,0x20,0x74,0x68,0x61,0x74,0x20,0x69,0x73,0x20,0x69,0x6e,0x63,
  0x6c,0x75,0x64,0x65,0x64,0x20,0x69,0x6e,0x20,0x6f,0x72,0x20,0x61,0x74,0x74,0x61,
  0x63,0x68,0x65,0x64,0x20,0x74,0x6f,0x20,0x74,0x68,0x65,0x20,0x77,0x6f,0x72,0x6b,
  0x0a,0x20,0x20,0x20,0x20,0x20,0x20,0x28,0x61,0x6e,0x20,0x65,0x78,0x61,0x6d,0x70,
  0x6c,0x65,0x20,0x69,0x73,0x20,0x70,0x72,0x6f,0x76,0x69,0x64,0x65,0x64,0x20,0x69,
  0x6e,0x20,0x74,0x68,0x65,0x20,0x41,0x70,0x70,0x65,0x6e,0x64,0x69,0x78,0x20,0x62,
  0x65,0x6c,0x6f,0x77,0x29,0x2e,0x0a,0x0a,0x20,0x20,0x20,0x20,0x20,0x20,0x22,0x44,
  0x65,0x72,0x69,0x76,0x61,0x74,0x69,0x76,0x65,0x20,0x57,0x6f,0x72,0x6b,0x73,0x22,
  0x20,0x73,0x68,0x61,0x6c,0x6c,0x20,0x6d,0x65,0x61,0x6e,0x20,0x61,0x6e,0x79,0x20,
  0x77,0x6f,0x72,0x6b,0x2c,0x20,0x77,0x68,0x65,0x74,0x68,0x65,0x72,0x20,0x69,0x6e,
  0x20,0x53,0x6f,0x75,0x72,0x63,0x65,0x20,0x6f,0x72,0x20,0x4f,0x62,0x6a,0x65,0x63,
  0x74,0x0a,0x20,0x20,0x20,0x20,0x20,0x20,0x66,0x6f,0x72,0x6d,0x2c,0x20,0x74,0x68,
  0x61,0x74,0x20,0x69,0x73,0x20,0x62,0x61,0x73,0x65,0x64,0x20,0x6f,0x6e,0x20,0x28,
  0x6f,0x72,0x20,0x64,0x65,0x72,0x69,0x76,0x65,0x64,0x20,0x66,0x72,0x6f,0x6d,0x29,
  0x20,0x74,0x68,0x65,0x20,0x57,0x6f,0x72,0x6b,0x20,0x61,0x6e,0x64,0x20,0x66,0x6f,
  0x72,0x20,0x77,0x68,0x69,0x63,0x68,0x20,0x74,0x68,0x65,0x0a,0x20,0x20,0x20,0x20,
  0x20,0x20,0x65,0x64,0x69,0x74,0x6f,0x72,0x69,0x61,0x6c,0x20,0x72,0x65,0x76,0x69,
  0x73,0x69,0x6f,0x6e,0x73,0x2c,0x20,0x61,0x6e,0x6e,0x6f,0x74,0x61,0x74,0x69,0x6f,
  0x6e,0x73,0x2c,0x20,0x65,0x6c,0x61,0x62,0x6f,0x72,0x61,0x74,0x69,0x6f,0x6e,0x73,
  0x2c,0x20,0x6f,0x72,0x20,0x6f,0x74,0x68,0x65,0x72,0x20,0x6d,0x6f,0x64,0x69,0x66,
  0x69,0x63,0x61,0x74,0x69,0x6f,0x6e,0x73,0x0a,0x20,0x20,0x20,0x20,0x20,0x20,0x72,
  0x65,0x70,0x72,0x65,0x73,0x65,0x6e,0x74,0x2c,0x20,0x61,0x73,0x20,0x61,0x20,0x77,
  0x68,0x6f,0x6c,0x65,0x2c,0x20,0x61,0x6e,0x20,0x6f,0x72,0x69,0x67,0x69,0x6e,0x61,
  0x6c,0x20,0x77,0x6f,0x72,0x6b,0x20,0x6f,0x66,0x20,0x61,0x75,0x74,0x68,0x6f,0x72,
  0x73,0x68,0x69,0x70,0x2e,0x20,0x46,0x6f,0x72,0x20,0x74,0x68,0x65,0x20,0x70,0x75,
  0x72,0x70,0x6f,0x73,0x65,0x73,0x0a,0x20,0x20,0x20,0x20,0x20,0x20,0x6f,0x66,0x20,
  0x74,0x68,0x69,0x73,0x20,0x4c,0x69,0x63,0x65,0x6e,0x73,0x65,0x2c,0x20,0x44,0x65,
  0x72,0x69,0x76,0x61,0x74,0x69,0x76,0x65,0x20,0x57,0x6f,0x72,0x6b,0x73,0x20,0x73,
  0x68,0x61,0x6c,0x6c,0x20,0x6e,0x6f,0x74,0x20,0x69,0x6e,0x63,0x6c,0x75,0x64,0x65,
  0x20,0x77,0x6f,0x72,0x6b,0x73,0x20,0x74,0x68,0x61,0x74,0x20,0x72,0x65,0x6d,0x61,
  0x69,0x6e,0x0a,0x20,0x20,0x20,0x20,0x20,0x20,0x73,0x65,0x70,0x61,0x72,0x61,0x62,
  0x6c,0x65,0x20,0x66,0x72,0x6f,0x6d,0x2c,0x20,0x6f,0x72,0x20,0x6d,0x65,0x72,0x65,
  0x6c,0x79,0x20,0x6c,0x69,0x6e,0x6b,0x20,0x28,0x6f,0x72,0x20,0x62,0x69,0x6e,0x64,
  0x20,0x62,0x79,0x20,0x6e,0x61,0x6d,0x65,0x29,0x20,0x74,0x6f,0x20,0x74,0x68,0x65,
  0x20,0x69,0x6e,0x74,0x65,0x72,0x66,0x61,0x63,0x65,0x73,0x20,0x6f,0x66,0x2c,0x0a,
  0x20,0x20,0x20,0x20,0x20,0x20,0x74,0x68,0x65,0x20,0x57,0x6f,0x72,0x6b,0x20,0x61,
  0x6e,0x64,0x20,0x44,0x65,0x72,0x69,0x76,0x61,0x74,0x69,0x76,0x65,0x20,0x57,0x6f,
  0x72,0x6b,0x73,0x20,0x74,0x68,0x65,0x72,0x65,0x6f,0x66,0x2e,0x0a,0x0a,0x20,0x20,
  0x20,0x20,0x20,0x20,0x22,0x43,0x6f,0x6e,0x74,0x72,0x69,0x62,0x75,0x74,0x69,0x6f,
  0x6e,0x22,0x20,0x73,0x68,0x61,0x6c,0x6c,0x20,0x6d,0x65,0x61,0x6e,0x20,0x61,0x6e,
  0x79,0x20,0x77,0x6f,0x72,0x6b,0x20,0x6f,0x66,0x20,0x61,0x75,0x74,0x68,0x6f,0x72,
  0x73,0x68,0x69,0x70,0x2c,0x20,0x69,0x6e,0x63,0x6c,0x75,0x64,0x69,0x6e,0x67,0x0a,
  0x20,0x20,0x20,0x20,0x20,0x20,0x74,0x68,0x65,0x20,0x6f,0x72,0x69,0x67,0x69,0x6e,
  0x61,0x6c,0x20,0x76,0x65,0x72,0x73,0x69,0x6f,0x6e,0x20,0x6f,0x66,0x20,0x74,0x68,
  0x65,0x20,0x57,0x6f,0x72,0x6b,0x20,0x61,0x6e,0x64,0x20,0x61,0x6e,0x79,0x20,0x6d,
  0x6f,0x64,0x69,0x66,0x69,0x63,0x61,0x74,0x69,0x6f,0x6e,0x73,0x20,0x6f,0x72,0x20,
  0x61,0x64,0x64,0x69,0x74,0x69,0x6f,0x6e,0x73,0x0a,0x20,0x20,0x20,0x20,0x20,0x20,
  0x74,0x6f,0x20,0x74,0x68,0x61,0x74,0x20,0x57,0x6f,0x72,0x6b,0x20,0x6f,0x72,0x20,
  0x44,0x65,0x72,0x69,0x76,0x61,0x74,0x69,0x76,0x65,0x20,0x57,0x6f,0x72,0x6b,0x73,
  0x20,0x74,0x68,0x65,0x72,0x65,0x6f,0x66,0x2c,0x20,0x74,0x68,0x61,0x74,0x20,0x69,
  0x73,0x20,0x69,0x6e,0x74,0x65,0x6e,0x74,0x69,0x6f,0x6e,0x61,0x6c,0x6c,0x79,0x0a,
  0x20,0x20,0x20,0x20,0x20,0x20,0x73,0x75,0x62,0x6d,0x69,0x74,0x74,0x65,0x64,0x20,
  0x74,0x6f,0x20,0x4c,0x69,0x63,0x65,0x6e,0x73,0x6f,0x72,0x20,0x66,0x6f,0x72,0x20,
  0x69,0x6e,0x63,0x6c,0x75,0x73,0x69,0x6f,0x6e,0x20,0x69,0x6e,0x20,0x74,0x68,0x65,
  0x20,0x57,0x6f,0x72,0x6b,0x20,0x62,0x79,0x20,0x74,0x68,0x65,0x20,0x63,0x6f,0x70,
  0x79,0x72,0x69,0x67,0x68,0x74,0x20,0x6f,0x77,0x6e,0x65,0x72,0x0a,0x20,0x20,0x20,
  0x20,0x20,0x20,0x6f,0x72,0x20,0x62,0x79,0x20,0x61,0x6e,0x20,0x69,0x6e,0x64,0x69,
  0x76,0x69,0x64,0x75,0x61,0x6c,0x20,0x6f,0x72,0x20,0x4c,0x65,0x67,0x61,0x6c,0x20,
  0x45,0x6e,0x74,0x69,0x74,0x79,0x20,0x61,0x75,0x74,0x68,0x6f,0x72,0x69,0x7a,0x65,
  0x64,0x20,0x74,0x6f,0x20,0x73,0x75,0x62,0x6d,0x69,0x74,0x20,0x6f,0x6e,0x20,0x62,
  0x65,0x68,0x61,0x6c,0x66,0x20,0x6f,0x66,0x0a,0x20,0x20,0x20,0x20,0x20,0x20,0x74,
  0x68,0x65,0x20,0x63,0x6f,0x70,0x79,0x72,0x69,0x67,0x68,0x74,0x20,0x6f,0x77,0x6e,
  0x65,0x72,0x2e,0x20,0x46,0x6f,0x72,0x20,0x74,0x68,0x65,0x20,0x70,0x75,0x72,0x70,
  0x6f,0x73,0x65,0x73,0x20,0x6f,0x66,0x20,0x74,0x68,0x69,0x73,0x20,0x64,0x65,0x66,
  0x69,0x6e,0x69,0x74,0x69,0x6f,0x6e,0x2c,0x20,0x22,0x73,0x75,0x62,0x6d,0x69,0x74,
  0x74,0x65,0x64,0x22,0x0a,0x20,0x20,0x20,0x20,0x20,0x20,0x6d,0x65,0x61,0x6e,0x73,
  0x20,0x61,0x6e,0x79,0x20,0x66,0x6f,0x72,0x6d,0x20,0x6f,0x66,0x20,0x65,0x6c,0x65,
  0x63,0x74,0x72,0x6f,0x6e,0x69,0x63,0x2c,0x20,0x76,0x65,0x72,0x62,0x61,0x6c,0x2c,
  0x20,0x6f,0x72,0x20,0x77,0x72,0x69,0x74,0x74,0x65,0x6e,0x20,0x63,0x6f,0x6d,0x6d,
  0x75,0x6e,0x69,0x63,0x61,0x74,0x69,0x6f,0x6e,0x20,0x73,0x65,0x6e,0x74,0x0a,0x20,
  0x20,0x20,0x20,0x20,0x20,0x74,0x6f,0x20,0x74,0x68,0x65,0x20,0x4c,0x69,0x63,0x65,
  0x6e,0x73,0x6f,0x72,0x20,0x6f,0x72,0x20,0x69,0x74,0x73,0x20,0x72,0x65,0x70,0x72,
  0x65,0x73,0x65,0x6e,0x74,0x61,0x74,0x69,0x76,0x65,0x73,0x2c,0x20,0x69,0x6e,0x63,
  0x6c,0x75,0x64,0x69,0x6e,0x67,0x20,0x62,0x75,0x74,0x20,0x6e,0x6f,0x74,0x20,0x6c,
  0x69,0x6d,0x69,0x74,0x65,0x64,0x20,0x74,0x6f,0x0a,0x20,0x20,0x20,0x20,0x20,0x20,
  0x63,0x6f,0x6d,0x6d,0x75,0x6e,0x69,0x63,0x61,0x74,0x69,0x6f,0x6e,0x20,0x6f,0x6e,
  0x20,0x65,0x6c,0x65,0x63,0x74,0x72,0x6f,0x6e,0x69,0x63,0x20,0x6d,0x61,0x69,0x6c,
  0x69,0x6e,0x67,0x20,0x6c,0x69,0x73,0x74,0x73,0x2c,0x20,0x73,0x6f,0x75,0x72,0x63,
  0x65,0x20,0x63,0x6f,0x64,0x65,0x20,0x63,0x6f,0x6e,0x74,0x72,0x6f,0x6c,0x20,0x73,
  0x79,0x73,0x74,0x65,0x6d,0x73,0x2c,0x0a,0x20,0x20,0x20,0x20,0x20,0x20,0x61,0x6e,
  0x64,0x20,0x69,0x73,0x73,0x75,0x65,0x20,0x74,0x72,0x61,0x63,0x6b,0x69,0x6e,0x67,
  0x20,0x73,0x79,0x73,0x74,0x65,0x6d,0x73,0x20,0x74,0x68,0x61,0x74,0x20,0x61,0x72,
  0x65,0x20,0x6d,0x61,0x6e,0x61,0x67,0x65,0x64,0x20,0x62,0x79,0x2c,0x20,0x6f,0x72,
  0x20,0x6f,0x6e,0x20,0x62,0x65,0x68,0x61,0x6c,0x66,0x20,0x6f,0x66,0x2c,0x20,0x74,
  0x68,0x65,0x0a,0x20,0x20,0x20,0x20,0x20,0x20,0x4c,0x69,0x63,0x65,0x6e,0x73,0x6f,
  0x72,0x20,0x66,0x6f,0x72,0x20,0x74,0x68,0x65,0x20,0x70,0x75,0x72,0x70,0x6f,0x73,
  0x65,0x20,0x6f,0x66,0x20,0x64,0x69,0x73,0x63,0x75,0x73,0x73,0x69,0x6e,0x67,0x20,
  0x61,0x6e,0x64,0x20,0x69,0x6d,0x70,0x72,0x6f,0x76,0x69,0x6e,0x67,0x20,0x74,0x68,
  0x65,0x20,0x57,0x6f,0x72,0x6b,0x2c,0x20,0x62,0x75,0x74,0x0a,0x20,0x20,0x20,0x20,
  0x20,0x20,0x65,0x78,0x63,0x6c,0x75,0x64,0x69,0x6e,0x67,0x20,0x63,0x6f,0x6d,0x6d,
  0x75,0x6e,0x69,0x63,0x61,0x74,0x69,0x6f,0x6e,0x20,0x74,0x68,0x61,0x74,0x20,0x69,
  0x73,0x20,0x63,0x6f,0x6e,0x73,0x70,0x69,0x63,0x75,0x6f,0x75,0x73,0x6c,0x79,0x20,
  0x6d,0x61,0x72,0x6b,0x65,0x64,0x20,0x6f,0x72,0x20,0x6f,0x74,0x68,0x65,0x72,0x77,
  0x69,0x73,0x65,0x0a,0x20,0x20,0x20,0x20,0x20,0x20,0x64,0x65,0x73,0x69,0x67,0x6e,
  0x61,0x74,0x65,0x64,0x20,0x69,0x6e,0x20,0x77,0x72,0x69,0x74,0x69,0x6e,0x67,0x20,
  0x62,0x79,0x20,0x74,0x68,0x65,0x20,0x63,0x6f,0x70,0x79,0x72,0x69,0x67,0x68,0x74,
  0x20,0x6f,0x77,0x6e,0x65,0x72,0x20,0x61,0x73,0x20,0x22,0x4e,0x6f,0x74,0x20,0x61,
  0x20,0x43,0x6f,0x6e,0x74,0x72,0x69,0x62,0x75,0x74,0x69,0x6f,0x6e,0x2e,0x22,0x0a,
  0x0a,0x20,0x20,0x20,0x20,0x20,0x20,0x22,0x43,0x6f,0x6e,0x74,0x72,0x69,0x62,0x75,
  0x74,0x6f,0x72,0x22,0x20,0x73,0x68,0x61,0x6c,0x6c,0x20,0x6d,0x65,0x61,0x6e,0x20,
  0x4c,0x69,0x63,0x65,0x6e,0x73,0x6f,0x72,0x20,0x61,0x6e,0x64,0x20,0x61,0x6e,0x79,
  0x20,0x69,0x6e,0x64,0x69,0x76,0x69,0x64,0x75,0x61,0x6c,0x20,0x6f,0x72,0x20,0x4c,
  0x65,0x67,0x61,0x6c,0x20,0x45,0x6e,0x74,0x69,0x74,0x79,0x0a,0x20,0x20,0x20,0x20,
  0x20,0x20,0x6f,0x6e,0x20,0x62,0x65,0x68,0x61,0x6c,0x66,0x20,0x6f,0x66,0x20,0x77,
  0x68,0x6f,0x6d,0x20,0x61,0x20,0x43,0x6f,0x6e,0x74,0x72,0x69,0x62,0x75,0x74,0x69,
  0x6f,0x6e,0x20,0x68,0x61,0x73,0x20,0x62,0x65,0x65,0x6e,0x20,0x72,0x65,0x63,0x65,
  0x69,0x76,0x65,0x64,0x20,0x62,0x79,0x20,0x4c,0x69,0x63,0x65,0x6e,0x73,0x6f,0x72,
  0x20,0x61,0x6e,0x64,0x0a,0x20,0x20,0x20,0x20,0x20,0x20,0x73,0x75,0x62,0x73,0x65,
  0x71,0x75,0x65,0x6e,0x74,0x6c,0x79,0x20,0x69,0x6e,0x63,0x6f,0x72,0x70,0x6f,0x72,
  0x61,0x74,0x65,0x64,0x20,0x77,0x69,0x74,0x68,0x69,0x6e,0x20,0x74,0x68,0x65,0x20,
  0x57,0x6f,0x72,0x6b,0x2e,0x0a,0x0a,0x20,0x20,0x20,0x32,0x2e,0x20,0x47,0x72,0x61,
  0x6e,0x74,0x20,0x6f,0x66,0x20,0x43,0x6f,0x70,0x79,0x72,0x69,0x67,0x68,0x74,0x20,
  0x4c,0x69,0x63,0x65,0x6e,0x73,0x65,0x2e,0x20,0x53,0x75,0x62,0x6a,0x65,0x63,0x74,
  0x20,0x74,0x6f,0x20,0x74,0x68,0x65,0x20,0x74,0x65,0x72,0x6d,0x73,0x20,0x61,0x6e,
  0x64,0x20,0x63,0x6f,0x6e,0x64,0x69,0x74,0x69,0x6f,0x6e,0x73,0x20,0x6f,0x66,0x0a,
  0x20,0x20,0x20,0x20,0x20,0x20,0x74,0x68,0x69,0x73,0x20,0x4c,0x69,0x63,0x65,0x6e,
  0x73,0x65,0x2c,0x20,0x65,0x61,0x63,0x68,0x20,0x43,0x6f,0x6e,0x74,0x72,0x69,0x62,
  0x75,0x74,0x6f,0x72,0x20,0x68,0x65,0x72,0x65,0x62,0x79,0x20,0x67,0x72,0x61,0x6e,
  0x74,0x73,0x20,0x74,0x6f,0x20,0x59,0x6f,0x75,0x20,0x61,0x20,0x70,0x65,0x72,0x70,
  0x65,0x74,0x75,0x61,0x6c,0x2c,0x0a,0x20,0x20,0x20,0x20,0x20,0x20,0x77,0x6f,0x72,
  0x6c,0x64,0x77,0x69,0x64,0x65,0x2c,0x20,0x6e,0x6f,0x6e,0x2d,0x65,0x78,0x63,0x6c,
  0x75,0x73,0x69,0x76,0x65,0x2c,0x20,0x6e,0x6f,0x2d,0x63,0x68,0x61,0x72,0x67,0x65,
  0x2c,0x20,0x72,0x6f,0x79,0x61,0x6c,0x74,0x79,0x2d,0x66,0x72,0x65,0x65,0x2c,0x20,
  0x69,0x72,0x72,0x65,0x76,0x6f,0x63,0x61,0x62,0x6c,0x65,0x0a,0x20,0x20,0x20,0x20,
  0x20,0x20,0x63,0x6f,0x70,0x79,0x72,0x69,0x67,0x68,0x74,0x20,0x6c,0x69,0x63,0x65,
  0x6e,0x73,0x65,0x20,0x74,0x6f,0x20,0x72,0x65,0x70,0x72,0x6f,0x64,0x75,0x63,0x65,
  0x2c,0x20,0x70,0x72,0x65,0x70,0x61,0x72,0x65,0x20,0x44,0x65,0x72,0x69,0x76,0x61,
  0x74,0x69,0x76,0x65,0x20,0x57,0x6f,0x72,0x6b,0x73,0x20,0x6f,0x66,0x2c,0x0a,0x20,
  0x20,0x20,0x20,0x20,0x20,0x70,0x75,0x62,0x6c,0x69,0x63,0x6c,0x79,0x20,0x64,0x69,
  0x73,0x70,0x6c,0x61,0x79,0x2c,0x20,0x70,0x75,0x62,0x6c,0x69,0x63,0x6c,0x79,0x20,
  0x70,0x65,0x72,0x66,0x6f,0x72,0x6d,0x2c,0x20,0x73,0x75,0x62,0x6c,0x69,0x63,0x65,
  0x6e,0x73,0x65,0x2c,0x20,0x61,0x6e,0x64,0x20,0x64,0x69,0x73,0x74,0x72,0x69,0x62,
  0x75,0x74,0x65,0x20,0x74,0x68,0x65,0x0a,0x20,0x20,0x20,0x20,0x20,0x20,0x57,0x6f,
  0x72,0x6b,0x20,0x61,0x6e,0x64,0x20,0x73,0x75,0x63,0x68,0x20,0x44,0x65,0x72,0x69,
  0x76,0x61,0x74,0x69,0x76,0x65,0x20,0x57,0x6f,0x72,0x6b,0x73,0x20,0x69,0x6e,0x20,
  0x53,0x6f,0x75,0x72,0x63,0x65,0x20,0x6f,0x72,0x20,0x4f,0x62,0x6a,0x65,0x63,0x74,
  0x20,0x66,0x6f,0x72,0x6d,0x2e,0x0a,0x0a,0x20,0x20,0x20,0x33,0x2e,0x20,0x47,0x72,
  0x61,0x6e,0x74,0x20,0x6f,0x66,0x20,0x50,0x61,0x74,0x65,0x6e,0x74,0x20,0x4c,0x69,
  0x63,0x65,0x6e,0x73,0x65,0x2e,0x20,0x53,0x75,0x62,0x6a,0x65,0x63,0x74,0x20,0x74,
  0x6f,0x20,0x74,0x68,0x65,0x20,0x74,0x65,0x72,0x6d,0x73,0x20,0x61,0x6e,0x64,0x20,
  0x63,0x6f,0x6e,0x64,0x69,0x74,0x69,0x6f,0x6e,0x73,0x20,0x6f,0x66,0x0a,0x20,0x20,
  0x20,0x20,0x20,0x20,0x74,0x68,0x69,0x73,0x20,0x4c,0x69,0x63,0x65,0x6e,0x73,0x65,
  0x2c,0x20,0x65,0x61,0x63,0x68,0x20,0x43,0x6f,0x6e,0x74,0x72,0x69,0x62,0x75,0x74,
  0x6f,0x72,0x20,0x68,0x65,0x72,0x65,0x62,0x79,0x20,0x67,0x72,0x61,0x6e,0x74,0x73,
  0x20,0x74,0x6f,0x20,0x59,0x6f,0x75,0x20,0x61,0x20,0x70,0x65,0x72,0x70,0x65,0x74,
  0x75,0x61,0x6c,0x2c,0x0a,0x20,0x20,0x20,0x20,0x20,0x20,0x77,0x6f,0x72,0x6c,0x64,
  0x77,0x69,0x64,0x65,0x2c,0x20,0x6e,0x6f,0x6e,0x2d,0x65,0x78,0x63,0x6c,0x75,0x73,
  0x69,0x76,0x65,0x2c,0x20,0x6e,0x6f,0x2d,0x63,0x68,0x61,0x72,0x67,0x65,0x2c,0x20,
  0x72,0x6f,0x79,0x61,0x6c,0x74,0x79,0x2d,0x66,0x72,0x65,0x65,0x2c,0x20,0x69,0x72,
  0x72,0x65,0x76,0x6f,0x63,0x61,0x62,0x6c,0x65,0x0a,0x20,0x20,0x20,0x20,0x20,0x20,
  0x28,0x65,0x78,0x63,0x65,0x70,0x74,0x20,0x61,0x73,0x20,0x73,0x74,0x61,0x74,0x65,
  0x64,0x20,0x69,0x6e,0x20,0x74,0x68,0x69,0x73,0x20,0x73,0x65,0x63,0x74,0x69,0x6f,
  0x6e,0x29,0x20,0x70,0x61,0x74,0x65,0x6e,0x74,0x20,0x6c,0x69,0x63,0x65,0x6e,0x73,
  0x65,0x20,0x74,0x6f,0x20,0x6d,0x61,0x6b,0x65,0x2c,0x20,0x68,0x61,0x76,0x65,0x20,
  0x6d,0x61,0x64,0x65,0x2c,0x0a,0x20,0x20,0x20,0x20,0x20,0x20,0x75,0x73,0x65,0x2c,
  0x20,0x6f,0x66,0x66,0x65,0x72,0x20,0x74,0x6f,0x20,0x73,0x65,0x6c,0x6c,0x2c,0x20,
  0x73,0x65,0x6c,0x6c,0x2c,0x20,0x69,0x6d,0x70,0x6f,0x72,0x74,0x2c,0x20,0x61,0x6e,
  0x64,0x20,0x6f,0x74,0x68,0x65,0x72,0x77,0x69,0x73,0x65,0x20,0x74,0x72,0x61,0x6e,
  0x73,0x66,0x65,0x72,0x20,0x74,0x68,0x65,0x20,0x57,0x6f,0x72,0x6b,0x2c,0x0a,0x20,
  0x20,0x20,0x20,0x20,0x20,0x77,0x68,0x65,0x72,0x65,0x20,0x73,0x75,0x63,0x68,0x20,
  0x6c,0x69,0x63,0x65,0x6e,0x73,0x65,0x20,0x61,0x70,0x70,0x6c,0x69,0x65,0x73,0x20,
  0x6f,0x6e,0x6c,0x79,0x20,0x74,0x6f,0x20,0x74,0x68,0x6f,0x73,0x65,0x20,0x70,0x61,
  0x74,0x65,0x6e,0x74,0x20,0x63,0x6c,0x61,0x69,0x6d,0x73,0x20,0x6c,0x69,0x63,0x65,
  0x6e,0x73,0x61,0x62,0x6c,0x65,0x0a,0x20,0x20,0x20,0x20,0x20,0x20,0x62,0x79,0x20,
  0x73,0x75,0x63,0x68,0x20,0x43,0x6f,0x6e,0x74,0x72,0x69,0x62,0x75,0x74,0x6f,0x72,
  0x20,0x74,0x68,0x61,0x74,0x20,0x61,0x72,0x65,0x20,0x6e,0x65,0x63,0x65,0x73,0x73,
  0x61,0x72,0x69,0x6c,0x79,0x20,0x69,0x6e,0x66,0x72,0x69,0x6e,0x67,0x65,0x64,0x20,
  0x62,0x79,0x20,0x74,0x68,0x65,0x69,0x72,0x0a,0x20,0x20,0x20,0x20,0x20,0x20,0x43,
  0x6f,0x6e,0x74,0x72,0x69,0x62,0x75,0x74,0x69,0x6f,0x6e,0x28,0x73,0x29,0x20,0x61,
  0x6c,0x6f,0x6e,0x65,0x20,0x6f,0x72,0x20,0x62,0x79,0x20,0x63,0x6f,0x6d,0x62,0x69,
  0x6e,0x61,0x74,0x69,0x6f,0x6e,0x20,0x6f,0x66,0x20,0x74,0x68,0x65,0x69,0x72,0x20,
  0x43,0x6f,0x6e,0x74,0x72,0x69,0x62,0x75,0x74,0x69,0x6f,0x6e,0x28,0x73,0x29,0x0a,
  0x20,0x20,0x20,0x20,0x20,0x20,0x77,0x69,0x74,0x68,0x20,0x74,0x68,0x65,0x20,0x57,
  0x6f,0x72,0x6b,0x20,0x74,0x6f,0x20,0x77,0x68,0x69,0x63,0x68,0x20,0x73,0x75,0x63,
  0x68,0x20,0x43,0x6f,0x6e,0x74,0x72,0x69,0x62,0x75,0x74,0x69,0x6f,0x6e,0x28,0x73,
  0x29,0x20,0x77,0x61,0x73,0x20,0x73,0x75,0x62,0x6d,0x69,0x74,0x74,0x65,0x64,0x2e,
  0x20,0x49,0x66,0x20,0x59,0x6f,0x75,0x0a,0x20,0x20,0x20,0x20,0x20,0x20,0x69,0x6e,
  0x73,0x74,0x69,0x74,0x75,0x74,0x65,0x20,0x70,0x61,0x74,0x65,0x6e,0x74,0x20,0x6c,
  0x69,0x74,0x69,0x67,0x61,0x74,0x69,0x6f,0x6e,0x20,0x61,0x67,0x61,0x69,0x6e,0x73,
  0x74,0x20,0x61,0x6e,0x79,0x20,0x65,0x6e,0x74,0x69,0x74,0x79,0x20,0x28,0x69,0x6e,
  0x63,0x6c,0x75,0x64,0x69,0x6e,0x67,0x20,0x61,0x0a,0x20,0x20,0x20,0x20,0x20,0x20,
  0x63,0x72,0x6f,0x73,0x73,0x2d,0x63,0x6c,0x61,0x69,0x6d,0x20,0x6f,0x72,0x20,0x63,
  0x6f,0x75,0x6e,0x74,0x65,0x72,0x63,0x6c,0x61,0x69,0x6d,0x20,0x69,0x6e,0x20,0x61,
  0x20,0x6c,0x61,0x77,0x73,0x75,0x69,0x74,0x29,0x20,0x61,0x6c,0x6c,0x65,0x67,0x69,
  0x6e,0x67,0x20,0x74,0x68,0x61,0x74,0x20,0x74,0x68,0x65,0x20,0x57,0x6f,0x72,0x6b,
  0x0a,0x20,0x20,0x20,0x20,0x20,0x20,0x6f,0x72,0x20,0x61,0x20,0x43,0x6f,0x6e,0x74,
  0x72,0x69,0x62,0x75,0x74,0x69,0x6f,0x6e,0x20,0x69,0x6e,0x63,0x6f,0x72,0x70,0x6f,
  0x72,0x61,0x74,0x65,0x64,0x20,0x77,0x69,0x74,0x68,0x69,0x6e,0x20,0x74,0x68,0x65,
  0x20,0x57,0x6f,0x72,0x6b,0x20,0x63,0x6f,0x6e,0x73,0x74,0x69,0x74,0x75,0x74,0x65,
  0x73,0x20,0x64,0x69,0x72,0x65,0x63,0x74,0x0a,0x20,0x20,0x20,0x20,0x20,0x20,0x6f,
  0x72,0x20,0x63,0x6f,0x6e,0x74,0x72,0x69,0x62,0x75,0x74,0x6f,0x72,0x79,0x20,0x70,
  0x61,0x74,0x65,0x6e,0x74,0x20,0x69,0x6e,0x66,0x72,0x69,0x6e,0x67,0x65,0x6d,0x65,
  0x6e,0x74,0x2c,0x20,0x74,0x68,0x65,0x6e,0x20,0x61,0x6e,0x79,0x20,0x70,0x61,0x74,
  0x65,0x6e,0x74,0x20,0x6c,0x69,0x63,0x65,0x6e,0x73,0x65,0x73,0x0a,0x20,0x20,0x20,
  0x20,0x20,0x20,0x67,0x72,0x61,0x6e,0x74,0x65,0x64,0x20,0x74,0x6f,0x20,0x59,0x6f,
  0x75,0x20,0x75,0x6e,0x64,0x65,0x72,0x20,0x74,0x68,0x69,0x73,0x20,0x4c,0x69,0x63,
  0x65,0x6e,0x73,0x65,0x20,0x66,0x6f,0x72,0x20,0x74,0x68,0x61,0x74,0x20,0x57,0x6f,
  0x72,0x6b,0x20,0x73,0x68,0x61,0x6c,0x6c,0x20,0x74,0x65,0x72,0x6d,0x69,0x6e,0x61,
  0x74,0x65,0x0a,0x20,0x20,0x20,0x20,0x20,0x20,0x61,0x73,0x20,0x6f,0x66,0x20,0x74,
  0x68,0x65,0x20,0x64,0x61,0x74,0x65,0x20,0x73,0x75,0x63,0x68,0x20,0x6c,0x69,0x74,
  0x69,0x67,0x61,0x74,0x69,0x6f,0x6e,0x20,0x69,0x73,0x20,0x66,0x69,0x6c,0x65,0x64,
  0x2e,0x0a,0x0a,0x20,0x20,0x20,0x34,0x2e,0x20,0x52,0x65,0x64,0x69,0x73,0x74,0x72,
  0x69,0x62,0x75,0x74,0x69,0x6f,0x6e,0x2e,0x20,0x59,0x6f,0x75,0x20,0x6d,0x61,0x79,
  0x20,0x72,0x65,0x70,0x72,0x6f,0x64,0x75,0x63,0x65,0x20,0x61,0x6e,0x64,0x20,0x64,
  0x69,0x73,0x74,0x72,0x69,0x62,0x75,0x74,0x65,0x20,0x63,0x6f,0x70,0x69,0x65,0x73,
  0x20,0x6f,0x66,0x20,0x74,0x68,0x65,0x0a,0x20,0x20,0x20,0x20,0x20,0x20,0x57,0x6f,
  0x72,0x6b,0x20,0x6f,0x72,0x20,0x44,0x65,0x72,0x69,0x76,0x61,0x74,0x69,0x76,0x65,
  0x20,0x57,0x6f,0x72,0x6b,0x73,0x20,0x74,0x68,0x65,0x72,0x65,0x6f,0x66,0x20,0x69,
  0x6e,0x20,0x61,0x6e,0x79,0x20,0x6d,0x65,0x64,0x69,0x75,0x6d,0x2c,0x20,0x77,0x69,
  0x74,0x68,0x20,0x6f,0x72,0x20,0x77,0x69,0x74,0x68,0x6f,0x75,0x74,0x0a,0x20,0x20,
  0x20,0x20,0x20,0x20,0x6d,0x6f,0x64,0x69,0x66,0x69,0x63,0x61,0x74,0x69,0x6f,0x6e,
  0x73,0x2c,0x20,0x61,0x6e,0x64,0x20,0x69,0x6e,0x20,0x53,0x6f,0x75,0x72,0x63,0x65,
  0x20,0x6f,0x72,0x20,0x4f,0x62,0x6a,0x65,0x63,0x74,0x20,0x66,0x6f,0x72,0x6d,0x2c,
  0x20,0x70,0x72,0x6f,0x76,0x69,0x64,0x65,0x64,0x20,0x74,0x68,0x61,0x74,0x20,0x59,
  0x6f,0x75,0x0a,0x20,0x20,0x20,0x20,0x20,0x20,0x6d,0x65,0x65,0x74,0x20,0x74,0x68,
  0x65,0x20,0x66,0x6f,0x6c,0x6c,0x6f,0x77,0x69,0x6e,0x67,0x20,0x63,0x6f,0x6e,0x64,
  0x69,0x74,0x69,0x6f,0x6e,0x73,0x3a,0x0a,0x0a,0x20,0x20,0x20,0x20,0x20,0x20,0x28,
  0x61,0x29,0x20,0x59,0x6f,0x75,0x20,0x6d,0x75,0x73,0x74,0x20,0x67,0x69,0x76,0x65,
  0x20,0x61,0x6e,0x79,0x20,0x6f,0x74,0x68,0x65,0x72,0x20,0x72,0x65,0x63,0x69,0x70,
  0x69,0x65,0x6e,0x74,0x73,0x20,0x6f,0x66,0x20,0x74,0x68,0x65,0x20,0x57,0x6f,0x72,
  0x6b,0x20,0x6f,0x72,0x0a,0x20,0x20,0x20,0x20,0x20,0x20,0x20,0x20,0x20,0x20,0x44,
  0x65,0x72,0x69,0x76,0x61,0x74,0x69,0x76,0x65,0x20,0x57,0x6f,0x72,0x6b,0x73,0x20,
  0x61,0x20,0x63,0x6f,0x70,0x79,0x20,0x6f,0x66,0x20,0x74,0x68,0x69,0x73,0x20,0x4c,
  0x69,0x63,0x65,0x6e,0x73,0x65,0x3b,0x20,0x61,0x6e,0x64,0x0a,0x0a,0x20,0x20,0x20,
  0x20,0x20,0x20,0x28,0x62,0x29,0x20,0x59,0x6f,0x75,0x20,0x6d,0x75,0x73,0x74,0x20,
  0x63,0x61,0x75,0x73,0x65,0x20,0x61,0x6e,0x79,0x20,0x6d,0x6f,0x64,0x69,0x66,0x69,
  0x65,0x64,0x20,0x66,0x69,0x6c,0x65,0x73,0x20,0x74,0x6f,0x20,0x63,0x61,0x72,0x72,
  0x79,0x20,0x70,0x72,0x6f,0x6d,0x69,0x6e,0x65,0x6e,0x74,0x20,0x6e,0x6f,0x74,0x69,
  0x63,0x65,0x73,0x0a,0x20,0x20,0x20,0x20,0x20,0x20,0x20,0x20,0x20,0x20,0x73,0x74,
  0x61,0x74,0x69,0x6e,0x67,0x20,0x74,0x68,0x61,0x74,0x20,0x59,0x6f,0x75,0x20,0x63,
  0x68,0x61,0x6e,0x67,0x65,0x64,0x20,0x74,0x68,0x65,0x20,0x66,0x69,0x6c,0x65,0x73,
  0x3b,0x20,0x61,0x6e,0x64,0x0a,0x0a,0x20,0x20,0x20,0x20,0x20,0x20,0x28,0x63,0x29,
  0x20,0x59,0x6f,0x75,0x20,0x6d,0x75,0x73,0x74,0x20,0x72,0x65,0x74,0x61,0x69,0x6e,
  0x2c,0x20,0x69,0x6e,0x20,0x74,0x68,0x65,0x20,0x53,0x6f,0x75,0x72,0x63,0x65,0x20,
  0x66,0x6f,0x72,0x6d,0x20,0x6f,0x66,0x20,0x61,0x6e,0x79,0x20,0x44,0x65,0x72,0x69,
  0x76,0x61,0x74,0x69,0x76,0x65,0x20,0x57,0x6f,0x72,0x6b,0x73,0x0a,0x20,0x20,0x20,
  0x20,0x20,0x20,0x20,0x20,0x20,0x20,0x74,0x68,0x61,0x74,0x20,0x59,0x6f,0x75,0x20,
  0x64,0x69,0x73,0x74,0x72,0x69,0x62,0x75,0x74,0x65,0x2c,0x20,0x61,0x6c,0x6c,0x20,
  0x63,0x6f,0x70,0x79,0x72,0x69,0x67,0x68,0x74,0x2c,0x20,0x70,0x61,0x74,0x65,0x6e,
  0x74,0x2c,0x20,0x74,0x72,0x61,0x64,0x65,0x6d,0x61,0x72,0x6b,0x2c,0x20,0x61,0x6e,
  0x64,0x0a,0x20,0x20,0x20,0x20,0x20,0x20,0x20,0x20,0x20,0x20,0x61,0x74,0x74,0x72,
  0x69,0x62,0x75,0x74,0x69,0x6f,0x6e,0x20,0x6e,0x6f,0x74,0x69,0x63,0x65,0x73,0x20,
  0x66,0x72,0x6f,0x6d,0x20,0x74,0x68,0x65,0x20,0x53,0x6f,0x75,0x72,0x63,0x65,0x20,
  0x66,0x6f,0x72,0x6d,0x20,0x6f,0x66,0x20,0x74,0x68,0x65,0x20,0x57,0x6f,0x72,0x6b,
  0x2c,0x0a,0x20,0x20,0x20,0x20,0x20,0x20,0x20,0x20,0x20,0x20,0x65,0x78,0x63,0x6c,
  0x75,0x64,0x69,0x6e,0x67,0x20,0x74,0x68,0x6f,0x73,0x65,0x20,0x6e,0x6f,0x74,0x69,
  0x63,0x65,0x73,0x20,0x74,0x68,0x61,0x74,0x20,0x64,0x6f,0x20,0x6e,0x6f,0x74,0x20,
  0x70,0x65,0x72,0x74,0x61,0x69,0x6e,0x20,0x74,0x6f,0x20,0x61,0x6e,0x79,0x20,0x70,
  0x61,0x72,0x74,0x20,0x6f,0x66,0x0a,0x20,0x20,0x20,0x20,0x20,0x20,0x20,0x20,0x20,
  0x20,0x74,0x68,0x65,0x20,0x44,0x65,0x72,0x69,0x76,0x61,0x74,0x69,0x76,0x65,0x20,
  0x57,0x6f,0x72,0x6b,0x73,0x3b,0x20,0x61,0x6e,0x64,0x0a,0x0a,0x20,0x20,0x20,0x20,
  0x20,0x20,0x28,0x64,0x29,0x20,0x49,0x66,0x20,0x74,0x68,0x65,0x20,0x57,0x6f,0x72,
  0x6b,0x20,0x69,0x6e,0x63,0x6c,0x75,0x64,0x65,0x73,0x20,0x61,0x20,0x22,0x4e,0x4f,
  0x54,0x49,0x43,0x45,0x22,0x20,0x74,0x65,0x78,0x74,0x20,0x66,0x69,0x6c,0x65,0x20,
  0x61,0x73,0x20,0x70,0x61,0x72,0x74,0x20,0x6f,0x66,0x20,0x69,0x74,0x73,0x0a,0x20,
  0x20,0x20,0x20,0x20,0x20,0x20,0x20,0x20,0x20,0x64,0x69,0x73,0x74,0x72,0x69,0x62,
  0x75,0x74,0x69,0x6f,0x6e,0x2c,0x20,0x74,0x68,0x65,0x6e,0x20,0x61,0x6e,0x79,0x20,
  0x44,0x65,0x72,0x69,0x76,0x61,0x74,0x69,0x76,0x65,0x20,0x57,0x6f,0x72,0x6b,0x73,
  0x20,0x74,0x68,0x61,0x74,0x20,0x59,0x6f,0x75,0x20,0x64,0x69,0x73,0x74,0x72,0x69,
  0x62,0x75,0x74,0x65,0x20,0x6d,0x75,0x73,0x74,0x0a,0x20,0x20,0x20,0x20,0x20,0x20,
  0x20,0x20,0x20,0x20,0x69,0x6e,0x63,0x6c,0x75,0x64,0x65,0x20,0x61,0x20,0x72,0x65,
  0x61,0x64,0x61,0x62,0x6c,0x65,0x20,0x63,0x6f,0x70,0x79,0x20,0x6f,0x66,0x20,0x74,
  0x68,0x65,0x20,0x61,0x74,0x74,0x72,0x69,0x62,0x75,0x74,0x69,0x6f,0x6e,0x20,0x6e,
  0x6f,0x74,0x69,0x63,0x65,0x73,0x20,0x63,0x6f,0x6e,0x74,0x61,0x69,0x6e,0x65,0x64,
  0x0a,0x20,0x20,0x20,0x20,0x20,0x20,0x20,0x20,0x20,0x20,0x77,0x69,0x74,0x68,0x69,
  0x6e,0x20,0x73,0x75,0x63,0x68,0x20,0x4e,0x4f,0x54,0x49,0x43,0x45,0x20,0x66,0x69,
  0x6c,0x65,0x2c,0x20,0x65,0x78,0x63,0x6c,0x75,0x64,0x69,0x6e,0x67,0x20,0x74,0x68,
  0x6f,0x73,0x65,0x20,0x6e,0x6f,0x74,0x69,0x63,0x65,0x73,0x20,0x74,0x68,0x61,0x74,
  0x20,0x64,0x6f,0x20,0x6e,0x6f,0x74,0x0a,0x20,0x20,0x20,0x20,0x20,0x20,0x20,0x20,
  0x20,0x20,0x70,0x65,0x72,0x74,0x61,0x69,0x6e,0x20,0x74,0x6f,0x20,0x61,0x6e,0x79,
  0x20,0x70,0x61,0x72,0x74,0x20,0x6f,0x66,0x20,0x74,0x68,0x65,0x20,0x44,0x65,0x72,
  0x69,0x76,0x61,0x74,0x69,0x76,0x65,0x20,0x57,0x6f,0x72,0x6b,0x73,0x2c,0x20,0x69,
  0x6e,0x20,0x61,0x74,0x20,0x6c,0x65,0x61,0x73,0x74,0x20,0x6f,0x6e,0x65,0x0a,0x20,
  0x20,0x20,0x20,0x20,0x20,0x20,0x20,0x20,0x20,0x6f,0x66,0x20,0x74,0x68,0x65,0x20,
  0x66,0x6f,0x6c,0x6c,0x6f,0x77,0x69,0x6e,0x67,0x20,0x70,0x6c,0x61,0x63,0x65,0x73,
  0x3a,0x20,0x77,0x69,0x74,0x68,0x69,0x6e,0x20,0x61,0x20,0x4e,0x4f,0x54,0x49,0x43,
  0x45,0x20,0x74,0x65,0x78,0x74,0x20,0x66,0x69,0x6c,0x65,0x20,0x64,0x69,0x73,0x74,
  0x72,0x69,0x62,0x75,0x74,0x65,0x64,0x0a,0x20,0x20,0x20,0x20,0x20,0x20,0x20,0x20,
  0x20,0x20,0x61,0x73,0x20,0x70,0x61,0x72,0x74,0x20,0x6f,0x66,0x20,0x74,0x68,0x65,
  0x20,0x44,0x65,0x72,0x69,0x76,0x61,0x74,0x69,0x76,0x65,0x20,0x57,0x6f,0x72,0x6b,
  0x73,0x3b,0x20,0x77,0x69,0x74,0x68,0x69,0x6e,0x20,0x74,0x68,0x65,0x20,0x53,0x6f,
  0x75,0x72,0x63,0x65,0x20,0x66,0x6f,0x72,0x6d,0x20,0x6f,0x72,0x0a,0x20,0x20,0x20,
  0x20,0x20,0x20,0x20,0x20,0x20,0x20,0x64,0x6f,0x63,0x75,0x6d,0x65,0x6e,0x74,0x61,
  0x74,0x69,0x6f,0x6e,0x2c,0x20,0x69,0x66,0x20,0x70,0x72,0x6f,0x76,0x69,0x64,0x65,
  0x64,0x20,0x61,0x6c,0x6f,0x6e,0x67,0x20,0x77,0x69,0x74,0x68,0x20,0x74,0x68,0x65,
  0x20,0x44,0x65,0x72,0x69,0x76,0x61,0x74,0x69,0x76,0x65,0x20,0x57,0x6f,0x72,0x6b,
  0x73,0x3b,0x20,0x6f,0x72,0x2c,0x0a,0x20,0x20,0x20,0x20,0x20,0x20,0x20,0x20,0x20,
  0x20,0x77,0x69,0x74,0x68,0x69,0x6e,0x20,0x61,0x20,0x64,0x69,0x73,0x70,0x6c,0x61,
  0x79,0x20,0x67,0x65,0x6e,0x65,0x72,0x61,0x74,0x65,0x64,0x20,0x62,0x79,0x20,0x74,
  0x68,0x65,0x20,0x44,0x65,0x72,0x69,0x76,0x61,0x74,0x69,0x76,0x65,0x20,0x57,0x6f,
  0x72,0x6b,0x73,0x2c,0x20,0x69,0x66,0x20,0x61,0x6e,0x64,0x0a,0x20,0x20,0x20,0x20,
  0x20,0x20,0x20,0x20,0x20,0x20,0x77,0x68,0x65,0x72,0x65,0x76,0x65,0x72,0x20,0x73,
  0x75,0x63,0x68,0x20,0x74,0x68,0x69,0x72,0x64,0x2d,0x70,0x61,0x72,0x74,0x79,0x20,
  0x6e,0x6f,0x74,0x69,0x63,0x65,0x73,0x20,0x6e,0x6f,0x72,0x6d,0x61,0x6c,0x6c,0x79,
  0x20,0x61,0x70,0x70,0x65,0x61,0x72,0x2e,0x20,0x54,0x68,0x65,0x20,0x63,0x6f,0x6e,
  0x74,0x65,0x6e,0x74,0x73,0x0a,0x20,0x20,0x20,0x20,0x20,0x20,0x20,0x20,0x20,0x20,
  0x6f,0x66,0x20,0x74,0x68,0x65,0x20,0x4e,0x4f,0x54,0x49,0x43,0x45,0x20,0x66,0x69,
  0x6c,0x65,0x20,0x61,0x72,0x65,0x20,0x66,0x6f,0x72,0x20,0x69,0x6e,0x66,0x6f,0x72,
  0x6d,0x61,0x74,0x69,0x6f,0x6e,0x61,0x6c,0x20,0x70,0x75,0x72,0x70,0x6f,0x73,0x65,
  0x73,0x20,0x6f,0x6e,0x6c,0x79,0x20,0x61,0x6e,0x64,0x0a,0x20,0x20,0x20,0x20,0x20,
  0x20,0x20,0x20,0x20,0x20,0x64,0x6f,0x20,0x6e,0x6f,0x74,0x20,0x6d,0x6f,0x64,0x69,
  0x66,0x79,0x20,0x74,0x68,0x65,0x20,0x4c,0x69,0x63,0x65,0x6e,0x73,0x65,0x2e,0x20,
  0x59,0x6f,0x75,0x20,0x6d,0x61,0x79,0x20,0x61,0x64,0x64,0x20,0x59,0x6f,0x75,0x72,
  0x20,0x6f,0x77,0x6e,0x20,0x61,0x74,0x74,0x72,0x69,0x62,0x75,0x74,0x69,0x6f,0x6e,
  0x0a,0x20,0x20,0x20,0x20,0x20,0x20,0x20,0x20,0x20,0x20,0x6e,0x6f,0x74,0x69,0x63,
  0x65,0x73,0x20,0x77,0x69,0x74,0x68,0x69,0x6e,0x20,0x44,0x65,0x72,0x69,0x76,0x61,
  0x74,0x69,0x76,0x65,0x20,0x57,0x6f,0x72,0x6b,0x73,0x20,0x74,0x68,0x61,0x74,0x20,
  0x59,0x6f,0x75,0x20,0x64,0x69,0x73,0x74,0x72,0x69,0x62,0x75,0x74,0x65,0x2c,0x20,
  0x61,0x6c,0x6f,0x6e,0x67,0x73,0x69,0x64,0x65,0x0a,0x20,0x20,0x20,0x20,0x20,0x20,
  0x20,0x20,0x20,0x20,0x6f,0x72,0x20,0x61,0x73,0x20,0x61,0x6e,0x20,0x61,0x64,0x64,
  0x65,0x6e,0x64,0x75,0x6d,0x20,0x74,0x6f,0x20,0x74,0x68,0x65,0x20,0x4e,0x4f,0x54,
  0x49,0x43,0x45,0x20,0x74,0x65,0x78,0x74,0x20,0x66,0x72,0x6f,0x6d,0x20,0x74,0x68,
  0x65,0x20,0x57,0x6f,0x72,0x6b,0x2c,0x20,0x70,0x72,0x6f,0x76,0x69,0x64,0x65,0x64,
  0x0a,0x20,0x20,0x20,0x20,0x20,0x20,0x20,0x20,0x20,0x20,0x74,0x68,0x61,0x74,0x20,
  0x73,0x75,0x63,0x68,0x20,0x61,0x64,0x64,0x69,0x74,0x69,0x6f,0x6e,0x61,0x6c,0x20,
  0x61,0x74,0x74,0x72,0x69,0x62,0x75,0x74,0x69,0x6f,0x6e,0x20,0x6e,0x6f,0x74,0x69,
  0x63,0x65,0x73,0x20,0x63,0x61,0x6e,0x6e,0x6f,0x74,0x20,0x62,0x65,0x20,0x63,0x6f,
  0x6e,0x73,0x74,0x72,0x75,0x65,0x64,0x0a,0x20,0x20,0x20,0x20,0x20,0x20,0x20,0x20,
  0x20,0x20,0x61,0x73,0x20,0x6d,0x6f,0x64,0x69,0x66,0x79,0x69,0x6e,0x67,0x20,0x74,
  0x68,0x65,0x20,0x4c,0x69,0x63,0x65,0x6e,0x73,0x65,0x2e,0x0a,0x0a,0x20,0x20,0x20,
  0x20,0x20,0x20,0x59,0x6f,0x75,0x20,0x6d,0x61,0x79,0x20,0x61,0x64,0x64,0x20,0x59,
  0x6f,0x75,0x72,0x20,0x6f,0x77,0x6e,0x20,0x63,0x6f,0x70,0x79,0x72,0x69,0x67,0x68,
  0x74,0x20,0x73,0x74,0x61,0x74,0x65,0x6d,0x65,0x6e,0x74,0x20,0x74,0x6f,0x20,0x59,
  0x6f,0x75,0x72,0x20,0x6d,0x6f,0x64,0x69,0x66,0x69,0x63,0x61,0x74,0x69,0x6f,0x6e,
  0x73,0x20,0x61,0x6e,0x64,0x0a,0x20,0x20,0x20,0x20,0x20,0x20,0x6d,0x61,0x79,0x20,
  0x70,0x72,0x6f,0x76,0x69,0x64,0x65,0x20,0x61,0x64,0x64,0x69,0x74,0x69,0x6f,0x6e,
  0x61,0x6c,0x20,0x6f,0x72,0x20,0x64,0x69,0x66,0x66,0x65,0x72,0x65,0x6e,0x74,0x20,
  0x6c,0x69,0x63,0x65,0x6e,0x73,0x65,0x20,0x74,0x65,0x72,0x6d,0x73,0x20,0x61,0x6e,
  0x64,0x20,0x63,0x6f,0x6e,0x64,0x69,0x74,0x69,0x6f,0x6e,0x73,0x0a,0x20,0x20,0x20,
  0x20,0x20,0x20,0x66,0x6f,0x72,0x20,0x75,0x73,0x65,0x2c,0x20,0x72,0x65,0x70,0x72,
  0x6f,0x64,0x75,0x63,0x74,0x69,0x6f,0x6e,0x2c,0x20,0x6f,0x72,0x20,0x64,0x69,0x73,
  0x74,0x72,0x69,0x62,0x75,0x74,0x69,0x6f,0x6e,0x20,0x6f,0x66,0x20,0x59,0x6f,0x75,
  0x72,0x20,0x6d,0x6f,0x64,0x69,0x66,0x69,0x63,0x61,0x74,0x69,0x6f,0x6e,0x73,0x2c,
  0x20,0x6f,0x72,0x0a,0x20,0x20,0x20,0x20,0x20,0x20,0x66,0x6f,0x72,0x20,0x61,0x6e,
  0x79,0x20,0x73,0x75,0x63,0x68,0x20,0x44,0x65,0x72,0x69,0x76,0x61,0x74,0x69,0x76,
  0x65,0x20,0x57,0x6f,0x72,0x6b,0x73,0x20,0x61,0x73,0x20,0x61,0x20,0x77,0x68,0x6f,
  0x6c,0x65,0x2c,0x20,0x70,0x72,0x6f,0x76,0x69,0x64,0x65,0x64,0x20,0x59,0x6f,0x75,
  0x72,0x20,0x75,0x73,0x65,0x2c,0x0a,0x20,0x20,0x20,0x20,0x20,0x20,0x72,0x65,0x70,
  0x72,0x6f,0x64,0x75,0x63,0x74,0x69,0x6f,0x6e,0x2c,0x20,0x61,0x6e,0x64,0x20,0x64,
  0x69,0x73,0x74,0x72,0x69,0x62,0x75,0x74,0x69,0x6f,0x6e,0x20,0x6f,0x66,0x20,0x74,
  0x68,0x65,0x20,0x57,0x6f,0x72,0x6b,0x20,0x6f,0x74,0x68,0x65,0x72,0x77,0x69,0x73,
  0x65,0x20,0x63,0x6f,0x6d,0x70,0x6c,0x69,0x65,0x73,0x20,0x77,0x69,0x74,0x68,0x0a,
  0x20,0x20,0x20,0x20,0x20,0x20,0x74,0x68,0x65,0x20,0x63,0x6f,0x6e,0x64,0x69,0x74,
  0x69,0x6f,0x6e,0x73,0x20,0x73,0x74,0x61,0x74,0x65,0x64,0x20,0x69,0x6e,0x20,0x74,
  0x68,0x69,0x73,0x20,0x4c,0x69,0x63,0x65,0x6e,0x73,0x65,0x2e,0x0a,0x0a,0x20,0x20,
  0x20,0x35,0x2e,0x20,0x53,0x75,0x62,0x6d,0x69,0x73,0x73,0x69,0x6f,0x6e,0x20,0x6f,
  0x66,0x20,0x43,0x6f,0x6e,0x74,0x72,0x69,0x62,0x75,0x74,0x69,0x6f,0x6e,0x73,0x2e,
  0x20,0x55,0x6e,0x6c,0x65,0x73,0x73,0x20,0x59,0x6f,0x75,0x20,0x65,0x78,0x70,0x6c,
  0x69,0x63,0x69,0x74,0x6c,0x79,0x20,0x73,0x74,0x61,0x74,0x65,0x20,0x6f,0x74,0x68,
  0x65,0x72,0x77,0x69,0x73,0x65,0x2c,0x0a,0x20,0x20,0x20,0x20,0x20,0x20,0x61,0x6e,
  0x79,0x20,0x43,0x6f,0x6e,0x74,0x72,0x69,0x62,0x75,0x74,0x69,0x6f,0x6e,0x20,0x69,
  0x6e,0x74,0x65,0x6e,0x74,0x69,0x6f,0x6e,0x61,0x6c,0x6c,0x79,0x20,0x73,0x75,0x62,
  0x6d,0x69,0x74,0x74,0x65,0x64,0x20,0x66,0x6f,0x72,0x20,0x69,0x6e,0x63,0x6c,0x75,
  0x73,0x69,0x6f,0x6e,0x20,0x69,0x6e,0x20,0x74,0x68,0x65,0x20,0x57,0x6f,0x72,0x6b,
  0x0a,0x20,0x20,0x20,0x20,0x20,0x20,0x62,0x79,0x20,0x59,0x6f,0x75,0x20,0x74,0x6f,
  0x20,0x74,0x68,0x65,0x20,0x4c,0x69,0x63,0x65,0x6e,0x73,0x6f,0x72,0x20,0x73,0x68,
  0x61,0x6c,0x6c,0x20,0x62,0x65,0x20,0x75,0x6e,0x64,0x65,0x72,0x20,0x74,0x68,0x65,
  0x20,0x74,0x65,0x72,0x6d,0x73,0x20,0x61,0x6e,0x64,0x20,0x63,0x6f,0x6e,0x64,0x69,
  0x74,0x69,0x6f,0x6e,0x73,0x20,0x6f,0x66,0x0a,0x20,0x20,0x20,0x20,0x20,0x20,0x74,
  0x68,0x69,0x73,0x20,0x4c,0x69,0x63,0x65,0x6e,0x73,0x65,0x2c,0x20,0x77,0x69,0x74,
  0x68,0x6f,0x75,0x74,0x20,0x61,0x6e,0x79,0x20,0x61,0x64,0x64,0x69,0x74,0x69,0x6f,
  0x6e,0x61,0x6c,0x20,0x74,0x65,0x72,0x6d,0x73,0x20,0x6f,0x72,0x20,0x63,0x6f,0x6e,
  0x64,0x69,0x74,0x69,0x6f,0x6e,0x73,0x2e,0x0a,0x20,0x20,0x20,0x20,0x20,0x20,0x4e,
  0x6f,0x74,0x77,0x69,0x74,0x68,0x73,0x74,0x61,0x6e,0x64,0x69,0x6e,0x67,0x20,0x74,
  0x68,0x65,0x20,0x61,0x62,0x6f,0x76,0x65,0x2c,0x20,0x6e,0x6f,0x74,0x68,0x69,0x6e,
  0x67,0x20,0x68,0x65,0x72,0x65,0x69,0x6e,0x20,0x73,0x68,0x61,0x6c,0x6c,0x20,0x73,
  0x75,0x70,0x65,0x72,0x73,0x65,0x64,0x65,0x20,0x6f,0x72,0x20,0x6d,0x6f,0x64,0x69,
  0x66,0x79,0x0a,0x20,0x20,0x20,0x20,0x20,0x20,0x74,0x68,0x65,0x20,0x74,0x65,0x72,
  0x6d,0x73,0x20,0x6f,0x66,0x20,0x61,0x6e,0x79,0x20,0x73,0x65,0x70,0x61,0x72,0x61,
  0x74,0x65,0x20,0x6c,0x69,0x63,0x65,0x6e,0x73,0x65,0x20,0x61,0x67,0x72,0x65,0x65,
  0x6d,0x65,0x6e,0x74,0x20,0x79,0x6f,0x75,0x20,0x6d,0x61,0x79,0x20,0x68,0x61,0x76,
  0x65,0x20,0x65,0x78,0x65,0x63,0x75,0x74,0x65,0x64,0x0a,0x20,0x20,0x20,0x20,0x20,
  0x20,0x77,0x69,0x74,0x68,0x20,0x4c,0x69,0x63,0x65,0x6e,0x73,0x6f,0x72,0x20,0x72,
  0x65,0x67,0x61,0x72,0x64,0x69,0x6e,0x67,0x20,0x73,0x75,0x63,0x68,0x20,0x43,0x6f,
  0x6e,0x74,0x72,0x69,0x62,0x75,0x74,0x69,0x6f,0x6e,0x73,0x2e,0x0a,0x0a,0x20,0x20,
  0x20,0x36,0x2e,0x20,0x54,0x72,0x61,0x64,0x65,0x6d,0x61,0x72,0x6b,0x73,0x2e,0x20,
  0x54,0x68,0x69,0x73,0x20,0x4c,0x69,0x63,0x65,0x6e,0x73,0x65,0x20,0x64,0x6f,0x65,
  0x73,0x20,0x6e,0x6f,0x74,0x20,0x67,0x72,0x61,0x6e,0x74,0x20,0x70,0x65,0x72,0x6d,
  0x69,0x73,0x73,0x69,0x6f,0x6e,0x20,0x74,0x6f,0x20,0x75,0x73,0x65,0x20,0x74,0x68,
  0x65,0x20,0x74,0x72,0x61,0x64,0x65,0x0a,0x20,0x20,0x20,0x20,0x20,0x20,0x6e,0x61,
  0x6d,0x65,0x73,0x2c,0x20,0x74,0x72,0x61,0x64,0x65,0x6d,0x61,0x72,0x6b,0x73,0x2c,
  0x20,0x73,0x65,0x72,0x76,0x69,0x63,0x65,0x20,0x6d,0x61,0x72,0x6b,0x73,0x2c,0x20,
  0x6f,0x72,0x20,0x70,0x72,0x6f,0x64,0x75,0x63,0x74,0x20,0x6e,0x61,0x6d,0x65,0x73,
  0x20,0x6f,0x66,0x20,0x74,0x68,0x65,0x20,0x4c,0x69,0x63,0x65,0x6e,0x73,0x6f,0x72,
  0x2c,0x0a,0x20,0x20,0x20,0x20,0x20,0x20,0x65,0x78,0x63,0x65,0x70,0x74,0x20,0x61,
  0x73,0x20,0x72,0x65,0x71,0x75,0x69,0x72,0x65,0x64,0x20,0x66,0x6f,0x72,0x20,0x72,
  0x65,0x61,0x73,0x6f,0x6e,0x61,0x62,0x6c,0x65,0x20,0x61,0x6e,0x64,0x20,0x63,0x75,
  0x73,0x74,0x6f,0x6d,0x61,0x72,0x79,0x20,0x75,0x73,0x65,0x20,0x69,0x6e,0x20,0x64,
  0x65,0x73,0x63,0x72,0x69,0x62,0x69,0x6e,0x67,0x20,0x74,0x68,0x65,0x0a,0x20,0x20,
  0x20,0x20,0x20,0x20,0x6f,0x72,0x69,0x67,0x69,0x6e,0x20,0x6f,0x66,0x20,0x74,0x68,
  0x65,0x20,0x57,0x6f,0x72,0x6b,0x20,0x61,0x6e,0x64,0x20,0x72,0x65,0x70,0x72,0x6f,
  0x64,0x75,0x63,0x69,0x6e,0x67,0x20,0x74,0x68,0x65,0x20,0x63,0x6f,0x6e,0x74,0x65,
  0x6e,0x74,0x20,0x6f,0x66,0x20,0x74,0x68,0x65,0x20,0x4e,0x4f,0x54,0x49,0x43,0x45,
  0x20,0x66,0x69,0x6c,0x65,0x2e,0x0a,0x0a,0x20,0x20,0x20,0x37,0x2e,0x20,0x44,0x69,
  0x73,0x63,0x6c,0x61,0x69,0x6d,0x65,0x72,0x20,0x6f,0x66,0x20,0x57,0x61,0x72,0x72,
  0x61,0x6e,0x74,0x79,0x2e,0x20,0x55,0x6e,0x6c,0x65,0x73,0x73,0x20,0x72,0x65,0x71,
  0x75,0x69,0x72,0x65,0x64,0x20,0x62,0x79,0x20,0x61,0x70,0x70,0x6c,0x69,0x63,0x61,
  0x62,0x6c,0x65,0x20,0x6c,0x61,0x77,0x20,0x6f,0x72,0x0a,0x20,0x20,0x20,0x20,0x20,
  0x20,0x61,0x67,0x72,0x65,0x65,0x64,0x20,0x74,0x6f,0x20,0x69,0x6e,0x20,0x77,0x72,
  0x69,0x74,0x69,0x6e,0x67,0x2c,0x20,0x4c,0x69,0x63,0x65,0x6e,0x73,0x6f,0x72,0x20,
  0x70,0x72,0x6f,0x76,0x69,0x64,0x65,0x73,0x20,0x74,0x68,0x65,0x20,0x57,0x6f,0x72,
  0x6b,0x20,0x28,0x61,0x6e,0x64,0x20,0x65,0x61,0x63,0x68,0x0a,0x20,0x20,0x20,0x20,
  0x20,0x20,0x43,0x6f,0x6e,0x74,0x72,0x69,0x62,0x75,0x74,0x6f,0x72,0x20,0x70,0x72,
  0x6f,0x76,0x69,0x64,0x65,0x73,0x20,0x69,0x74,0x73,0x20,0x43,0x6f,0x6e,0x74,0x72,
  0x69,0x62,0x75,0x74,0x69,0x6f,0x6e,0x73,0x29,0x20,0x6f,0x6e,0x20,0x61,0x6e,0x20,
  0x22,0x41,0x53,0x20,0x49,0x53,0x22,0x20,0x42,0x41,0x53,0x49,0x53,0x2c,0x0a,0x20,
  0x20,0x20,0x20,0x20,0x20,0x57,0x49,0x54,0x48,0x4f,0x55,0x54,0x20,0x57,0x41,0x52,
  0x52,0x41,0x4e,0x54,0x49,0x45,0x53,0x20,0x4f,0x52,0x20,0x43,0x4f,0x4e,0x44,0x49,
  0x54,0x49,0x4f,0x4e,0x53,0x20,0x4f,0x46,0x20,0x41,0x4e,0x59,0x20,0x4b,0x49,0x4e,
  0x44,0x2c,0x20,0x65,0x69,0x74,0x68,0x65,0x72,0x20,0x65,0x78,0x70,0x72,0x65,0x73,
  0x73,0x20,0x6f,0x72,0x0a,0x20,0x20,0x20,0x20,0x20,0x20,0x69,0x6d,0x70,0x6c,0x69,
  0x65,0x64,0x2c,0x20,0x69,0x6e,0x63,0x6c,0x75,0x64,0x69,0x6e,0x67,0x2c,0x20,0x77,
  0x69,0x74,0x68,0x6f,0x75,0x74,0x20,0x6c,0x69,0x6d,0x69,0x74,0x61,0x74,0x69,0x6f,
  0x6e,0x2c,0x20,0x61,0x6e,0x79,0x20,0x77,0x61,0x72,0x72,0x61,0x6e,0x74,0x69,0x65,
  0x73,0x20,0x6f,0x72,0x20,0x63,0x6f,0x6e,0x64,0x69,0x74,0x69,0x6f,0x6e,0x73,0x0a,
  0x20,0x20,0x20,0x20,0x20,0x20,0x6f,0x66,0x20,0x54,0x49,0x54,0x4c,0x45,0x2c,0x20,
  0x4e,0x4f,0x4e,0x2d,0x49,0x4e,0x46,0x52,0x49,0x4e,0x47,0x45,0x4d,0x45,0x4e,0x54,
  0x2c,0x20,0x4d,0x45,0x52,0x43,0x48,0x41,0x4e,0x54,0x41,0x42,0x49,0x4c,0x49,0x54,
  0x59,0x2c,0x20,0x6f,0x72,0x20,0x46,0x49,0x54,0x4e,0x45,0x53,0x53,0x20,0x46,0x4f,
  0x52,0x20,0x41,0x0a,0x20,0x20,0x20,0x20,0x20,0x20,0x50,0x41,0x52,0x54,0x49,0x43,
  0x55,0x4c,0x41,0x52,0x20,0x50,0x55,0x52,0x50,0x4f,0x53,0x45,0x2e,0x20,0x59,0x6f,
  0x75,0x20,0x61,0x72,0x65,0x20,0x73,0x6f,0x6c,0x65,0x6c,0x79,0x20,0x72,0x65,0x73,
  0x70,0x6f,0x6e,0x73,0x69,0x62,0x6c,0x65,0x20,0x66,0x6f,0x72,0x20,0x64,0x65,0x74,
  0x65,0x72,0x6d,0x69,0x6e,0x69,0x6e,0x67,0x20,0x74,0x68,0x65,0x0a,0x20,0x20,0x20,
  0x20,0x20,0x20,0x61,0x70,0x70,0x72,0x6f,0x70,0x72,0x69,0x61,0x74,0x65,0x6e,0x65,
  0x73,0x73,0x20,0x6f,0x66,0x20,0x75,0x73,0x69,0x6e,0x67,0x20,0x6f,0x72,0x20,0x72,
  0x65,0x64,0x69,0x73,0x74,0x72,0x69,0x62,0x75,0x74,0x69,0x6e,0x67,0x20,0x74,0x68,
  0x65,0x20,0x57,0x6f,0x72,0x6b,0x20,0x61,0x6e,0x64,0x20,0x61,0x73,0x73,0x75,0x6d,
  0x65,0x20,0x61,0x6e,0x79,0x0a,0x20,0x20,0x20,0x20,0x20,0x20,0x72,0x69,0x73,0x6b,
  0x73,0x20,0x61,0x73,0x73,0x6f,0x63,0x69,0x61,0x74,0x65,0x64,0x20,0x77,0x69,0x74,
  0x68,0x20,0x59,0x6f,0x75,0x72,0x20,0x65,0x78,0x65,0x72,0x63,0x69,0x73,0x65,0x20,
  0x6f,0x66,0x20,0x70,0x65,0x72,0x6d,0x69,0x73,0x73,0x69,0x6f,0x6e,0x73,0x20,0x75,
  0x6e,0x64,0x65,0x72,0x20,0x74,0x68,0x69,0x73,0x20,0x4c,0x69,0x63,0x65,0x6e,0x73,
  0x65,0x2e,0x0a,0x0a,0x20,0x20,0x20,0x38,0x2e,0x20,0x4c,0x69,0x6d,0x69,0x74,0x61,
  0x74,0x69,0x6f,0x6e,0x20,0x6f,0x66,0x20,0x4c,0x69,0x61,0x62,0x69,0x6c,0x69,0x74,
  0x79,0x2e,0x20,0x49,0x6e,0x20,0x6e,0x6f,0x20,0x65,0x76,0x65,0x6e,0x74,0x20,0x61,
  0x6e,0x64,0x20,0x75,0x6e,0x64,0x65,0x72,0x20,0x6e,0x6f,0x20,0x6c,0x65,0x67,0x61,
  0x6c,0x20,0x74,0x68,0x65,0x6f,0x72,0x79,0x2c,0x0a,0x20,0x20,0x20,0x20,0x20,0x20,
  0x77,0x68,0x65,0x74,0x68,0x65,0x72,0x20,0x69,0x6e,0x20,0x74,0x6f,0x72,0x74,0x20,
  0x28,0x69,0x6e,0x63,0x6c,0x75,0x64,0x69,0x6e,0x67,0x20,0x6e,0x65,0x67,0x6c,0x69,
  0x67,0x65,0x6e,0x63,0x65,0x29,0x2c,0x20,0x63,0x6f,0x6e,0x74,0x72,0x61,0x63,0x74,
  0x2c,0x20,0x6f,0x72,0x20,0x6f,0x74,0x68,0x65,0x72,0x77,0x69,0x73,0x65,0x2c,0x0a,
  0x20,0x20,0x20,0x20,0x20,0x20,0x75,0x6e,0x6c,0x65,0x73,0x73,0x20,0x72,0x65,0x71,
  0x75,0x69,0x72,0x65,0x64,0x20,0x62,0x79,0x20,0x61,0x70,0x70,0x6c,0x69,0x63,0x61,
  0x62,0x6c,0x65,0x20,0x6c,0x61,0x77,0x20,0x28,0x73,0x75,0x63,0x68,0x20,0x61,0x73,
  0x20,0x64,0x65,0x6c,0x69,0x62,0x65,0x72,0x61,0x74,0x65,0x20,0x61,0x6e,0x64,0x20,
  0x67,0x72,0x6f,0x73,0x73,0x6c,0x79,0x0a,0x20,0x20,0x20,0x20,0x20,0x20,0x6e,0x65,
  0x67,0x6c,0x69,0x67,0x65,0x6e,0x74,0x20,0x61,0x63,0x74,0x73,0x29,0x20,0x6f,0x72,
  0x20,0x61,0x67,0x72,0x65,0x65,0x64,0x20,0x74,0x6f,0x20,0x69,0x6e,0x20,0x77,0x72,
  0x69,0x74,0x69,0x6e,0x67,0x2c,0x20,0x73,0x68,0x61,0x6c,0x6c,0x20,0x61,0x6e,0x79,
  0x20,0x43,0x6f,0x6e,0x74,0x72,0x69,0x62,0x75,0x74,0x6f,0x72,0x20,0x62,0x65,0x0a,
  0x20,0x20,0x20,0x20,0x20,0x20,0x6c,0x69,0x61,0x62,0x6c,0x65,0x20,0x74,0x6f,0x20,
  0x59,0x6f,0x75,0x20,0x66,0x6f,0x72,0x20,0x64,0x61,0x6d,0x61,0x67,0x65,0x73,0x2c,
  0x20,0x69,0x6e,0x63,0x6c,0x75,0x64,0x69,0x6e,0x67,0x20,0x61,0x6e,0x79,0x20,0x64,
  0x69,0x72,0x65,0x63,0x74,0x2c,0x20,0x69,0x6e,0x64,0x69,0x72,0x65,0x63,0x74,0x2c,
  0x20,0x73,0x70,0x65,0x63,0x69,0x61,0x6c,0x2c,0x0a,0x20,0x20,0x20,0x20,0x20,0x20,
  0x69,0x6e,0x63,0x69,0x64,0x65,0x6e,0x74,0x61,0x6c,0x2c,0x20,0x6f,0x72,0x20,0x63,
  0x6f,0x6e,0x73,0x65,0x71,0x75,0x65,0x6e,0x74,0x69,0x61,0x6c,0x20,0x64,0x61,0x6d,
  0x61,0x67,0x65,0x73,0x20,0x6f,0x66,0x20,0x61,0x6e,0x79,0x20,0x63,0x68,0x61,0x72,
  0x61,0x63,0x74,0x65,0x72,0x20,0x61,0x72,0x69,0x73,0x69,0x6e,0x67,0x20,0x61,0x73,
  0x20,0x61,0x0a,0x20,0x20,0x20,0x20,0x20,0x20,0x72,0x65,0x73,0x75,0x6c,0x74,0x20,
  0x6f,0x66,0x20,0x74,0x68,0x69,0x73,0x20,0x4c,0x69,0x63,0x65,0x6e,0x73,0x65,0x20,
  0x6f,0x72,0x20,0x6f,0x75,0x74,0x20,0x6f,0x66,0x20,0x74,0x68,0x65,0x20,0x75,0x73,
  0x65,0x20,0x6f,0x72,0x20,0x69,0x6e,0x61,0x62,0x69,0x6c,0x69,0x74,0x79,0x20,0x74,
  0x6f,0x20,0x75,0x73,0x65,0x20,0x74,0x68,0x65,0x0a,0x20,0x20,0x20,0x20,0x20,0x20,
  0x57,0x6f,0x72,0x6b,0x20,0x28,0x69,0x6e,0x63,0x6c,0x75,0x64,0x69,0x6e,0x67,0x20,
  0x62,0x75,0x74,0x20,0x6e,0x6f,0x74,0x20,0x6c,0x69,0x6d,0x69,0x74,0x65,0x64,0x20,
  0x74,0x6f,0x20,0x64,0x61,0x6d,0x61,0x67,0x65,0x73,0x20,0x66,0x6f,0x72,0x20,0x6c,
  0x6f,0x73,0x73,0x20,0x6f,0x66,0x20,0x67,0x6f,0x6f,0x64,0x77,0x69,0x6c,0x6c,0x2c,
  0x0a,0x20,0x20,0x20,0x20,0x20,0x20,0x77,0x6f,0x72,0x6b,0x20,0x73,0x74,0x6f,0x70,
  0x70,0x61,0x67,0x65,0x2c,0x20,0x63,0x6f,0x6d,0x70,0x75,0x74,0x65,0x72,0x20,0x66,
  0x61,0x69,0x6c,0x75,0x72,0x65,0x20,0x6f,0x72,0x20,0x6d,0x61,0x6c,0x66,0x75,0x6e,
  0x63,0x74,0x69,0x6f,0x6e,0x2c,0x20,0x6f,0x72,0x20,0x61,0x6e,0x79,0x20,0x61,0x6e,
  0x64,0x20,0x61,0x6c,0x6c,0x0a,0x20,0x20,0x20,0x20,0x20,0x20,0x6f,0x74,0x68,0x65,
  0x72,0x20,0x63,0x6f,0x6d,0x6d,0x65,0x72,0x63,0x69,0x61,0x6c,0x20,0x64,0x61,0x6d,
  0x61,0x67,0x65,0x73,0x20,0x6f,0x72,0x20,0x6c,0x6f,0x73,0x73,0x65,0x73,0x29,0x2c,
  0x20,0x65,0x76,0x65,0x6e,0x20,0x69,0x66,0x20,0x73,0x75,0x63,0x68,0x20,0x43,0x6f,
  0x6e,0x74,0x72,0x69,0x62,0x75,0x74,0x6f,0x72,0x0a,0x20,0x20,0x20,0x20,0x20,0x20,
  0x68,0x61,0x73,0x20,0x62,0x65,0x65,0x6e,0x20,0x61,0x64,0x76,0x69,0x73,0x65,0x64,
  0x20,0x6f,0x66,0x20,0x74,0x68,0x65,0x20,0x70,0x6f,0x73,0x73,0x69,0x62,0x69,0x6c,
  0x69,0x74,0x79,0x20,0x6f,0x66,0x20,0x73,0x75,0x63,0x68,0x20,0x64,0x61,0x6d,0x61,
  0x67,0x65,0x73,0x2e,0x0a,0x0a,0x20,0x20,0x20,0x39,0x2e,0x20,0x41,0x63,0x63,0x65,
  0x70,0x74,0x69,0x6e,0x67,0x20,0x57,0x61,0x72,0x72,0x61,0x6e,0x74,0x79,0x20,0x6f,
  0x72,0x20,0x41,0x64,0x64,0x69,0x74,0x69,0x6f,0x6e,0x61,0x6c,0x20,0x4c,0x69,0x61,
  0x62,0x69,0x6c,0x69,0x74,0x79,0x2e,0x20,0x57,0x68,0x69,0x6c,0x65,0x20,0x72,0x65,
  0x64,0x69,0x73,0x74,0x72,0x69,0x62,0x75,0x74,0x69,0x6e,0x67,0x0a,0x20,0x20,0x20,
  0x20,0x20,0x20,0x74,0x68,0x65,0x20,0x57,0x6f,0x72,0x6b,0x20,0x6f,0x72,0x20,0x44,
  0x65,0x72,0x69,0x76,0x61,0x74,0x69,0x76,0x65,0x20,0x57,0x6f,0x72,0x6b,0x73,0x20,
  0x74,0x68,0x65,0x72,0x65,0x6f,0x66,0x2c,0x20,0x59,0x6f,0x75,0x20,0x6d,0x61,0x79,
  0x20,0x63,0x68,0x6f,0x6f,0x73,0x65,0x20,0x74,0x6f,0x20,0x6f,0x66,0x66,0x65,0x72,
  0x2c,0x0a,0x20,0x20,0x20,0x20,0x20,0x20,0x61,0x6e,0x64,0x20,0x63,0x68,0x61,0x72,
  0x67,0x65,0x20,0x61,0x20,0x66,0x65,0x65,0x20,0x66,0x6f,0x72,0x2c,0x20,0x61,0x63,
  0x63,0x65,0x70,0x74,0x61,0x6e,0x63,0x65,0x20,0x6f,0x66,0x20,0x73,0x75,0x70,0x70,
  0x6f,0x72,0x74,0x2c,0x20,0x77,0x61,0x72,0x72,0x61,0x6e,0x74,0x79,0x2c,0x20,0x69,
  0x6e,0x64,0x65,0x6d,0x6e,0x69,0x74,0x79,0x2c,0x0a,0x20,0x20,0x20,0x20,0x20,0x20,
  0x6f,0x72,0x20,0x6f,0x74,0x68,0x65,0x72,0x20,0x6c,0x69,0x61,0x62,0x69,0x6c,0x69,
  0x74,0x79,0x20,0x6f,0x62,0x6c,0x69,0x67,0x61,0x74,0x69,0x6f,0x6e,0x73,0x20,0x61,
  0x6e,0x64,0x2f,0x6f,0x72,0x20,0x72,0x69,0x67,0x68,0x74,0x73,0x20,0x63,0x6f,0x6e,
  0x73,0x69,0x73,0x74,0x65,0x6e,0x74,0x20,0x77,0x69,0x74,0x68,0x20,0x74,0x68,0x69,
  0x73,0x0a,0x20,0x20,0x20,0x20,0x20,0x20,0x4c,0x69,0x63,0x65,0x6e,0x73,0x65,0x2e,
  0x20,0x48,0x6f,0x77,0x65,0x76,0x65,0x72,0x2c,0x20,0x69,0x6e,0x20,0x61,0x63,0x63,
  0x65,0x70,0x74,0x69,0x6e,0x67,0x20,0x73,0x75,0x63,0x68,0x20,0x6f,0x62,0x6c,0x69,
  0x67,0x61,0x74,0x69,0x6f,0x6e,0x73,0x2c,0x20,0x59,0x6f,0x75,0x20,0x6d,0x61,0x79,
  0x20,0x61,0x63,0x74,0x20,0x6f,0x6e,0x6c,0x79,0x0a,0x20,0x20,0x20,0x20,0x20,0x20,
  0x6f,0x6e,0x20,0x59,0x6f,0x75,0x72,0x20,0x6f,0x77,0x6e,0x20,0x62,0x65,0x68,0x61,
  0x6c,0x66,0x20,0x61,0x6e,0x64,0x20,0x6f,0x6e,0x20,0x59,0x6f,0x75,0x72,0x20,0x73,
  0x6f,0x6c,0x65,0x20,0x72,0x65,0x73,0x70,0x6f,0x6e,0x73,0x69,0x62,0x69,0x6c,0x69,
  0x74,0x79,0x2c,0x20,0x6e,0x6f,0x74,0x20,0x6f,0x6e,0x20,0x62,0x65,0x68,0x61,0x6c,
  0x66,0x0a,0x20,0x20,0x20,0x20,0x20,0x20,0x6f,0x66,0x20,0x61,0x6e,0x79,0x20,0x6f,
  0x74,0x68,0x65,0x72,0x20,0x43,0x6f,0x6e,0x74,0x72,0x69,0x62,0x75,0x74,0x6f,0x72,
  0x2c,0x20,0x61,0x6e,0x64,0x20,0x6f,0x6e,0x6c,0x79,0x20,0x69,0x66,0x20,0x59,0x6f,
  0x75,0x20,0x61,0x67,0x72,0x65,0x65,0x20,0x74,0x6f,0x20,0x69,0x6e,0x64,0x65,0x6d,
  0x6e,0x69,0x66,0x79,0x2c,0x0a,0x20,0x20,0x20,0x20,0x20,0x20,0x64,0x65,0x66,0x65,
  0x6e,0x64,0x2c,0x20,0x61,0x6e,0x64,0x20,0x68,0x6f,0x6c,0x64,0x20,0x65,0x61,0x63,
  0x68,0x20,0x43,0x6f,0x6e,0x74,0x72,0x69,0x62,0x75,0x74,0x6f,0x72,0x20,0x68,0x61,
  0x72,0x6d,0x6c,0x65,0x73,0x73,0x20,0x66,0x6f,0x72,0x20,0x61,0x6e,0x79,0x20,0x6c,
  0x69,0x61,0x62,0x69,0x6c,0x69,0x74,0x79,0x0a,0x20,0x20,0x20,0x20,0x20,0x20,0x69,
  0x6e,0x63,0x75,0x72,0x72,0x65,0x64,0x20,0x62,0x79,0x2c,0x20,0x6f,0x72,0x20,0x63,
  0x6c,0x61,0x69,0x6d,0x73,0x20,0x61,0x73,0x73,0x65,0x72,0x74,0x65,0x64,0x20,0x61,
  0x67,0x61,0x69,0x6e,0x73,0x74,0x2c,0x20,0x73,0x75,0x63,0x68,0x20,0x43,0x6f,0x6e,
  0x74,0x72,0x69,0x62,0x75,0x74,0x6f,0x72,0x20,0x62,0x79,0x20,0x72,0x65,0x61,0x73,
  0x6f,0x6e,0x0a,0x20,0x20,0x20,0x20,0x20,0x20,0x6f,0x66,0x20,0x79,0x6f,0x75,0x72,
  0x20,0x61,0x63,0x63,0x65,0x70,0x74,0x69,0x6e,0x67,0x20,0x61,0x6e,0x79,0x20,0x73,
  0x75,0x63,0x68,0x20,0x77,0x61,0x72,0x72,0x61,0x6e,0x74,0x79,0x20,0x6f,0x72,0x20,
  0x61,0x64,0x64,0x69,0x74,0x69,0x6f,0x6e,0x61,0x6c,0x20,0x6c,0x69,0x61,0x62,0x69,
  0x6c,0x69,0x74,0x79,0x2e,0x0a,0x0a,0x20,0x20,0x20,0x45,0x4e,0x44,0x20,0x4f,0x46,
  0x20,0x54,0x45,0x52,0x4d,0x53,0x20,0x41,0x4e,0x44,0x20,0x43,0x4f,0x4e,0x44,0x49,
  0x54,0x49,0x4f,0x4e,0x53,0x0a,0x0a,0x20,0x20,0x20,0x41,0x50,0x50,0x45,0x4e,0x44,
  0x49,0x58,0x3a,0x20,0x48,0x6f,0x77,0x20,0x74,0x6f,0x20,0x61,0x70,0x70,0x6c,0x79,
  0x20,0x74,0x68,0x65,0x20,0x41,0x70,0x61,0x63,0x68,0x65,0x20,0x4c,0x69,0x63,0x65,
  0x6e,0x73,0x65,0x20,0x74,0x6f,0x20,0x79,0x6f,0x75,0x72,0x20,0x77,0x6f,0x72,0x6b,
  0x2e,0x0a,0x0a,0x20,0x20,0x20,0x20,0x20,0x20,0x54,0x6f,0x20,0x61,0x70,0x70,0x6c,
  0x79,0x20,0x74,0x68,0x65,0x20,0x41,0x70,0x61,0x63,0x68,0x65,0x20,0x4c,0x69,0x63,
  0x65,0x6e,0x73,0x65,0x20,0x74,0x6f,0x20,0x79,0x6f,0x75,0x72,0x20,0x77,0x6f,0x72,
  0x6b,0x2c,0x20,0x61,0x74,0x74,0x61,0x63,0x68,0x20,0x74,0x68,0x65,0x20,0x66,0x6f,
  0x6c,0x6c,0x6f,0x77,0x69,0x6e,0x67,0x0a,0x20,0x20,0x20,0x20,0x20,0x20,0x62,0x6f,
  0x69,0x6c,0x65,0x72,0x70,0x6c,0x61,0x74,0x65,0x20,0x6e,0x6f,0x74,0x69,0x63,0x65,
  0x2c,0x20,0x77,0x69,0x74,0x68,0x20,0x74,0x68,0x65,0x20,0x66,0x69,0x65,0x6c,0x64,
  0x73,0x20,0x65,0x6e,0x63,0x6c,0x6f,0x73,0x65,0x64,0x20,0x62,0x79,0x20,0x62,0x72,
  0x61,0x63,0x6b,0x65,0x74,0x73,0x20,0x22,0x5b,0x5d,0x22,0x0a,0x20,0x20,0x20,0x20,
  0x20,0x20,0x72,0x65,0x70,0x6c,0x61,0x63,0x65,0x64,0x20,0x77,0x69,0x74,0x68,0x20,
  0x79,0x6f,0x75,0x72,0x20,0x6f,0x77,0x6e,0x20,0x69,0x64,0x65,0x6e,0x74,0x69,0x66,
  0x79,0x69,0x6e,0x67,0x20,0x69,0x6e,0x66,0x6f,0x72,0x6d,0x61,0x74,0x69,0x6f,0x6e,
  0x2e,0x20,0x28,0x44,0x6f,0x6e,0x27,0x74,0x20,0x69,0x6e,0x63,0x6c,0x75,0x64,0x65,
  0x0a,0x20,0x20,0x20,0x20,0x20,0x20,0x74,0x68,0x65,0x20,0x62,0x72,0x61,0x63,0x6b,
  0x65,0x74,0x73,0x21,0x29,0x20,0x20,0x54,0x68,0x65,0x20,0x74,0x65,0x78,0x74,0x20,
  0x73,0x68,0x6f,0x75,0x6c,0x64,0x20,0x62,0x65,0x20,0x65,0x6e,0x63,0x6c,0x6f,0x73,
  0x65,0x64,0x20,0x69,0x6e,0x20,0x74,0x68,0x65,0x20,0x61,0x70,0x70,0x72,0x6f,0x70,
  0x72,0x69,0x61,0x74,0x65,0x0a,0x20,0x20,0x20,0x20,0x20,0x20,0x63,0x6f,0x6d,0x6d,
  0x65,0x6e,0x74,0x20,0x73,0x79,0x6e,0x74,0x61,0x78,0x20,0x66,0x6f,0x72,0x20,0x74,
  0x68,0x65,0x20,0x66,0x69,0x6c,0x65,0x20,0x66,0x6f,0x72,0x6d,0x61,0x74,0x2e,0x20,
  0x57,0x65,0x20,0x61,0x6c,0x73,0x6f,0x20,0x72,0x65,0x63,0x6f,0x6d,0x6d,0x65,0x6e,
  0x64,0x20,0x74,0x68,0x61,0x74,0x20,0x61,0x0a,0x20,0x20,0x20,0x20,0x20,0x20,0x66,
  0x69,0x6c,0x65,0x20,0x6f,0x72,0x20,0x63,0x6c,0x61,0x73,0x73,0x20,0x6e,0x61,0x6d,
  0x65,0x20,0x61,0x6e,0x64,0x20,0x64,0x65,0x73,0x63,0x72,0x69,0x70,0x74,0x69,0x6f,
  0x6e,0x20,0x6f,0x66,0x20,0x70,0x75,0x72,0x70,0x6f,0x73,0x65,0x20,0x62,0x65,0x20,
  0x69,0x6e,0x63,0x6c,0x75,0x64,0x65,0x64,0x20,0x6f,0x6e,0x20,0x74,0x68,0x65,0x0a,
  0x20,0x20,0x20,0x20,0x20,0x20,0x73,0x61,0x6d,0x65,0x20,0x22,0x70,0x72,0x69,0x6e,
  0x74,0x65,0x64,0x20,0x70,0x61,0x67,0x65,0x22,0x20,0x61,0x73,0x20,0x74,0x68,0x65,
  0x20,0x63,0x6f,0x70,0x79,0x72,0x69,0x67,0x68,0x74,0x20,0x6e,0x6f,0x74,0x69,0x63,
  0x65,0x20,0x66,0x6f,0x72,0x20,0x65,0x61,0x73,0x69,0x65,0x72,0x0a,0x20,0x20,0x20,
  0x20,0x20,0x20,0x69,0x64,0x65,0x6e,0x74,0x69,0x66,0x69,0x63,0x61,0x74,0x69,0x6f,
  0x6e,0x20,0x77,0x69,0x74,0x68,0x69,0x6e,0x20,0x74,0x68,0x69,0x72,0x64,0x2d,0x70,
  0x61,0x72,0x74,0x79,0x20,0x61,0x72,0x63,0x68,0x69,0x76,0x65,0x73,0x2e,0x0a,0x0a,
  0x20,0x20,0x20,0x43,0x6f,0x70,0x79,0x72,0x69,0x67,0x68,0x74,0x20,0x5b,0x79,0x79,
  0x79,0x79,0x5d,0x20,0x5b,0x6e,0x61,0x6d,0x65,0x20,0x6f,0x66,0x20,0x63,0x6f,0x70,
  0x79,0x72,0x69,0x67,0x68,0x74,0x20,0x6f,0x77,0x6e,0x65,0x72,0x5d,0x0a,0x0a,0x20,
  0x20,0x20,0x4c,0x69,0x63,0x65,0x6e,0x73,0x65,0x64,0x20,0x75,0x6e,0x64,0x65,0x72,
  0x20,0x74,0x68,0x65,0x20,0x41,0x70,0x61,0x63,0x68,0x65,0x20,0x4c,0x69,0x63,0x65,
  0x6e,0x73,0x65,0x2c,0x20,0x56,0x65,0x72,0x73,0x69,0x6f,0x6e,0x20,0x32,0x2e,0x30,
  0x20,0x28,0x74,0x68,0x65,0x20,0x22,0x4c,0x69,0x63,0x65,0x6e,0x73,0x65,0x22,0x29,
  0x3b,0x0a,0x20,0x20,0x20,0x79,0x6f,0x75,0x20,0x6d,0x61,0x79,0x20,0x6e,0x6f,0x74,
  0x20,0x75,0x73,0x65,0x20,0x74,0x68,0x69,0x73,0x20,0x66,0x69,0x6c,0x65,0x20,0x65,
  0x78,0x63,0x65,0x70,0x74,0x20,0x69,0x6e,0x20,0x63,0x6f,0x6d,0x70,0x6c,0x69,0x61,
  0x6e,0x63,0x65,0x20,0x77,0x69,0x74,0x68,0x20,0x74,0x68,0x65,0x20,0x4c,0x69,0x63,
  0x65,0x6e,0x73,0x65,0x2e,0x0a,0x20,0x20,0x20,0x59,0x6f,0x75,0x20,0x6d,0x61,0x79,
  0x20,0x6f,0x62,0x74,0x61,0x69,0x6e,0x20,0x61,0x20,0x63,0x6f,0x70,0x79,0x20,0x6f,
  0x66,0x20,0x74,0x68,0x65,0x20,0x4c,0x69,0x63,0x65,0x6e,0x73,0x65,0x20,0x61,0x74,
  0x0a,0x0a,0x20,0x20,0x20,0x20,0x20,0x20,0x20,0x68,0x74,0x74,0x70,0x3a,0x2f,0x2f,
  0x77,0x77,0x77,0x2e,0x61,0x70,0x61,0x63,0x68,0x65,0x2e,0x6f,0x72,0x67,0x2f,0x6c,
  0x69,0x63,0x65,0x6e,0x73,0x65,0x73,0x2f,0x4c,0x49,0x43,0x45,0x4e,0x53,0x45,0x2d,
  0x32,0x2e,0x30,0x0a,0x0a,0x20,0x20,0x20,0x55,0x6e,0x6c,0x65,0x73,0x73,0x20,0x72,
  0x65,0x71,0x75,0x69,0x72,0x65,0x64,0x20,0x62,0x79,0x20,0x61,0x70,0x70,0x6c,0x69,
  0x63,0x61,0x62,0x6c,0x65,0x20,0x6c,0x61,0x77,0x20,0x6f,0x72,0x20,0x61,0x67,0x72,
  0x65,0x65,0x64,0x20,0x74,0x6f,0x20,0x69,0x6e,0x20,0x77,0x72,0x69,0x74,0x69,0x6e,
  0x67,0x2c,0x20,0x73,0x6f,0x66,0x74,0x77,0x61,0x72,0x65,0x0a,0x20,0x20,0x20,0x64,
  0x69,0x73,0x74,0x72,0x69,0x62,0x75,0x74,0x65,0x64,0x20,0x75,0x6e,0x64,0x65,0x72,
  0x20,0x74,0x68,0x65,0x20,0x4c,0x69,0x63,0x65,0x6e,0x73,0x65,0x20,0x69,0x73,0x20,
  0x64,0x69,0x73,0x74,0x72,0x69,0x62,0x75,0x74,0x65,0x64,0x20,0x6f,0x6e,0x20,0x61,
  0x6e,0x20,0x22,0x41,0x53,0x20,0x49,0x53,0x22,0x20,0x42,0x41,0x53,0x49,0x53,0x2c,
  0x0a,0x20,0x20,0x20,0x57,0x49,0x54,0x48,0x4f,0x55,0x54,0x20,0x57,0x41,0x52,0x52,
  0x41,0x4e,0x54,0x49,0x45,0x53,0x20,0x4f,0x52,0x20,0x43,0x4f,0x4e,0x44,0x49,0x54,
  0x49,0x4f,0x4e,0x53,0x20,0x4f,0x46,0x20,0x41,0x4e,0x59,0x20,0x4b,0x49,0x4e,0x44,
  0x2c,0x20,0x65,0x69,0x74,0x68,0x65,0x72,0x20,0x65,0x78,0x70,0x72,0x65,0x73,0x73,
  0x20,0x6f,0x72,0x20,0x69,0x6d,0x70,0x6c,0x69,0x65,0x64,0x2e,0x0a,0x20,0x20,0x20,
  0x53,0x65,0x65,0x20,0x74,0x68,0x65,0x20,0x4c,0x69,0x63,0x65,0x6e,0x73,0x65,0x20,
  0x66,0x6f,0x72,0x20,0x74,0x68,0x65,0x20,0x73,0x70,0x65,0x63,0x69,0x66,0x69,0x63,
  0x20,0x6c,0x61,0x6e,0x67,0x75,0x61,0x67,0x65,0x20,0x67,0x6f,0x76,0x65,0x72,0x6e,
  0x69,0x6e,0x67,0x20,0x70,0x65,0x72,0x6d,0x69,0x73,0x73,0x69,0x6f,0x6e,0x73,0x20,
  0x61,0x6e,0x64,0x0a,0x20,0x20,0x20,0x6c,0x69,0x6d,0x69,0x74,0x61,0x74,0x69,0x6f,
  0x6e,0x73,0x20,0x75,0x6e,0x64,0x65,0x72,0x20,0x74,0x68,0x65,0x20,0x4c,0x69,0x63,
  0x65,0x6e,0x73,0x65,0x2e,0x0a,0x0a,0x3d,0x3d,0x3d,0x3d,0x3d,0x3d,0x3d,0x3d,0x3d,
  0x3d,0x3d,0x3d,0x3d,0x3d,0x3d,0x3d,0x3d,0x3d,0x3d,0x3d,0x3d,0x3d,0x3d,0x3d,0x3d,
  0x3d,0x3d,0x3d,0x3d,0x3d,0x3d,0x3d,0x3d,0x3d,0x3d,0x3d,0x3d,0x3d,0x3d,0x3d,0x3d,
  0x3d,0x3d,0x3d,0x3d,0x3d,0x3d,0x3d,0x3d,0x3d,0x3d,0x3d,0x3d,0x3d,0x3d,0x3d,0x3d,
  0x3d,0x3d,0x3d,0x3d,0x3d,0x3d,0x3d,0x3d,0x3d,0x3d,0x3d,0x3d,0x3d,0x3d,0x3d,0x0a,
  0x4c,0x49,0x43,0x45,0x4e,0x53,0x45,0x53,0x2f,0x66,0x6f,0x6e,0x74,0x2d,0x6f,0x66,
  0x6c,0x2d,0x31,0x2e,0x31,0x2e,0x74,0x78,0x74,0x0a,0x3d,0x3d,0x3d,0x3d,0x3d,0x3d,
  0x3d,0x3d,0x3d,0x3d,0x3d,0x3d,0x3d,0x3d,0x3d,0x3d,0x3d,0x3d,0x3d,0x3d,0x3d,0x3d,
  0x3d,0x3d,0x3d,0x3d,0x3d,0x3d,0x3d,0x3d,0x3d,0x3d,0x3d,0x3d,0x3d,0x3d,0x3d,0x3d,
  0x3d,0x3d,0x3d,0x3d,0x3d,0x3d,0x3d,0x3d,0x3d,0x3d,0x3d,0x3d,0x3d,0x3d,0x3d,0x3d,
  0x3d,0x3d,0x3d,0x3d,0x3d,0x3d,0x3d,0x3d,0x3d,0x3d,0x3d,0x3d,0x3d,0x3d,0x3d,0x3d,
  0x3d,0x3d,0x0a,0x53,0x50,0x44,0x58,0x2d,0x4c,0x69,0x63,0x65,0x6e,0x73,0x65,0x2d,
  0x49,0x64,0x65,0x6e,0x74,0x69,0x66,0x69,0x65,0x72,0x3a,0x20,0x4d,0x49,0x54,0x20,
  0x41,0x4e,0x44,0x20,0x4f,0x46,0x4c,0x2d,0x31,0x2e,0x31,0x0a,0x43,0x6f,0x70,0x79,
  0x72,0x69,0x67,0x68,0x74,0x20,0x28,0x63,0x29,0x20,0x32,0x30,0x32,0x36,0x20,0x72,
  0x65,0x74,0x72,0x6f,0x64,0x69,0x76,0x20,0x3c,0x72,0x65,0x74,0x72,0x6f,0x64,0x69,
  0x76,0x40,0x70,0x72,0x6f,0x74,0x6f,0x6e,0x2e,0x6d,0x65,0x3e,0x0a,0x54,0x68,0x65,
  0x20,0x69,0x6e,0x74,0x72,0x6f,0x64,0x75,0x63,0x74,0x6f,0x72,0x79,0x20,0x64,0x65,
  0x73,0x63,0x72,0x69,0x70,0x74,0x69,0x6f,0x6e,0x20,0x69,0x73,0x20,0x6c,0x69,0x63,
  0x65,0x6e,0x73,0x65,0x64,0x20,0x75,0x6e,0x64,0x65,0x72,0x20,0x4d,0x49,0x54,0x2e,
  0x20,0x54,0x68,0x65,0x20,0x75,0x70,0x73,0x74,0x72,0x65,0x61,0x6d,0x20,0x66,0x6f,
  0x6e,0x74,0x20,0x6e,0x6f,0x74,0x69,0x63,0x65,0x73,0x0a,0x61,0x6e,0x64,0x20,0x6c,
  0x69,0x63,0x65,0x6e,0x73,0x65,0x20,0x62,0x65,0x6c,0x6f,0x77,0x20,0x61,0x70,0x70,
  0x6c,0x79,0x20,0x74,0x6f,0x20,0x74,0x68,0x65,0x20,0x64,0x65,0x72,0x69,0x76,0x65,
  0x64,0x20,0x66,0x6f,0x6e,0x74,0x20,0x64,0x61,0x74,0x61,0x20,0x61,0x6e,0x64,0x20,
  0x72,0x65,0x6d,0x61,0x69,0x6e,0x20,0x75,0x6e,0x63,0x68,0x61,0x6e,0x67,0x65,0x64,
  0x2e,0x0a,0x0a,0x42,0x75,0x69,0x6c,0x74,0x2d,0x69,0x6e,0x20,0x66,0x61,0x6c,0x6c,
  0x62,0x61,0x63,0x6b,0x20,0x66,0x6f,0x6e,0x74,0x20,0x64,0x61,0x74,0x61,0x0a,0x3d,
  0x3d,0x3d,0x3d,0x3d,0x3d,0x3d,0x3d,0x3d,0x3d,0x3d,0x3d,0x3d,0x3d,0x3d,0x3d,0x3d,
  0x3d,0x3d,0x3d,0x3d,0x3d,0x3d,0x3d,0x3d,0x3d,0x0a,0x0a,0x54,0x68,0x65,0x20,0x67,
  0x65,0x6e,0x65,0x72,0x61,0x74,0x65,0x64,0x20,0x67,0x6c,0x79,0x70,0x68,0x20,0x63,
  0x6f,0x76,0x65,0x72,0x61,0x67,0x65,0x20,0x69,0x6e,0x20,0x73,0x72,0x63,0x2f,0x67,
  0x65,0x6e,0x65,0x72,0x61,0x74,0x65,0x64,0x2f,0x67,0x6d,0x6c,0x5f,0x64,0x65,0x66,
  0x61,0x75,0x6c,0x74,0x5f,0x66,0x6f,0x6e,0x74,0x5f,0x64,0x61,0x74,0x61,0x2e,0x68,
  0x20,0x61,0x6e,0x64,0x0a,0x73,0x72,0x63,0x2f,0x67,0x65,0x6e,0x65,0x72,0x61,0x74,
  0x65,0x64,0x2f,0x67,0x6d,0x6c,0x5f,0x63,0x6c,0x61,0x73,0x73,0x69,0x63,0x5f,0x69,
  0x6e,0x66,0x6f,0x5f,0x66,0x6f,0x6e,0x74,0x5f,0x64,0x61,0x74,0x61,0x2e,0x68,0x20,
  0x69,0x73,0x20,0x64,0x65,0x72,0x69,0x76,0x65,0x64,0x20,0x66,0x72,0x6f,0x6d,0x20,
  0x4c,0x69,0x62,0x65,0x72,0x61,0x74,0x69,0x6f,0x6e,0x20,0x53,0x61,0x6e,0x73,0x0a,
  0x32,0x2e,0x31,0x2e,0x35,0x2e,0x20,0x54,0x68,0x65,0x20,0x66,0x6f,0x6c,0x6c,0x6f,
  0x77,0x69,0x6e,0x67,0x20,0x75,0x70,0x73,0x74,0x72,0x65,0x61,0x6d,0x20,0x6c,0x69,
  0x63,0x65,0x6e,0x73,0x65,0x20,0x61,0x6e,0x64,0x20,0x63,0x6f,0x70,0x79,0x72,0x69,
  0x67,0x68,0x74,0x20,0x6e,0x6f,0x74,0x69,0x63,0x65,0x73,0x20,0x61,0x70,0x70,0x6c,
  0x79,0x20,0x74,0x6f,0x20,0x74,0x68,0x61,0x74,0x20,0x64,0x61,0x74,0x61,0x2e,0x0a,
  0x44,0x69,0x73,0x74,0x72,0x69,0x62,0x75,0x74,0x69,0x6f,0x6e,0x73,0x20,0x63,0x6f,
  0x6e,0x74,0x61,0x69,0x6e,0x69,0x6e,0x67,0x20,0x69,0x74,0x20,0x6d,0x75,0x73,0x74,
  0x20,0x69,0x6e,0x63,0x6c,0x75,0x64,0x65,0x20,0x74,0x68,0x65,0x73,0x65,0x20,0x6e,
  0x6f,0x74,0x69,0x63,0x65,0x73,0x20,0x61,0x6e,0x64,0x20,0x74,0x68,0x65,0x20,0x66,
  0x75,0x6c,0x6c,0x20,0x6c,0x69,0x63,0x65,0x6e,0x73,0x65,0x2c,0x0a,0x69,0x6e,0x63,
  0x6c,0x75,0x64,0x69,0x6e,0x67,0x20,0x62,0x69,0x6e,0x61,0x72,0x79,0x20,0x64,0x69,
  0x73,0x74,0x72,0x69,0x62,0x75,0x74,0x69,0x6f,0x6e,0x73,0x2e,0x0a,0x0a,0x44,0x69,
  0x67,0x69,0x74,0x69,0x7a,0x65,0x64,0x20,0x64,0x61,0x74,0x61,0x20,0x63,0x6f,0x70,
  0x79,0x72,0x69,0x67,0x68,0x74,0x20,0x28,0x63,0x29,0x20,0x32,0x30,0x31,0x30,0x20,
  0x47,0x6f,0x6f,0x67,0x6c,0x65,0x20,0x43,0x6f,0x72,0x70,0x6f,0x72,0x61,0x74,0x69,
  0x6f,0x6e,0x0a,0x09,0x77,0x69,0x74,0x68,0x20,0x52,0x65,0x73,0x65,0x72,0x76,0x65,
  0x64,0x20,0x46,0x6f,0x6e,0x74,0x20,0x41,0x72,0x69,0x6d,0x6f,0x2c,0x20,0x54,0x69,
  0x6e,0x6f,0x73,0x20,0x61,0x6e,0x64,0x20,0x43,0x6f,0x75,0x73,0x69,0x6e,0x65,0x2e,
  0x0a,0x43,0x6f,0x70,0x79,0x72,0x69,0x67,0x68,0x74,0x20,0x28,0x63,0x29,0x20,0x32,
  0x30,0x31,0x32,0x20,0x52,0x65,0x64,0x20,0x48,0x61,0x74,0x2c,0x20,0x49,0x6e,0x63,
  0x2e,0x0a,0x09,0x77,0x69,0x74,0x68,0x20,0x52,0x65,0x73,0x65,0x72,0x76,0x65,0x64,
  0x20,0x46,0x6f,0x6e,0x74,0x20,0x4e,0x61,0x6d,0x65,0x20,0x4c,0x69,0x62,0x65,0x72,
  0x61,0x74,0x69,0x6f,0x6e,0x2e,0x0a,0x0a,0x54,0x68,0x69,0x73,0x20,0x46,0x6f,0x6e,
  0x74,0x20,0x53,0x6f,0x66,0x74,0x77,0x61,0x72,0x65,0x20,0x69,0x73,0x20,0x6c,0x69,
  0x63,0x65,0x6e,0x73,0x65,0x64,0x20,0x75,0x6e,0x64,0x65,0x72,0x20,0x74,0x68,0x65,
  0x20,0x53,0x49,0x4c,0x20,0x4f,0x70,0x65,0x6e,0x20,0x46,0x6f,0x6e,0x74,0x20,0x4c,
  0x69,0x63,0x65,0x6e,0x73,0x65,0x2c,0x0a,0x56,0x65,0x72,0x73,0x69,0x6f,0x6e,0x20,
  0x31,0x2e,0x31,0x2e,0x0a,0x0a,0x54,0x68,0x69,0x73,0x20,0x6c,0x69,0x63,0x65,0x6e,
  0x73,0x65,0x20,0x69,0x73,0x20,0x63,0x6f,0x70,0x69,0x65,0x64,0x20,0x62,0x65,0x6c,
  0x6f,0x77,0x2c,0x20,0x61,0x6e,0x64,0x20,0x69,0x73,0x20,0x61,0x6c,0x73,0x6f,0x20,
  0x61,0x76,0x61,0x69,0x6c,0x61,0x62,0x6c,0x65,0x20,0x77,0x69,0x74,0x68,0x20,0x61,
  0x20,0x46,0x41,0x51,0x20,0x61,0x74,0x3a,0x0a,0x68,0x74,0x74,0x70,0x3a,0x2f,0x2f,
  0x73,0x63,0x72,0x69,0x70,0x74,0x73,0x2e,0x73,0x69,0x6c,0x2e,0x6f,0x72,0x67,0x2f,
  0x4f,0x46,0x4c,0x0a,0x0a,0x53,0x49,0x4c,0x20,0x4f,0x50,0x45,0x4e,0x20,0x46,0x4f,
  0x4e,0x54,0x20,0x4c,0x49,0x43,0x45,0x4e,0x53,0x45,0x20,0x56,0x65,0x72,0x73,0x69,
  0x6f,0x6e,0x20,0x31,0x2e,0x31,0x20,0x2d,0x20,0x32,0x36,0x20,0x46,0x65,0x62,0x72,
  0x75,0x61,0x72,0x79,0x20,0x32,0x30,0x30,0x37,0x0a,0x0a,0x50,0x52,0x45,0x41,0x4d,
  0x42,0x4c,0x45,0x20,0x54,0x68,0x65,0x20,0x67,0x6f,0x61,0x6c,0x73,0x20,0x6f,0x66,
  0x20,0x74,0x68,0x65,0x20,0x4f,0x70,0x65,0x6e,0x20,0x46,0x6f,0x6e,0x74,0x20,0x4c,
  0x69,0x63,0x65,0x6e,0x73,0x65,0x20,0x28,0x4f,0x46,0x4c,0x29,0x20,0x61,0x72,0x65,
  0x20,0x74,0x6f,0x20,0x73,0x74,0x69,0x6d,0x75,0x6c,0x61,0x74,0x65,0x0a,0x77,0x6f,
  0x72,0x6c,0x64,0x77,0x69,0x64,0x65,0x20,0x64,0x65,0x76,0x65,0x6c,0x6f,0x70,0x6d,
  0x65,0x6e,0x74,0x20,0x6f,0x66,0x20,0x63,0x6f,0x6c,0x6c,0x61,0x62,0x6f,0x72,0x61,
  0x74,0x69,0x76,0x65,0x20,0x66,0x6f,0x6e,0x74,0x20,0x70,0x72,0x6f,0x6a,0x65,0x63,
  0x74,0x73,0x2c,0x20,0x74,0x6f,0x20,0x73,0x75,0x70,0x70,0x6f,0x72,0x74,0x20,0x74,
  0x68,0x65,0x20,0x66,0x6f,0x6e,0x74,0x0a,0x63,0x72,0x65,0x61,0x74,0x69,0x6f,0x6e,
  0x20,0x65,0x66,0x66,0x6f,0x72,0x74,0x73,0x20,0x6f,0x66,0x20,0x61,0x63,0x61,0x64,
  0x65,0x6d,0x69,0x63,0x20,0x61,0x6e,0x64,0x20,0x6c,0x69,0x6e,0x67,0x75,0x69,0x73,
  0x74,0x69,0x63,0x20,0x63,0x6f,0x6d,0x6d,0x75,0x6e,0x69,0x74,0x69,0x65,0x73,0x2c,
  0x20,0x61,0x6e,0x64,0x20,0x74,0x6f,0x20,0x70,0x72,0x6f,0x76,0x69,0x64,0x65,0x0a,
  0x61,0x20,0x66,0x72,0x65,0x65,0x20,0x61,0x6e,0x64,0x20,0x6f,0x70,0x65,0x6e,0x20,
  0x66,0x72,0x61,0x6d,0x65,0x77,0x6f,0x72,0x6b,0x20,0x69,0x6e,0x20,0x77,0x68,0x69,
  0x63,0x68,0x20,0x66,0x6f,0x6e,0x74,0x73,0x20,0x6d,0x61,0x79,0x20,0x62,0x65,0x20,
  0x73,0x68,0x61,0x72,0x65,0x64,0x20,0x61,0x6e,0x64,0x20,0x69,0x6d,0x70,0x72,0x6f,
  0x76,0x65,0x64,0x20,0x69,0x6e,0x0a,0x70,0x61,0x72,0x74,0x6e,0x65,0x72,0x73,0x68,
  0x69,0x70,0x20,0x77,0x69,0x74,0x68,0x20,0x6f,0x74,0x68,0x65,0x72,0x73,0x2e,0x0a,
  0x0a,0x54,0x68,0x65,0x20,0x4f,0x46,0x4c,0x20,0x61,0x6c,0x6c,0x6f,0x77,0x73,0x20,
  0x74,0x68,0x65,0x20,0x6c,0x69,0x63,0x65,0x6e,0x73,0x65,0x64,0x20,0x66,0x6f,0x6e,
  0x74,0x73,0x20,0x74,0x6f,0x20,0x62,0x65,0x20,0x75,0x73,0x65,0x64,0x2c,0x20,0x73,
  0x74,0x75,0x64,0x69,0x65,0x64,0x2c,0x20,0x6d,0x6f,0x64,0x69,0x66,0x69,0x65,0x64,
  0x20,0x61,0x6e,0x64,0x0a,0x72,0x65,0x64,0x69,0x73,0x74,0x72,0x69,0x62,0x75,0x74,
  0x65,0x64,0x20,0x66,0x72,0x65,0x65,0x6c,0x79,0x20,0x61,0x73,0x20,0x6c,0x6f,0x6e,
  0x67,0x20,0x61,0x73,0x20,0x74,0x68,0x65,0x79,0x20,0x61,0x72,0x65,0x20,0x6e,0x6f,
  0x74,0x20,0x73,0x6f,0x6c,0x64,0x20,0x62,0x79,0x20,0x74,0x68,0x65,0x6d,0x73,0x65,
  0x6c,0x76,0x65,0x73,0x2e,0x0a,0x54,0x68,0x65,0x20,0x66,0x6f,0x6e,0x74,0x73,0x2c,
  0x20,0x69,0x6e,0x63,0x6c,0x75,0x64,0x69,0x6e,0x67,0x20,0x61,0x6e,0x79,0x20,0x64,
  0x65,0x72,0x69,0x76,0x61,0x74,0x69,0x76,0x65,0x20,0x77,0x6f,0x72,0x6b,0x73,0x2c,
  0x20,0x63,0x61,0x6e,0x20,0x62,0x65,0x20,0x62,0x75,0x6e,0x64,0x6c,0x65,0x64,0x2c,
  0x20,0x65,0x6d,0x62,0x65,0x64,0x64,0x65,0x64,0x2c,0x0a,0x72,0x65,0x64,0x69,0x73,
  0x74,0x72,0x69,0x62,0x75,0x74,0x65,0x64,0x20,0x61,0x6e,0x64,0x2f,0x6f,0x72,0x20,
  0x73,0x6f,0x6c,0x64,0x20,0x77,0x69,0x74,0x68,0x20,0x61,0x6e,0x79,0x20,0x73,0x6f,
  0x66,0x74,0x77,0x61,0x72,0x65,0x20,0x70,0x72,0x6f,0x76,0x69,0x64,0x65,0x64,0x20,
  0x74,0x68,0x61,0x74,0x20,0x61,0x6e,0x79,0x20,0x72,0x65,0x73,0x65,0x72,0x76,0x65,
  0x64,0x0a,0x6e,0x61,0x6d,0x65,0x73,0x20,0x61,0x72,0x65,0x20,0x6e,0x6f,0x74,0x20,
  0x75,0x73,0x65,0x64,0x20,0x62,0x79,0x20,0x64,0x65,0x72,0x69,0x76,0x61,0x74,0x69,
  0x76,0x65,0x20,0x77,0x6f,0x72,0x6b,0x73,0x2e,0x20,0x20,0x54,0x68,0x65,0x20,0x66,
  0x6f,0x6e,0x74,0x73,0x20,0x61,0x6e,0x64,0x20,0x64,0x65,0x72,0x69,0x76,0x61,0x74,
  0x69,0x76,0x65,0x73,0x2c,0x0a,0x68,0x6f,0x77,0x65,0x76,0x65,0x72,0x2c,0x20,0x63,
  0x61,0x6e,0x6e,0x6f,0x74,0x20,0x62,0x65,0x20,0x72,0x65,0x6c,0x65,0x61,0x73,0x65,
  0x64,0x20,0x75,0x6e,0x64,0x65,0x72,0x20,0x61,0x6e,0x79,0x20,0x6f,0x74,0x68,0x65,
  0x72,0x20,0x74,0x79,0x70,0x65,0x20,0x6f,0x66,0x20,0x6c,0x69,0x63,0x65,0x6e,0x73,
  0x65,0x2e,0x20,0x20,0x54,0x68,0x65,0x0a,0x72,0x65,0x71,0x75,0x69,0x72,0x65,0x6d,
  0x65,0x6e,0x74,0x20,0x66,0x6f,0x72,0x20,0x66,0x6f,0x6e,0x74,0x73,0x20,0x74,0x6f,
  0x20,0x72,0x65,0x6d,0x61,0x69,0x6e,0x20,0x75,0x6e,0x64,0x65,0x72,0x20,0x74,0x68,
  0x69,0x73,0x20,0x6c,0x69,0x63,0x65,0x6e,0x73,0x65,0x20,0x64,0x6f,0x65,0x73,0x20,
  0x6e,0x6f,0x74,0x20,0x61,0x70,0x70,0x6c,0x79,0x20,0x74,0x6f,0x0a,0x61,0x6e,0x79,
  0x20,0x64,0x6f,0x63,0x75,0x6d,0x65,0x6e,0x74,0x20,0x63,0x72,0x65,0x61,0x74,0x65,
  0x64,0x20,0x75,0x73,0x69,0x6e,0x67,0x20,0x74,0x68,0x65,0x20,0x66,0x6f,0x6e,0x74,
  0x73,0x20,0x6f,0x72,0x20,0x74,0x68,0x65,0x69,0x72,0x20,0x64,0x65,0x72,0x69,0x76,
  0x61,0x74,0x69,0x76,0x65,0x73,0x2e,0x0a,0x0a,0x0a,0x0a,0x44,0x45,0x46,0x49,0x4e,
  0x49,0x54,0x49,0x4f,0x4e,0x53,0x0a,0x22,0x46,0x6f,0x6e,0x74,0x20,0x53,0x6f,0x66,
  0x74,0x77,0x61,0x72,0x65,0x22,0x20,0x72,0x65,0x66,0x65,0x72,0x73,0x20,0x74,0x6f,
  0x20,0x74,0x68,0x65,0x20,0x73,0x65,0x74,0x20,0x6f,0x66,0x20,0x66,0x69,0x6c,0x65,
  0x73,0x20,0x72,0x65,0x6c,0x65,0x61,0x73,0x65,0x64,0x20,0x62,0x79,0x20,0x74,0x68,
  0x65,0x20,0x43,0x6f,0x70,0x79,0x72,0x69,0x67,0x68,0x74,0x0a,0x48,0x6f,0x6c,0x64,
  0x65,0x72,0x28,0x73,0x29,0x20,0x75,0x6e,0x64,0x65,0x72,0x20,0x74,0x68,0x69,0x73,
  0x20,0x6c,0x69,0x63,0x65,0x6e,0x73,0x65,0x20,0x61,0x6e,0x64,0x20,0x63,0x6c,0x65,
  0x61,0x72,0x6c,0x79,0x20,0x6d,0x61,0x72,0x6b,0x65,0x64,0x20,0x61,0x73,0x20,0x73,
  0x75,0x63,0x68,0x2e,0x0a,0x54,0x68,0x69,0x73,0x20,0x6d,0x61,0x79,0x20,0x69,0x6e,
  0x63,0x6c,0x75,0x64,0x65,0x20,0x73,0x6f,0x75,0x72,0x63,0x65,0x20,0x66,0x69,0x6c,
  0x65,0x73,0x2c,0x20,0x62,0x75,0x69,0x6c,0x64,0x20,0x73,0x63,0x72,0x69,0x70,0x74,
  0x73,0x20,0x61,0x6e,0x64,0x20,0x64,0x6f,0x63,0x75,0x6d,0x65,0x6e,0x74,0x61,0x74,
  0x69,0x6f,0x6e,0x2e,0x0a,0x0a,0x22,0x52,0x65,0x73,0x65,0x72,0x76,0x65,0x64,0x20,
  0x46,0x6f,0x6e,0x74,0x20,0x4e,0x61,0x6d,0x65,0x22,0x20,0x72,0x65,0x66,0x65,0x72,
  0x73,0x20,0x74,0x6f,0x20,0x61,0x6e,0x79,0x20,0x6e,0x61,0x6d,0x65,0x73,0x20,0x73,
  0x70,0x65,0x63,0x69,0x66,0x69,0x65,0x64,0x20,0x61,0x73,0x20,0x73,0x75,0x63,0x68,
  0x20,0x61,0x66,0x74,0x65,0x72,0x20,0x74,0x68,0x65,0x0a,0x63,0x6f,0x70,0x79,0x72,
  0x69,0x67,0x68,0x74,0x20,0x73,0x74,0x61,0x74,0x65,0x6d,0x65,0x6e,0x74,0x28,0x73,
  0x29,0x2e,0x0a,0x0a,0x22,0x4f,0x72,0x69,0x67,0x69,0x6e,0x61,0x6c,0x20,0x56,0x65,
  0x72,0x73,0x69,0x6f,0x6e,0x22,0x20,0x72,0x65,0x66,0x65,0x72,0x73,0x20,0x74,0x6f,
  0x20,0x74,0x68,0x65,0x20,0x63,0x6f,0x6c,0x6c,0x65,0x63,0x74,0x69,0x6f,0x6e,0x20,
  0x6f,0x66,0x20,0x46,0x6f,0x6e,0x74,0x20,0x53,0x6f,0x66,0x74,0x77,0x61,0x72,0x65,
  0x20,0x63,0x6f,0x6d,0x70,0x6f,0x6e,0x65,0x6e,0x74,0x73,0x0a,0x61,0x73,0x20,0x64,
  0x69,0x73,0x74,0x72,0x69,0x62,0x75,0x74,0x65,0x64,0x20,0x62,0x79,0x20,0x74,0x68,
  0x65,0x20,0x43,0x6f,0x70,0x79,0x72,0x69,0x67,0x68,0x74,0x20,0x48,0x6f,0x6c,0x64,
  0x65,0x72,0x28,0x73,0x29,0x2e,0x0a,0x0a,0x22,0x4d,0x6f,0x64,0x69,0x66,0x69,0x65,
  0x64,0x20,0x56,0x65,0x72,0x73,0x69,0x6f,0x6e,0x22,0x20,0x72,0x65,0x66,0x65,0x72,
  0x73,0x20,0x74,0x6f,0x20,0x61,0x6e,0x79,0x20,0x64,0x65,0x72,0x69,0x76,0x61,0x74,
  0x69,0x76,0x65,0x20,0x6d,0x61,0x64,0x65,0x20,0x62,0x79,0x20,0x61,0x64,0x64,0x69,
  0x6e,0x67,0x20,0x74,0x6f,0x2c,0x20,0x64,0x65,0x6c,0x65,0x74,0x69,0x6e,0x67,0x2c,
  0x0a,0x6f,0x72,0x20,0x73,0x75,0x62,0x73,0x74,0x69,0x74,0x75,0x74,0x69,0x6e,0x67,
  0x20,0x3f,0x20,0x69,0x6e,0x20,0x70,0x61,0x72,0x74,0x20,0x6f,0x72,0x20,0x69,0x6e,
  0x20,0x77,0x68,0x6f,0x6c,0x65,0x20,0x3f,0x0a,0x61,0x6e,0x79,0x20,0x6f,0x66,0x20,
  0x74,0x68,0x65,0x20,0x63,0x6f,0x6d,0x70,0x6f,0x6e,0x65,0x6e,0x74,0x73,0x20,0x6f,
  0x66,0x20,0x74,0x68,0x65,0x20,0x4f,0x72,0x69,0x67,0x69,0x6e,0x61,0x6c,0x20,0x56,
  0x65,0x72,0x73,0x69,0x6f,0x6e,0x2c,0x20,0x62,0x79,0x20,0x63,0x68,0x61,0x6e,0x67,
  0x69,0x6e,0x67,0x20,0x66,0x6f,0x72,0x6d,0x61,0x74,0x73,0x20,0x6f,0x72,0x0a,0x62,
  0x79,0x20,0x70,0x6f,0x72,0x74,0x69,0x6e,0x67,0x20,0x74,0x68,0x65,0x20,0x46,0x6f,
  0x6e,0x74,0x20,0x53,0x6f,0x66,0x74,0x77,0x61,0x72,0x65,0x20,0x74,0x6f,0x20,0x61,
  0x20,0x6e,0x65,0x77,0x20,0x65,0x6e,0x76,0x69,0x72,0x6f,0x6e,0x6d,0x65,0x6e,0x74,
  0x2e,0x0a,0x0a,0x22,0x41,0x75,0x74,0x68,0x6f,0x72,0x22,0x20,0x72,0x65,0x66,0x65,
  0x72,0x73,0x20,0x74,0x6f,0x20,0x61,0x6e,0x79,0x20,0x64,0x65,0x73,0x69,0x67,0x6e,
  0x65,0x72,0x2c,0x20,0x65,0x6e,0x67,0x69,0x6e,0x65,0x65,0x72,0x2c,0x20,0x70,0x72,
  0x6f,0x67,0x72,0x61,0x6d,0x6d,0x65,0x72,0x2c,0x20,0x74,0x65,0x63,0x68,0x6e,0x69,
  0x63,0x61,0x6c,0x20,0x77,0x72,0x69,0x74,0x65,0x72,0x0a,0x6f,0x72,0x20,0x6f,0x74,
  0x68,0x65,0x72,0x20,0x70,0x65,0x72,0x73,0x6f,0x6e,0x20,0x77,0x68,0x6f,0x20,0x63,
  0x6f,0x6e,0x74,0x72,0x69,0x62,0x75,0x74,0x65,0x64,0x20,0x74,0x6f,0x20,0x74,0x68,
  0x65,0x20,0x46,0x6f,0x6e,0x74,0x20,0x53,0x6f,0x66,0x74,0x77,0x61,0x72,0x65,0x2e,
  0x0a,0x0a,0x0a,0x50,0x45,0x52,0x4d,0x49,0x53,0x53,0x49,0x4f,0x4e,0x20,0x26,0x20,
  0x43,0x4f,0x4e,0x44,0x49,0x54,0x49,0x4f,0x4e,0x53,0x0a,0x0a,0x50,0x65,0x72,0x6d,
  0x69,0x73,0x73,0x69,0x6f,0x6e,0x20,0x69,0x73,0x20,0x68,0x65,0x72,0x65,0x62,0x79,
  0x20,0x67,0x72,0x61,0x6e,0x74,0x65,0x64,0x2c,0x20,0x66,0x72,0x65,0x65,0x20,0x6f,
  0x66,0x20,0x63,0x68,0x61,0x72,0x67,0x65,0x2c,0x20,0x74,0x6f,0x20,0x61,0x6e,0x79,
  0x20,0x70,0x65,0x72,0x73,0x6f,0x6e,0x20,0x6f,0x62,0x74,0x61,0x69,0x6e,0x69,0x6e,
  0x67,0x20,0x61,0x0a,0x63,0x6f,0x70,0x79,0x20,0x6f,0x66,0x20,0x74,0x68,0x65,0x20,
  0x46,0x6f,0x6e,0x74,0x20,0x53,0x6f,0x66,0x74,0x77,0x61,0x72,0x65,0x2c,0x20,0x74,
  0x6f,0x20,0x75,0x73,0x65,0x2c,0x20,0x73,0x74,0x75,0x64,0x79,0x2c,0x20,0x63,0x6f,
  0x70,0x79,0x2c,0x20,0x6d,0x65,0x72,0x67,0x65,0x2c,0x20,0x65,0x6d,0x62,0x65,0x64,
  0x2c,0x20,0x6d,0x6f,0x64,0x69,0x66,0x79,0x2c,0x0a,0x72,0x65,0x64,0x69,0x73,0x74,
  0x72,0x69,0x62,0x75,0x74,0x65,0x2c,0x20,0x61,0x6e,0x64,0x20,0x73,0x65,0x6c,0x6c,
  0x20,0x6d,0x6f,0x64,0x69,0x66,0x69,0x65,0x64,0x20,0x61,0x6e,0x64,0x20,0x75,0x6e,
  0x6d,0x6f,0x64,0x69,0x66,0x69,0x65,0x64,0x20,0x63,0x6f,0x70,0x69,0x65,0x73,0x20,
  0x6f,0x66,0x20,0x74,0x68,0x65,0x20,0x46,0x6f,0x6e,0x74,0x0a,0x53,0x6f,0x66,0x74,
  0x77,0x61,0x72,0x65,0x2c,0x20,0x73,0x75,0x62,0x6a,0x65,0x63,0x74,0x20,0x74,0x6f,
  0x20,0x74,0x68,0x65,0x20,0x66,0x6f,0x6c,0x6c,0x6f,0x77,0x69,0x6e,0x67,0x20,0x63,
  0x6f,0x6e,0x64,0x69,0x74,0x69,0x6f,0x6e,0x73,0x3a,0x0a,0x0a,0x31,0x29,0x20,0x4e,
  0x65,0x69,0x74,0x68,0x65,0x72,0x20,0x74,0x68,0x65,0x20,0x46,0x6f,0x6e,0x74,0x20,
  0x53,0x6f,0x66,0x74,0x77,0x61,0x72,0x65,0x20,0x6e,0x6f,0x72,0x20,0x61,0x6e,0x79,
  0x20,0x6f,0x66,0x20,0x69,0x74,0x73,0x20,0x69,0x6e,0x64,0x69,0x76,0x69,0x64,0x75,
  0x61,0x6c,0x20,0x63,0x6f,0x6d,0x70,0x6f,0x6e,0x65,0x6e,0x74,0x73,0x2c,0x69,0x6e,
  0x0a,0x20,0x20,0x20,0x4f,0x72,0x69,0x67,0x69,0x6e,0x61,0x6c,0x20,0x6f,0x72,0x20,
  0x4d,0x6f,0x64,0x69,0x66,0x69,0x65,0x64,0x20,0x56,0x65,0x72,0x73,0x69,0x6f,0x6e,
  0x73,0x2c,0x20,0x6d,0x61,0x79,0x20,0x62,0x65,0x20,0x73,0x6f,0x6c,0x64,0x20,0x62,
  0x79,0x20,0x69,0x74,0x73,0x65,0x6c,0x66,0x2e,0x0a,0x0a,0x32,0x29,0x20,0x4f,0x72,
  0x69,0x67,0x69,0x6e,0x61,0x6c,0x20,0x6f,0x72,0x20,0x4d,0x6f,0x64,0x69,0x66,0x69,
  0x65,0x64,0x20,0x56,0x65,0x72,0x73,0x69,0x6f,0x6e,0x73,0x20,0x6f,0x66,0x20,0x74,
  0x68,0x65,0x20,0x46,0x6f,0x6e,0x74,0x20,0x53,0x6f,0x66,0x74,0x77,0x61,0x72,0x65,
  0x20,0x6d,0x61,0x79,0x20,0x62,0x65,0x20,0x62,0x75,0x6e,0x64,0x6c,0x65,0x64,0x2c,
  0x0a,0x20,0x20,0x20,0x72,0x65,0x64,0x69,0x73,0x74,0x72,0x69,0x62,0x75,0x74,0x65,
  0x64,0x20,0x61,0x6e,0x64,0x2f,0x6f,0x72,0x20,0x73,0x6f,0x6c,0x64,0x20,0x77,0x69,
  0x74,0x68,0x20,0x61,0x6e,0x79,0x20,0x73,0x6f,0x66,0x74,0x77,0x61,0x72,0x65,0x2c,
  0x20,0x70,0x72,0x6f,0x76,0x69,0x64,0x65,0x64,0x20,0x74,0x68,0x61,0x74,0x20,0x65,
  0x61,0x63,0x68,0x20,0x63,0x6f,0x70,0x79,0x0a,0x20,0x20,0x20,0x63,0x6f,0x6e,0x74,
  0x61,0x69,0x6e,0x73,0x20,0x74,0x68,0x65,0x20,0x61,0x62,0x6f,0x76,0x65,0x20,0x63,
  0x6f,0x70,0x79,0x72,0x69,0x67,0x68,0x74,0x20,0x6e,0x6f,0x74,0x69,0x63,0x65,0x20,
  0x61,0x6e,0x64,0x20,0x74,0x68,0x69,0x73,0x20,0x6c,0x69,0x63,0x65,0x6e,0x73,0x65,
  0x2e,0x20,0x54,0x68,0x65,0x73,0x65,0x20,0x63,0x61,0x6e,0x20,0x62,0x65,0x0a,0x20,
  0x20,0x20,0x69,0x6e,0x63,0x6c,0x75,0x64,0x65,0x64,0x20,0x65,0x69,0x74,0x68,0x65,
  0x72,0x20,0x61,0x73,0x20,0x73,0x74,0x61,0x6e,0x64,0x2d,0x61,0x6c,0x6f,0x6e,0x65,
  0x20,0x74,0x65,0x78,0x74,0x20,0x66,0x69,0x6c,0x65,0x73,0x2c,0x20,0x68,0x75,0x6d,
  0x61,0x6e,0x2d,0x72,0x65,0x61,0x64,0x61,0x62,0x6c,0x65,0x20,0x68,0x65,0x61,0x64,
  0x65,0x72,0x73,0x20,0x6f,0x72,0x0a,0x20,0x20,0x20,0x69,0x6e,0x20,0x74,0x68,0x65,
  0x20,0x61,0x70,0x70,0x72,0x6f,0x70,0x72,0x69,0x61,0x74,0x65,0x20,0x6d,0x61,0x63,
  0x68,0x69,0x6e,0x65,0x2d,0x72,0x65,0x61,0x64,0x61,0x62,0x6c,0x65,0x20,0x6d,0x65,
  0x74,0x61,0x64,0x61,0x74,0x61,0x20,0x66,0x69,0x65,0x6c,0x64,0x73,0x20,0x77,0x69,
  0x74,0x68,0x69,0x6e,0x20,0x74,0x65,0x78,0x74,0x20,0x6f,0x72,0x0a,0x20,0x20,0x20,
  0x62,0x69,0x6e,0x61,0x72,0x79,0x20,0x66,0x69,0x6c,0x65,0x73,0x20,0x61,0x73,0x20,
  0x6c,0x6f,0x6e,0x67,0x20,0x61,0x73,0x20,0x74,0x68,0x6f,0x73,0x65,0x20,0x66,0x69,
  0x65,0x6c,0x64,0x73,0x20,0x63,0x61,0x6e,0x20,0x62,0x65,0x20,0x65,0x61,0x73,0x69,
  0x6c,0x79,0x20,0x76,0x69,0x65,0x77,0x65,0x64,0x20,0x62,0x79,0x20,0x74,0x68,0x65,
  0x20,0x75,0x73,0x65,0x72,0x2e,0x0a,0x0a,0x33,0x29,0x20,0x4e,0x6f,0x20,0x4d,0x6f,
  0x64,0x69,0x66,0x69,0x65,0x64,0x20,0x56,0x65,0x72,0x73,0x69,0x6f,0x6e,0x20,0x6f,
  0x66,0x20,0x74,0x68,0x65,0x20,0x46,0x6f,0x6e,0x74,0x20,0x53,0x6f,0x66,0x74,0x77,
  0x61,0x72,0x65,0x20,0x6d,0x61,0x79,0x20,0x75,0x73,0x65,0x20,0x74,0x68,0x65,0x20,
  0x52,0x65,0x73,0x65,0x72,0x76,0x65,0x64,0x20,0x46,0x6f,0x6e,0x74,0x0a,0x20,0x20,
  0x20,0x4e,0x61,0x6d,0x65,0x28,0x73,0x29,0x20,0x75,0x6e,0x6c,0x65,0x73,0x73,0x20,
  0x65,0x78,0x70,0x6c,0x69,0x63,0x69,0x74,0x20,0x77,0x72,0x69,0x74,0x74,0x65,0x6e,
  0x20,0x70,0x65,0x72,0x6d,0x69,0x73,0x73,0x69,0x6f,0x6e,0x20,0x69,0x73,0x20,0x67,
  0x72,0x61,0x6e,0x74,0x65,0x64,0x20,0x62,0x79,0x20,0x74,0x68,0x65,0x0a,0x20,0x20,
  0x20,0x63,0x6f,0x72,0x72,0x65,0x73,0x70,0x6f,0x6e,0x64,0x69,0x6e,0x67,0x20,0x43,
  0x6f,0x70,0x79,0x72,0x69,0x67,0x68,0x74,0x20,0x48,0x6f,0x6c,0x64,0x65,0x72,0x2e,
  0x20,0x54,0x68,0x69,0x73,0x20,0x72,0x65,0x73,0x74,0x72,0x69,0x63,0x74,0x69,0x6f,
  0x6e,0x20,0x6f,0x6e,0x6c,0x79,0x20,0x61,0x70,0x70,0x6c,0x69,0x65,0x73,0x20,0x74,
  0x6f,0x20,0x74,0x68,0x65,0x0a,0x20,0x20,0x20,0x70,0x72,0x69,0x6d,0x61,0x72,0x79,
  0x20,0x66,0x6f,0x6e,0x74,0x20,0x6e,0x61,0x6d,0x65,0x20,0x61,0x73,0x20,0x70,0x72,
  0x65,0x73,0x65,0x6e,0x74,0x65,0x64,0x20,0x74,0x6f,0x20,0x74,0x68,0x65,0x20,0x75,
  0x73,0x65,0x72,0x73,0x2e,0x0a,0x0a,0x34,0x29,0x20,0x54,0x68,0x65,0x20,0x6e,0x61,
  0x6d,0x65,0x28,0x73,0x29,0x20,0x6f,0x66,0x20,0x74,0x68,0x65,0x20,0x43,0x6f,0x70,
  0x79,0x72,0x69,0x67,0x68,0x74,0x20,0x48,0x6f,0x6c,0x64,0x65,0x72,0x28,0x73,0x29,
  0x20,0x6f,0x72,0x20,0x74,0x68,0x65,0x20,0x41,0x75,0x74,0x68,0x6f,0x72,0x28,0x73,
  0x29,0x20,0x6f,0x66,0x20,0x74,0x68,0x65,0x20,0x46,0x6f,0x6e,0x74,0x0a,0x20,0x20,
  0x20,0x53,0x6f,0x66,0x74,0x77,0x61,0x72,0x65,0x20,0x73,0x68,0x61,0x6c,0x6c,0x20,
  0x6e,0x6f,0x74,0x20,0x62,0x65,0x20,0x75,0x73,0x65,0x64,0x20,0x74,0x6f,0x20,0x70,
  0x72,0x6f,0x6d,0x6f,0x74,0x65,0x2c,0x20,0x65,0x6e,0x64,0x6f,0x72,0x73,0x65,0x20,
  0x6f,0x72,0x20,0x61,0x64,0x76,0x65,0x72,0x74,0x69,0x73,0x65,0x20,0x61,0x6e,0x79,
  0x0a,0x20,0x20,0x20,0x4d,0x6f,0x64,0x69,0x66,0x69,0x65,0x64,0x20,0x56,0x65,0x72,
  0x73,0x69,0x6f,0x6e,0x2c,0x20,0x65,0x78,0x63,0x65,0x70,0x74,0x20,0x74,0x6f,0x20,
  0x61,0x63,0x6b,0x6e,0x6f,0x77,0x6c,0x65,0x64,0x67,0x65,0x20,0x74,0x68,0x65,0x20,
  0x63,0x6f,0x6e,0x74,0x72,0x69,0x62,0x75,0x74,0x69,0x6f,0x6e,0x28,0x73,0x29,0x20,
  0x6f,0x66,0x20,0x74,0x68,0x65,0x0a,0x20,0x20,0x20,0x43,0x6f,0x70,0x79,0x72,0x69,
  0x67,0x68,0x74,0x20,0x48,0x6f,0x6c,0x64,0x65,0x72,0x28,0x73,0x29,0x20,0x61,0x6e,
  0x64,0x20,0x74,0x68,0x65,0x20,0x41,0x75,0x74,0x68,0x6f,0x72,0x28,0x73,0x29,0x20,
  0x6f,0x72,0x20,0x77,0x69,0x74,0x68,0x20,0x74,0x68,0x65,0x69,0x72,0x20,0x65,0x78,
  0x70,0x6c,0x69,0x63,0x69,0x74,0x20,0x77,0x72,0x69,0x74,0x74,0x65,0x6e,0x0a,0x20,
  0x20,0x20,0x70,0x65,0x72,0x6d,0x69,0x73,0x73,0x69,0x6f,0x6e,0x2e,0x0a,0x0a,0x35,
  0x29,0x20,0x54,0x68,0x65,0x20,0x46,0x6f,0x6e,0x74,0x20,0x53,0x6f,0x66,0x74,0x77,
  0x61,0x72,0x65,0x2c,0x20,0x6d,0x6f,0x64,0x69,0x66,0x69,0x65,0x64,0x20,0x6f,0x72,
  0x20,0x75,0x6e,0x6d,0x6f,0x64,0x69,0x66,0x69,0x65,0x64,0x2c,0x20,0x69,0x6e,0x20,
  0x70,0x61,0x72,0x74,0x20,0x6f,0x72,0x20,0x69,0x6e,0x20,0x77,0x68,0x6f,0x6c,0x65,
  0x2c,0x20,0x6d,0x75,0x73,0x74,0x0a,0x20,0x20,0x20,0x62,0x65,0x20,0x64,0x69,0x73,
  0x74,0x72,0x69,0x62,0x75,0x74,0x65,0x64,0x20,0x65,0x6e,0x74,0x69,0x72,0x65,0x6c,
  0x79,0x20,0x75,0x6e,0x64,0x65,0x72,0x20,0x74,0x68,0x69,0x73,0x20,0x6c,0x69,0x63,
  0x65,0x6e,0x73,0x65,0x2c,0x20,0x61,0x6e,0x64,0x20,0x6d,0x75,0x73,0x74,0x20,0x6e,
  0x6f,0x74,0x20,0x62,0x65,0x20,0x64,0x69,0x73,0x74,0x72,0x69,0x62,0x75,0x74,0x65,
  0x64,0x0a,0x20,0x20,0x20,0x75,0x6e,0x64,0x65,0x72,0x20,0x61,0x6e,0x79,0x20,0x6f,
  0x74,0x68,0x65,0x72,0x20,0x6c,0x69,0x63,0x65,0x6e,0x73,0x65,0x2e,0x20,0x54,0x68,
  0x65,0x20,0x72,0x65,0x71,0x75,0x69,0x72,0x65,0x6d,0x65,0x6e,0x74,0x20,0x66,0x6f,
  0x72,0x20,0x66,0x6f,0x6e,0x74,0x73,0x20,0x74,0x6f,0x20,0x72,0x65,0x6d,0x61,0x69,
  0x6e,0x20,0x75,0x6e,0x64,0x65,0x72,0x0a,0x20,0x20,0x20,0x74,0x68,0x69,0x73,0x20,
  0x6c,0x69,0x63,0x65,0x6e,0x73,0x65,0x20,0x64,0x6f,0x65,0x73,0x20,0x6e,0x6f,0x74,
  0x20,0x61,0x70,0x70,0x6c,0x79,0x20,0x74,0x6f,0x20,0x61,0x6e,0x79,0x20,0x64,0x6f,
  0x63,0x75,0x6d,0x65,0x6e,0x74,0x20,0x63,0x72,0x65,0x61,0x74,0x65,0x64,0x20,0x75,
  0x73,0x69,0x6e,0x67,0x20,0x74,0x68,0x65,0x20,0x46,0x6f,0x6e,0x74,0x0a,0x20,0x20,
  0x20,0x53,0x6f,0x66,0x74,0x77,0x61,0x72,0x65,0x2e,0x0a,0x0a,0x0a,0x0a,0x54,0x45,
  0x52,0x4d,0x49,0x4e,0x41,0x54,0x49,0x4f,0x4e,0x0a,0x54,0x68,0x69,0x73,0x20,0x6c,
  0x69,0x63,0x65,0x6e,0x73,0x65,0x20,0x62,0x65,0x63,0x6f,0x6d,0x65,0x73,0x20,0x6e,
  0x75,0x6c,0x6c,0x20,0x61,0x6e,0x64,0x20,0x76,0x6f,0x69,0x64,0x20,0x69,0x66,0x20,
  0x61,0x6e,0x79,0x20,0x6f,0x66,0x20,0x74,0x68,0x65,0x20,0x61,0x62,0x6f,0x76,0x65,
  0x20,0x63,0x6f,0x6e,0x64,0x69,0x74,0x69,0x6f,0x6e,0x73,0x20,0x61,0x72,0x65,0x20,
  0x6e,0x6f,0x74,0x20,0x6d,0x65,0x74,0x2e,0x0a,0x0a,0x0a,0x0a,0x44,0x49,0x53,0x43,
  0x4c,0x41,0x49,0x4d,0x45,0x52,0x0a,0x54,0x48,0x45,0x20,0x46,0x4f,0x4e,0x54,0x20,
  0x53,0x4f,0x46,0x54,0x57,0x41,0x52,0x45,0x20,0x49,0x53,0x20,0x50,0x52,0x4f,0x56,
  0x49,0x44,0x45,0x44,0x20,0x22,0x41,0x53,0x20,0x49,0x53,0x22,0x2c,0x20,0x57,0x49,
  0x54,0x48,0x4f,0x55,0x54,0x20,0x57,0x41,0x52,0x52,0x41,0x4e,0x54,0x59,0x20,0x4f,
  0x46,0x20,0x41,0x4e,0x59,0x20,0x4b,0x49,0x4e,0x44,0x2c,0x0a,0x45,0x58,0x50,0x52,
  0x45,0x53,0x53,0x20,0x4f,0x52,0x20,0x49,0x4d,0x50,0x4c,0x49,0x45,0x44,0x2c,0x20,
  0x49,0x4e,0x43,0x4c,0x55,0x44,0x49,0x4e,0x47,0x20,0x42,0x55,0x54,0x20,0x4e,0x4f,
  0x54,0x20,0x4c,0x49,0x4d,0x49,0x54,0x45,0x44,0x20,0x54,0x4f,0x20,0x41,0x4e,0x59,
  0x20,0x57,0x41,0x52,0x52,0x41,0x4e,0x54,0x49,0x45,0x53,0x20,0x4f,0x46,0x0a,0x4d,
  0x45,0x52,0x43,0x48,0x41,0x4e,0x54,0x41,0x42,0x49,0x4c,0x49,0x54,0x59,0x2c,0x20,
  0x46,0x49,0x54,0x4e,0x45,0x53,0x53,0x20,0x46,0x4f,0x52,0x20,0x41,0x20,0x50,0x41,
  0x52,0x54,0x49,0x43,0x55,0x4c,0x41,0x52,0x20,0x50,0x55,0x52,0x50,0x4f,0x53,0x45,
  0x20,0x41,0x4e,0x44,0x20,0x4e,0x4f,0x4e,0x49,0x4e,0x46,0x52,0x49,0x4e,0x47,0x45,
  0x4d,0x45,0x4e,0x54,0x0a,0x4f,0x46,0x20,0x43,0x4f,0x50,0x59,0x52,0x49,0x47,0x48,
  0x54,0x2c,0x20,0x50,0x41,0x54,0x45,0x4e,0x54,0x2c,0x20,0x54,0x52,0x41,0x44,0x45,
  0x4d,0x41,0x52,0x4b,0x2c,0x20,0x4f,0x52,0x20,0x4f,0x54,0x48,0x45,0x52,0x20,0x52,
  0x49,0x47,0x48,0x54,0x2e,0x20,0x20,0x49,0x4e,0x20,0x4e,0x4f,0x20,0x45,0x56,0x45,
  0x4e,0x54,0x20,0x53,0x48,0x41,0x4c,0x4c,0x20,0x54,0x48,0x45,0x0a,0x43,0x4f,0x50,
  0x59,0x52,0x49,0x47,0x48,0x54,0x20,0x48,0x4f,0x4c,0x44,0x45,0x52,0x20,0x42,0x45,
  0x20,0x4c,0x49,0x41,0x42,0x4c,0x45,0x20,0x46,0x4f,0x52,0x20,0x41,0x4e,0x59,0x20,
  0x43,0x4c,0x41,0x49,0x4d,0x2c,0x20,0x44,0x41,0x4d,0x41,0x47,0x45,0x53,0x20,0x4f,
  0x52,0x20,0x4f,0x54,0x48,0x45,0x52,0x20,0x4c,0x49,0x41,0x42,0x49,0x4c,0x49,0x54,
  0x59,0x2c,0x0a,0x49,0x4e,0x43,0x4c,0x55,0x44,0x49,0x4e,0x47,0x20,0x41,0x4e,0x59,
  0x20,0x47,0x45,0x4e,0x45,0x52,0x41,0x4c,0x2c,0x20,0x53,0x50,0x45,0x43,0x49,0x41,
  0x4c,0x2c,0x20,0x49,0x4e,0x44,0x49,0x52,0x45,0x43,0x54,0x2c,0x20,0x49,0x4e,0x43,
  0x49,0x44,0x45,0x4e,0x54,0x41,0x4c,0x2c,0x20,0x4f,0x52,0x20,0x43,0x4f,0x4e,0x53,
  0x45,0x51,0x55,0x45,0x4e,0x54,0x49,0x41,0x4c,0x0a,0x44,0x41,0x4d,0x41,0x47,0x45,
  0x53,0x2c,0x20,0x57,0x48,0x45,0x54,0x48,0x45,0x52,0x20,0x49,0x4e,0x20,0x41,0x4e,
  0x20,0x41,0x43,0x54,0x49,0x4f,0x4e,0x20,0x4f,0x46,0x20,0x43,0x4f,0x4e,0x54,0x52,
  0x41,0x43,0x54,0x2c,0x20,0x54,0x4f,0x52,0x54,0x20,0x4f,0x52,0x20,0x4f,0x54,0x48,
  0x45,0x52,0x57,0x49,0x53,0x45,0x2c,0x20,0x41,0x52,0x49,0x53,0x49,0x4e,0x47,0x0a,
  0x46,0x52,0x4f,0x4d,0x2c,0x20,0x4f,0x55,0x54,0x20,0x4f,0x46,0x20,0x54,0x48,0x45,
  0x20,0x55,0x53,0x45,0x20,0x4f,0x52,0x20,0x49,0x4e,0x41,0x42,0x49,0x4c,0x49,0x54,
  0x59,0x20,0x54,0x4f,0x20,0x55,0x53,0x45,0x20,0x54,0x48,0x45,0x20,0x46,0x4f,0x4e,
  0x54,0x20,0x53,0x4f,0x46,0x54,0x57,0x41,0x52,0x45,0x20,0x4f,0x52,0x20,0x46,0x52,
  0x4f,0x4d,0x20,0x4f,0x54,0x48,0x45,0x52,0x0a,0x44,0x45,0x41,0x4c,0x49,0x4e,0x47,
  0x53,0x20,0x49,0x4e,0x20,0x54,0x48,0x45,0x20,0x46,0x4f,0x4e,0x54,0x20,0x53,0x4f,
  0x46,0x54,0x57,0x41,0x52,0x45,0x2e,0x0a,0x0a,0x3d,0x3d,0x3d,0x3d,0x3d,0x3d,0x3d,
  0x3d,0x3d,0x3d,0x3d,0x3d,0x3d,0x3d,0x3d,0x3d,0x3d,0x3d,0x3d,0x3d,0x3d,0x3d,0x3d,
  0x3d,0x3d,0x3d,0x3d,0x3d,0x3d,0x3d,0x3d,0x3d,0x3d,0x3d,0x3d,0x3d,0x3d,0x3d,0x3d,
  0x3d,0x3d,0x3d,0x3d,0x3d,0x3d,0x3d,0x3d,0x3d,0x3d,0x3d,0x3d,0x3d,0x3d,0x3d,0x3d,
  0x3d,0x3d,0x3d,0x3d,0x3d,0x3d,0x3d,0x3d,0x3d,0x3d,0x3d,0x3d,0x3d,0x3d,0x3d,0x3d,
  0x3d,0x0a,0x4c,0x49,0x43,0x45,0x4e,0x53,0x45,0x53,0x2f,0x66,0x6f,0x6e,0x74,0x2d,
  0x72,0x6f,0x62,0x6f,0x74,0x6f,0x2d,0x6d,0x6f,0x6e,0x6f,0x2d,0x6f,0x66,0x6c,0x2d,
  0x31,0x2e,0x31,0x2e,0x74,0x78,0x74,0x0a,0x3d,0x3d,0x3d,0x3d,0x3d,0x3d,0x3d,0x3d,
  0x3d,0x3d,0x3d,0x3d,0x3d,0x3d,0x3d,0x3d,0x3d,0x3d,0x3d,0x3d,0x3d,0x3d,0x3d,0x3d,
  0x3d,0x3d,0x3d,0x3d,0x3d,0x3d,0x3d,0x3d,0x3d,0x3d,0x3d,0x3d,0x3d,0x3d,0x3d,0x3d,
  0x3d,0x3d,0x3d,0x3d,0x3d,0x3d,0x3d,0x3d,0x3d,0x3d,0x3d,0x3d,0x3d,0x3d,0x3d,0x3d,
  0x3d,0x3d,0x3d,0x3d,0x3d,0x3d,0x3d,0x3d,0x3d,0x3d,0x3d,0x3d,0x3d,0x3d,0x3d,0x3d,
  0x0a,0x43,0x6f,0x70,0x79,0x72,0x69,0x67,0x68,0x74,0x20,0x32,0x30,0x31,0x35,0x20,
  0x54,0x68,0x65,0x20,0x52,0x6f,0x62,0x6f,0x74,0x6f,0x20,0x4d,0x6f,0x6e,0x6f,0x20,
  0x50,0x72,0x6f,0x6a,0x65,0x63,0x74,0x20,0x41,0x75,0x74,0x68,0x6f,0x72,0x73,0x20,
  0x28,0x68,0x74,0x74,0x70,0x73,0x3a,0x2f,0x2f,0x67,0x69,0x74,0x68,0x75,0x62,0x2e,
  0x63,0x6f,0x6d,0x2f,0x67,0x6f,0x6f,0x67,0x6c,0x65,0x66,0x6f,0x6e,0x74,0x73,0x2f,
  0x72,0x6f,0x62,0x6f,0x74,0x6f,0x6d,0x6f,0x6e,0x6f,0x29,0x0a,0x0a,0x54,0x68,0x69,
  0x73,0x20,0x46,0x6f,0x6e,0x74,0x20,0x53,0x6f,0x66,0x74,0x77,0x61,0x72,0x65,0x20,
  0x69,0x73,0x20,0x6c,0x69,0x63,0x65,0x6e,0x73,0x65,0x64,0x20,0x75,0x6e,0x64,0x65,
  0x72,0x20,0x74,0x68,0x65,0x20,0x53,0x49,0x4c,0x20,0x4f,0x70,0x65,0x6e,0x20,0x46,
  0x6f,0x6e,0x74,0x20,0x4c,0x69,0x63,0x65,0x6e,0x73,0x65,0x2c,0x20,0x56,0x65,0x72,
  0x73,0x69,0x6f,0x6e,0x20,0x31,0x2e,0x31,0x2e,0x0a,0x54,0x68,0x69,0x73,0x20,0x6c,
  0x69,0x63,0x65,0x6e,0x73,0x65,0x20,0x69,0x73,0x20,0x63,0x6f,0x70,0x69,0x65,0x64,
  0x20,0x62,0x65,0x6c,0x6f,0x77,0x2c,0x20,0x61,0x6e,0x64,0x20,0x69,0x73,0x20,0x61,
  0x6c,0x73,0x6f,0x20,0x61,0x76,0x61,0x69,0x6c,0x61,0x62,0x6c,0x65,0x20,0x77,0x69,
  0x74,0x68,0x20,0x61,0x20,0x46,0x41,0x51,0x20,0x61,0x74,0x3a,0x0a,0x68,0x74,0x74,
  0x70,0x73,0x3a,0x2f,0x2f,0x6f,0x70,0x65,0x6e,0x66,0x6f,0x6e,0x74,0x6c,0x69,0x63,
  0x65,0x6e,0x73,0x65,0x2e,0x6f,0x72,0x67,0x0a,0x0a,0x0a,0x2d,0x2d,0x2d,0x2d,0x2d,
  0x2d,0x2d,0x2d,0x2d,0x2d,0x2d,0x2d,0x2d,0x2d,0x2d,0x2d,0x2d,0x2d,0x2d,0x2d,0x2d,
  0x2d,0x2d,0x2d,0x2d,0x2d,0x2d,0x2d,0x2d,0x2d,0x2d,0x2d,0x2d,0x2d,0x2d,0x2d,0x2d,
  0x2d,0x2d,0x2d,0x2d,0x2d,0x2d,0x2d,0x2d,0x2d,0x2d,0x2d,0x2d,0x2d,0x2d,0x2d,0x2d,
  0x2d,0x2d,0x2d,0x2d,0x2d,0x2d,0x0a,0x53,0x49,0x4c,0x20,0x4f,0x50,0x45,0x4e,0x20,
  0x46,0x4f,0x4e,0x54,0x20,0x4c,0x49,0x43,0x45,0x4e,0x53,0x45,0x20,0x56,0x65,0x72,
  0x73,0x69,0x6f,0x6e,0x20,0x31,0x2e,0x31,0x20,0x2d,0x20,0x32,0x36,0x20,0x46,0x65,
  0x62,0x72,0x75,0x61,0x72,0x79,0x20,0x32,0x30,0x30,0x37,0x0a,0x2d,0x2d,0x2d,0x2d,
  0x2d,0x2d,0x2d,0x2d,0x2d,0x2d,0x2d,0x2d,0x2d,0x2d,0x2d,0x2d,0x2d,0x2d,0x2d,0x2d,
  0x2d,0x2d,0x2d,0x2d,0x2d,0x2d,0x2d,0x2d,0x2d,0x2d,0x2d,0x2d,0x2d,0x2d,0x2d,0x2d,
  0x2d,0x2d,0x2d,0x2d,0x2d,0x2d,0x2d,0x2d,0x2d,0x2d,0x2d,0x2d,0x2d,0x2d,0x2d,0x2d,
  0x2d,0x2d,0x2d,0x2d,0x2d,0x2d,0x2d,0x0a,0x0a,0x50,0x52,0x45,0x41,0x4d,0x42,0x4c,
  0x45,0x0a,0x54,0x68,0x65,0x20,0x67,0x6f,0x61,0x6c,0x73,0x20,0x6f,0x66,0x20,0x74,
  0x68,0x65,0x20,0x4f,0x70,0x65,0x6e,0x20,0x46,0x6f,0x6e,0x74,0x20,0x4c,0x69,0x63,
  0x65,0x6e,0x73,0x65,0x20,0x28,0x4f,0x46,0x4c,0x29,0x20,0x61,0x72,0x65,0x20,0x74,
  0x6f,0x20,0x73,0x74,0x69,0x6d,0x75,0x6c,0x61,0x74,0x65,0x20,0x77,0x6f,0x72,0x6c,
  0x64,0x77,0x69,0x64,0x65,0x0a,0x64,0x65,0x76,0x65,0x6c,0x6f,0x70,0x6d,0x65,0x6e,
  0x74,0x20,0x6f,0x66,0x20,0x63,0x6f,0x6c,0x6c,0x61,0x62,0x6f,0x72,0x61,0x74,0x69,
  0x76,0x65,0x20,0x66,0x6f,0x6e,0x74,0x20,0x70,0x72,0x6f,0x6a,0x65,0x63,0x74,0x73,
  0x2c,0x20,0x74,0x6f,0x20,0x73,0x75,0x70,0x70,0x6f,0x72,0x74,0x20,0x74,0x68,0x65,
  0x20,0x66,0x6f,0x6e,0x74,0x20,0x63,0x72,0x65,0x61,0x74,0x69,0x6f,0x6e,0x0a,0x65,
  0x66,0x66,0x6f,0x72,0x74,0x73,0x20,0x6f,0x66,0x20,0x61,0x63,0x61,0x64,0x65,0x6d,
  0x69,0x63,0x20,0x61,0x6e,0x64,0x20,0x6c,0x69,0x6e,0x67,0x75,0x69,0x73,0x74,0x69,
  0x63,0x20,0x63,0x6f,0x6d,0x6d,0x75,0x6e,0x69,0x74,0x69,0x65,0x73,0x2c,0x20,0x61,
  0x6e,0x64,0x20,0x74,0x6f,0x20,0x70,0x72,0x6f,0x76,0x69,0x64,0x65,0x20,0x61,0x20,
  0x66,0x72,0x65,0x65,0x20,0x61,0x6e,0x64,0x0a,0x6f,0x70,0x65,0x6e,0x20,0x66,0x72,
  0x61,0x6d,0x65,0x77,0x6f,0x72,0x6b,0x20,0x69,0x6e,0x20,0x77,0x68,0x69,0x63,0x68,
  0x20,0x66,0x6f,0x6e,0x74,0x73,0x20,0x6d,0x61,0x79,0x20,0x62,0x65,0x20,0x73,0x68,
  0x61,0x72,0x65,0x64,0x20,0x61,0x6e,0x64,0x20,0x69,0x6d,0x70,0x72,0x6f,0x76,0x65,
  0x64,0x20,0x69,0x6e,0x20,0x70,0x61,0x72,0x74,0x6e,0x65,0x72,0x73,0x68,0x69,0x70,
  0x0a,0x77,0x69,0x74,0x68,0x20,0x6f,0x74,0x68,0x65,0x72,0x73,0x2e,0x0a,0x0a,0x54,
  0x68,0x65,0x20,0x4f,0x46,0x4c,0x20,0x61,0x6c,0x6c,0x6f,0x77,0x73,0x20,0x74,0x68,
  0x65,0x20,0x6c,0x69,0x63,0x65,0x6e,0x73,0x65,0x64,0x20,0x66,0x6f,0x6e,0x74,0x73,
  0x20,0x74,0x6f,0x20,0x62,0x65,0x20,0x75,0x73,0x65,0x64,0x2c,0x20,0x73,0x74,0x75,
  0x64,0x69,0x65,0x64,0x2c,0x20,0x6d,0x6f,0x64,0x69,0x66,0x69,0x65,0x64,0x20,0x61,
  0x6e,0x64,0x0a,0x72,0x65,0x64,0x69,0x73,0x74,0x72,0x69,0x62,0x75,0x74,0x65,0x64,
  0x20,0x66,0x72,0x65,0x65,0x6c,0x79,0x20,0x61,0x73,0x20,0x6c,0x6f,0x6e,0x67,0x20,
  0x61,0x73,0x20,0x74,0x68,0x65,0x79,0x20,0x61,0x72,0x65,0x20,0x6e,0x6f,0x74,0x20,
  0x73,0x6f,0x6c,0x64,0x20,0x62,0x79,0x20,0x74,0x68,0x65,0x6d,0x73,0x65,0x6c,0x76,
  0x65,0x73,0x2e,0x20,0x54,0x68,0x65,0x0a,0x66,0x6f,0x6e,0x74,0x73,0x2c,0x20,0x69,
  0x6e,0x63,0x6c,0x75,0x64,0x69,0x6e,0x67,0x20,0x61,0x6e,0x79,0x20,0x64,0x65,0x72,
  0x69,0x76,0x61,0x74,0x69,0x76,0x65,0x20,0x77,0x6f,0x72,0x6b,0x73,0x2c,0x20,0x63,
  0x61,0x6e,0x20,0x62,0x65,0x20,0x62,0x75,0x6e,0x64,0x6c,0x65,0x64,0x2c,0x20,0x65,
  0x6d,0x62,0x65,0x64,0x64,0x65,0x64,0x2c,0x20,0x0a,0x72,0x65,0x64,0x69,0x73,0x74,
  0x72,0x69,0x62,0x75,0x74,0x65,0x64,0x20,0x61,0x6e,0x64,0x2f,0x6f,0x72,0x20,0x73,
  0x6f,0x6c,0x64,0x20,0x77,0x69,0x74,0x68,0x20,0x61,0x6e,0x79,0x20,0x73,0x6f,0x66,
  0x74,0x77,0x61,0x72,0x65,0x20,0x70,0x72,0x6f,0x76,0x69,0x64,0x65,0x64,0x20,0x74,
  0x68,0x61,0x74,0x20,0x61,0x6e,0x79,0x20,0x72,0x65,0x73,0x65,0x72,0x76,0x65,0x64,
  0x0a,0x6e,0x61,0x6d,0x65,0x73,0x20,0x61,0x72,0x65,0x20,0x6e,0x6f,0x74,0x20,0x75,
  0x73,0x65,0x64,0x20,0x62,0x79,0x20,0x64,0x65,0x72,0x69,0x76,0x61,0x74,0x69,0x76,
  0x65,0x20,0x77,0x6f,0x72,0x6b,0x73,0x2e,0x20,0x54,0x68,0x65,0x20,0x66,0x6f,0x6e,
  0x74,0x73,0x20,0x61,0x6e,0x64,0x20,0x64,0x65,0x72,0x69,0x76,0x61,0x74,0x69,0x76,
  0x65,0x73,0x2c,0x0a,0x68,0x6f,0x77,0x65,0x76,0x65,0x72,0x2c,0x20,0x63,0x61,0x6e,
  0x6e,0x6f,0x74,0x20,0x62,0x65,0x20,0x72,0x65,0x6c,0x65,0x61,0x73,0x65,0x64,0x20,
  0x75,0x6e,0x64,0x65,0x72,0x20,0x61,0x6e,0x79,0x20,0x6f,0x74,0x68,0x65,0x72,0x20,
  0x74,0x79,0x70,0x65,0x20,0x6f,0x66,0x20,0x6c,0x69,0x63,0x65,0x6e,0x73,0x65,0x2e,
  0x20,0x54,0x68,0x65,0x0a,0x72,0x65,0x71,0x75,0x69,0x72,0x65,0x6d,0x65,0x6e,0x74,
  0x20,0x66,0x6f,0x72,0x20,0x66,0x6f,0x6e,0x74,0x73,0x20,0x74,0x6f,0x20,0x72,0x65,
  0x6d,0x61,0x69,0x6e,0x20,0x75,0x6e,0x64,0x65,0x72,0x20,0x74,0x68,0x69,0x73,0x20,
  0x6c,0x69,0x63,0x65,0x6e,0x73,0x65,0x20,0x64,0x6f,0x65,0x73,0x20,0x6e,0x6f,0x74,
  0x20,0x61,0x70,0x70,0x6c,0x79,0x0a,0x74,0x6f,0x20,0x61,0x6e,0x79,0x20,0x64,0x6f,
  0x63,0x75,0x6d,0x65,0x6e,0x74,0x20,0x63,0x72,0x65,0x61,0x74,0x65,0x64,0x20,0x75,
  0x73,0x69,0x6e,0x67,0x20,0x74,0x68,0x65,0x20,0x66,0x6f,0x6e,0x74,0x73,0x20,0x6f,
  0x72,0x20,0x74,0x68,0x65,0x69,0x72,0x20,0x64,0x65,0x72,0x69,0x76,0x61,0x74,0x69,
  0x76,0x65,0x73,0x2e,0x0a,0x0a,0x44,0x45,0x46,0x49,0x4e,0x49,0x54,0x49,0x4f,0x4e,
  0x53,0x0a,0x22,0x46,0x6f,0x6e,0x74,0x20,0x53,0x6f,0x66,0x74,0x77,0x61,0x72,0x65,
  0x22,0x20,0x72,0x65,0x66,0x65,0x72,0x73,0x20,0x74,0x6f,0x20,0x74,0x68,0x65,0x20,
  0x73,0x65,0x74,0x20,0x6f,0x66,0x20,0x66,0x69,0x6c,0x65,0x73,0x20,0x72,0x65,0x6c,
  0x65,0x61,0x73,0x65,0x64,0x20,0x62,0x79,0x20,0x74,0x68,0x65,0x20,0x43,0x6f,0x70,
  0x79,0x72,0x69,0x67,0x68,0x74,0x0a,0x48,0x6f,0x6c,0x64,0x65,0x72,0x28,0x73,0x29,
  0x20,0x75,0x6e,0x64,0x65,0x72,0x20,0x74,0x68,0x69,0x73,0x20,0x6c,0x69,0x63,0x65,
  0x6e,0x73,0x65,0x20,0x61,0x6e,0x64,0x20,0x63,0x6c,0x65,0x61,0x72,0x6c,0x79,0x20,
  0x6d,0x61,0x72,0x6b,0x65,0x64,0x20,0x61,0x73,0x20,0x73,0x75,0x63,0x68,0x2e,0x20,
  0x54,0x68,0x69,0x73,0x20,0x6d,0x61,0x79,0x0a,0x69,0x6e,0x63,0x6c,0x75,0x64,0x65,
  0x20,0x73,0x6f,0x75,0x72,0x63,0x65,0x20,0x66,0x69,0x6c,0x65,0x73,0x2c,0x20,0x62,
  0x75,0x69,0x6c,0x64,0x20,0x73,0x63,0x72,0x69,0x70,0x74,0x73,0x20,0x61,0x6e,0x64,
  0x20,0x64,0x6f,0x63,0x75,0x6d,0x65,0x6e,0x74,0x61,0x74,0x69,0x6f,0x6e,0x2e,0x0a,
  0x0a,0x22,0x52,0x65,0x73,0x65,0x72,0x76,0x65,0x64,0x20,0x46,0x6f,0x6e,0x74,0x20,
  0x4e,0x61,0x6d,0x65,0x22,0x20,0x72,0x65,0x66,0x65,0x72,0x73,0x20,0x74,0x6f,0x20,
  0x61,0x6e,0x79,0x20,0x6e,0x61,0x6d,0x65,0x73,0x20,0x73,0x70,0x65,0x63,0x69,0x66,
  0x69,0x65,0x64,0x20,0x61,0x73,0x20,0x73,0x75,0x63,0x68,0x20,0x61,0x66,0x74,0x65,
  0x72,0x20,0x74,0x68,0x65,0x0a,0x63,0x6f,0x70,0x79,0x72,0x69,0x67,0x68,0x74,0x20,
  0x73,0x74,0x61,0x74,0x65,0x6d,0x65,0x6e,0x74,0x28,0x73,0x29,0x2e,0x0a,0x0a,0x22,
  0x4f,0x72,0x69,0x67,0x69,0x6e,0x61,0x6c,0x20,0x56,0x65,0x72,0x73,0x69,0x6f,0x6e,
  0x22,0x20,0x72,0x65,0x66,0x65,0x72,0x73,0x20,0x74,0x6f,0x20,0x74,0x68,0x65,0x20,
  0x63,0x6f,0x6c,0x6c,0x65,0x63,0x74,0x69,0x6f,0x6e,0x20,0x6f,0x66,0x20,0x46,0x6f,
  0x6e,0x74,0x20,0x53,0x6f,0x66,0x74,0x77,0x61,0x72,0x65,0x20,0x63,0x6f,0x6d,0x70,
  0x6f,0x6e,0x65,0x6e,0x74,0x73,0x20,0x61,0x73,0x0a,0x64,0x69,0x73,0x74,0x72,0x69,
  0x62,0x75,0x74,0x65,0x64,0x20,0x62,0x79,0x20,0x74,0x68,0x65,0x20,0x43,0x6f,0x70,
  0x79,0x72,0x69,0x67,0x68,0x74,0x20,0x48,0x6f,0x6c,0x64,0x65,0x72,0x28,0x73,0x29,
  0x2e,0x0a,0x0a,0x22,0x4d,0x6f,0x64,0x69,0x66,0x69,0x65,0x64,0x20,0x56,0x65,0x72,
  0x73,0x69,0x6f,0x6e,0x22,0x20,0x72,0x65,0x66,0x65,0x72,0x73,0x20,0x74,0x6f,0x20,
  0x61,0x6e,0x79,0x20,0x64,0x65,0x72,0x69,0x76,0x61,0x74,0x69,0x76,0x65,0x20,0x6d,
  0x61,0x64,0x65,0x20,0x62,0x79,0x20,0x61,0x64,0x64,0x69,0x6e,0x67,0x20,0x74,0x6f,
  0x2c,0x20,0x64,0x65,0x6c,0x65,0x74,0x69,0x6e,0x67,0x2c,0x0a,0x6f,0x72,0x20,0x73,
  0x75,0x62,0x73,0x74,0x69,0x74,0x75,0x74,0x69,0x6e,0x67,0x20,0x2d,0x2d,0x20,0x69,
  0x6e,0x20,0x70,0x61,0x72,0x74,0x20,0x6f,0x72,0x20,0x69,0x6e,0x20,0x77,0x68,0x6f,
  0x6c,0x65,0x20,0x2d,0x2d,0x20,0x61,0x6e,0x79,0x20,0x6f,0x66,0x20,0x74,0x68,0x65,
  0x20,0x63,0x6f,0x6d,0x70,0x6f,0x6e,0x65,0x6e,0x74,0x73,0x20,0x6f,0x66,0x20,0x74,
  0x68,0x65,0x0a,0x4f,0x72,0x69,0x67,0x69,0x6e,0x61,0x6c,0x20,0x56,0x65,0x72,0x73,
  0x69,0x6f,0x6e,0x2c,0x20,0x62,0x79,0x20,0x63,0x68,0x61,0x6e,0x67,0x69,0x6e,0x67,
  0x20,0x66,0x6f,0x72,0x6d,0x61,0x74,0x73,0x20,0x6f,0x72,0x20,0x62,0x79,0x20,0x70,
  0x6f,0x72,0x74,0x69,0x6e,0x67,0x20,0x74,0x68,0x65,0x20,0x46,0x6f,0x6e,0x74,0x20,
  0x53,0x6f,0x66,0x74,0x77,0x61,0x72,0x65,0x20,0x74,0x6f,0x20,0x61,0x0a,0x6e,0x65,
  0x77,0x20,0x65,0x6e,0x76,0x69,0x72,0x6f,0x6e,0x6d,0x65,0x6e,0x74,0x2e,0x0a,0x0a,
  0x22,0x41,0x75,0x74,0x68,0x6f,0x72,0x22,0x20,0x72,0x65,0x66,0x65,0x72,0x73,0x20,
  0x74,0x6f,0x20,0x61,0x6e,0x79,0x20,0x64,0x65,0x73,0x69,0x67,0x6e,0x65,0x72,0x2c,
  0x20,0x65,0x6e,0x67,0x69,0x6e,0x65,0x65,0x72,0x2c,0x20,0x70,0x72,0x6f,0x67,0x72,
  0x61,0x6d,0x6d,0x65,0x72,0x2c,0x20,0x74,0x65,0x63,0x68,0x6e,0x69,0x63,0x61,0x6c,
  0x0a,0x77,0x72,0x69,0x74,0x65,0x72,0x20,0x6f,0x72,0x20,0x6f,0x74,0x68,0x65,0x72,
  0x20,0x70,0x65,0x72,0x73,0x6f,0x6e,0x20,0x77,0x68,0x6f,0x20,0x63,0x6f,0x6e,0x74,
  0x72,0x69,0x62,0x75,0x74,0x65,0x64,0x20,0x74,0x6f,0x20,0x74,0x68,0x65,0x20,0x46,
  0x6f,0x6e,0x74,0x20,0x53,0x6f,0x66,0x74,0x77,0x61,0x72,0x65,0x2e,0x0a,0x0a,0x50,
  0x45,0x52,0x4d,0x49,0x53,0x53,0x49,0x4f,0x4e,0x20,0x26,0x20,0x43,0x4f,0x4e,0x44,
  0x49,0x54,0x49,0x4f,0x4e,0x53,0x0a,0x50,0x65,0x72,0x6d,0x69,0x73,0x73,0x69,0x6f,
  0x6e,0x20,0x69,0x73,0x20,0x68,0x65,0x72,0x65,0x62,0x79,0x20,0x67,0x72,0x61,0x6e,
  0x74,0x65,0x64,0x2c,0x20,0x66,0x72,0x65,0x65,0x20,0x6f,0x66,0x20,0x63,0x68,0x61,
  0x72,0x67,0x65,0x2c,0x20,0x74,0x6f,0x20,0x61,0x6e,0x79,0x20,0x70,0x65,0x72,0x73,
  0x6f,0x6e,0x20,0x6f,0x62,0x74,0x61,0x69,0x6e,0x69,0x6e,0x67,0x0a,0x61,0x20,0x63,
  0x6f,0x70,0x79,0x20,0x6f,0x66,0x20,0x74,0x68,0x65,0x20,0x46,0x6f,0x6e,0x74,0x20,
  0x53,0x6f,0x66,0x74,0x77,0x61,0x72,0x65,0x2c,0x20,0x74,0x6f,0x20,0x75,0x73,0x65,
  0x2c,0x20,0x73,0x74,0x75,0x64,0x79,0x2c,0x20,0x63,0x6f,0x70,0x79,0x2c,0x20,0x6d,
  0x65,0x72,0x67,0x65,0x2c,0x20,0x65,0x6d,0x62,0x65,0x64,0x2c,0x20,0x6d,0x6f,0x64,
  0x69,0x66,0x79,0x2c,0x0a,0x72,0x65,0x64,0x69,0x73,0x74,0x72,0x69,0x62,0x75,0x74,
  0x65,0x2c,0x20,0x61,0x6e,0x64,0x20,0x73,0x65,0x6c,0x6c,0x20,0x6d,0x6f,0x64,0x69,
  0x66,0x69,0x65,0x64,0x20,0x61,0x6e,0x64,0x20,0x75,0x6e,0x6d,0x6f,0x64,0x69,0x66,
  0x69,0x65,0x64,0x20,0x63,0x6f,0x70,0x69,0x65,0x73,0x20,0x6f,0x66,0x20,0x74,0x68,
  0x65,0x20,0x46,0x6f,0x6e,0x74,0x0a,0x53,0x6f,0x66,0x74,0x77,0x61,0x72,0x65,0x2c,
  0x20,0x73,0x75,0x62,0x6a,0x65,0x63,0x74,0x20,0x74,0x6f,0x20,0x74,0x68,0x65,0x20,
  0x66,0x6f,0x6c,0x6c,0x6f,0x77,0x69,0x6e,0x67,0x20,0x63,0x6f,0x6e,0x64,0x69,0x74,
  0x69,0x6f,0x6e,0x73,0x3a,0x0a,0x0a,0x31,0x29,0x20,0x4e,0x65,0x69,0x74,0x68,0x65,
  0x72,0x20,0x74,0x68,0x65,0x20,0x46,0x6f,0x6e,0x74,0x20,0x53,0x6f,0x66,0x74,0x77,
  0x61,0x72,0x65,0x20,0x6e,0x6f,0x72,0x20,0x61,0x6e,0x79,0x20,0x6f,0x66,0x20,0x69,
  0x74,0x73,0x20,0x69,0x6e,0x64,0x69,0x76,0x69,0x64,0x75,0x61,0x6c,0x20,0x63,0x6f,
  0x6d,0x70,0x6f,0x6e,0x65,0x6e,0x74,0x73,0x2c,0x0a,0x69,0x6e,0x20,0x4f,0x72,0x69,
  0x67,0x69,0x6e,0x61,0x6c,0x20,0x6f,0x72,0x20,0x4d,0x6f,0x64,0x69,0x66,0x69,0x65,
  0x64,0x20,0x56,0x65,0x72,0x73,0x69,0x6f,0x6e,0x73,0x2c,0x20,0x6d,0x61,0x79,0x20,
  0x62,0x65,0x20,0x73,0x6f,0x6c,0x64,0x20,0x62,0x79,0x20,0x69,0x74,0x73,0x65,0x6c,
  0x66,0x2e,0x0a,0x0a,0x32,0x29,0x20,0x4f,0x72,0x69,0x67,0x69,0x6e,0x61,0x6c,0x20,
  0x6f,0x72,0x20,0x4d,0x6f,0x64,0x69,0x66,0x69,0x65,0x64,0x20,0x56,0x65,0x72,0x73,
  0x69,0x6f,0x6e,0x73,0x20,0x6f,0x66,0x20,0x74,0x68,0x65,0x20,0x46,0x6f,0x6e,0x74,
  0x20,0x53,0x6f,0x66,0x74,0x77,0x61,0x72,0x65,0x20,0x6d,0x61,0x79,0x20,0x62,0x65,
  0x20,0x62,0x75,0x6e,0x64,0x6c,0x65,0x64,0x2c,0x0a,0x72,0x65,0x64,0x69,0x73,0x74,
  0x72,0x69,0x62,0x75,0x74,0x65,0x64,0x20,0x61,0x6e,0x64,0x2f,0x6f,0x72,0x20,0x73,
  0x6f,0x6c,0x64,0x20,0x77,0x69,0x74,0x68,0x20,0x61,0x6e,0x79,0x20,0x73,0x6f,0x66,
  0x74,0x77,0x61,0x72,0x65,0x2c,0x20,0x70,0x72,0x6f,0x76,0x69,0x64,0x65,0x64,0x20,
  0x74,0x68,0x61,0x74,0x20,0x65,0x61,0x63,0x68,0x20,0x63,0x6f,0x70,0x79,0x0a,0x63,
  0x6f,0x6e,0x74,0x61,0x69,0x6e,0x73,0x20,0x74,0x68,0x65,0x20,0x61,0x62,0x6f,0x76,
  0x65,0x20,0x63,0x6f,0x70,0x79,0x72,0x69,0x67,0x68,0x74,0x20,0x6e,0x6f,0x74,0x69,
  0x63,0x65,0x20,0x61,0x6e,0x64,0x20,0x74,0x68,0x69,0x73,0x20,0x6c,0x69,0x63,0x65,
  0x6e,0x73,0x65,0x2e,0x20,0x54,0x68,0x65,0x73,0x65,0x20,0x63,0x61,0x6e,0x20,0x62,
  0x65,0x0a,0x69,0x6e,0x63,0x6c,0x75,0x64,0x65,0x64,0x20,0x65,0x69,0x74,0x68,0x65,
  0x72,0x20,0x61,0x73,0x20,0x73,0x74,0x61,0x6e,0x64,0x2d,0x61,0x6c,0x6f,0x6e,0x65,
  0x20,0x74,0x65,0x78,0x74,0x20,0x66,0x69,0x6c,0x65,0x73,0x2c,0x20,0x68,0x75,0x6d,
  0x61,0x6e,0x2d,0x72,0x65,0x61,0x64,0x61,0x62,0x6c,0x65,0x20,0x68,0x65,0x61,0x64,
  0x65,0x72,0x73,0x20,0x6f,0x72,0x0a,0x69,0x6e,0x20,0x74,0x68,0x65,0x20,0x61,0x70,
  0x70,0x72,0x6f,0x70,0x72,0x69,0x61,0x74,0x65,0x20,0x6d,0x61,0x63,0x68,0x69,0x6e,
  0x65,0x2d,0x72,0x65,0x61,0x64,0x61,0x62,0x6c,0x65,0x20,0x6d,0x65,0x74,0x61,0x64,
  0x61,0x74,0x61,0x20,0x66,0x69,0x65,0x6c,0x64,0x73,0x20,0x77,0x69,0x74,0x68,0x69,
  0x6e,0x20,0x74,0x65,0x78,0x74,0x20,0x6f,0x72,0x0a,0x62,0x69,0x6e,0x61,0x72,0x79,
  0x20,0x66,0x69,0x6c,0x65,0x73,0x20,0x61,0x73,0x20,0x6c,0x6f,0x6e,0x67,0x20,0x61,
  0x73,0x20,0x74,0x68,0x6f,0x73,0x65,0x20,0x66,0x69,0x65,0x6c,0x64,0x73,0x20,0x63,
  0x61,0x6e,0x20,0x62,0x65,0x20,0x65,0x61,0x73,0x69,0x6c,0x79,0x20,0x76,0x69,0x65,
  0x77,0x65,0x64,0x20,0x62,0x79,0x20,0x74,0x68,0x65,0x20,0x75,0x73,0x65,0x72,0x2e,
  0x0a,0x0a,0x33,0x29,0x20,0x4e,0x6f,0x20,0x4d,0x6f,0x64,0x69,0x66,0x69,0x65,0x64,
  0x20,0x56,0x65,0x72,0x73,0x69,0x6f,0x6e,0x20,0x6f,0x66,0x20,0x74,0x68,0x65,0x20,
  0x46,0x6f,0x6e,0x74,0x20,0x53,0x6f,0x66,0x74,0x77,0x61,0x72,0x65,0x20,0x6d,0x61,
  0x79,0x20,0x75,0x73,0x65,0x20,0x74,0x68,0x65,0x20,0x52,0x65,0x73,0x65,0x72,0x76,
  0x65,0x64,0x20,0x46,0x6f,0x6e,0x74,0x0a,0x4e,0x61,0x6d,0x65,0x28,0x73,0x29,0x20,
  0x75,0x6e,0x6c,0x65,0x73,0x73,0x20,0x65,0x78,0x70,0x6c,0x69,0x63,0x69,0x74,0x20,
  0x77,0x72,0x69,0x74,0x74,0x65,0x6e,0x20,0x70,0x65,0x72,0x6d,0x69,0x73,0x73,0x69,
  0x6f,0x6e,0x20,0x69,0x73,0x20,0x67,0x72,0x61,0x6e,0x74,0x65,0x64,0x20,0x62,0x79,
  0x20,0x74,0x68,0x65,0x20,0x63,0x6f,0x72,0x72,0x65,0x73,0x70,0x6f,0x6e,0x64,0x69,
  0x6e,0x67,0x0a,0x43,0x6f,0x70,0x79,0x72,0x69,0x67,0x68,0x74,0x20,0x48,0x6f,0x6c,
  0x64,0x65,0x72,0x2e,0x20,0x54,0x68,0x69,0x73,0x20,0x72,0x65,0x73,0x74,0x72,0x69,
  0x63,0x74,0x69,0x6f,0x6e,0x20,0x6f,0x6e,0x6c,0x79,0x20,0x61,0x70,0x70,0x6c,0x69,
  0x65,0x73,0x20,0x74,0x6f,0x20,0x74,0x68,0x65,0x20,0x70,0x72,0x69,0x6d,0x61,0x72,
  0x79,0x20,0x66,0x6f,0x6e,0x74,0x20,0x6e,0x61,0x6d,0x65,0x20,0x61,0x73,0x0a,0x70,
  0x72,0x65,0x73,0x65,0x6e,0x74,0x65,0x64,0x20,0x74,0x6f,0x20,0x74,0x68,0x65,0x20,
  0x75,0x73,0x65,0x72,0x73,0x2e,0x0a,0x0a,0x34,0x29,0x20,0x54,0x68,0x65,0x20,0x6e,
  0x61,0x6d,0x65,0x28,0x73,0x29,0x20,0x6f,0x66,0x20,0x74,0x68,0x65,0x20,0x43,0x6f,
  0x70,0x79,0x72,0x69,0x67,0x68,0x74,0x20,0x48,0x6f,0x6c,0x64,0x65,0x72,0x28,0x73,
  0x29,0x20,0x6f,0x72,0x20,0x74,0x68,0x65,0x20,0x41,0x75,0x74,0x68,0x6f,0x72,0x28,
  0x73,0x29,0x20,0x6f,0x66,0x20,0x74,0x68,0x65,0x20,0x46,0x6f,0x6e,0x74,0x0a,0x53,
  0x6f,0x66,0x74,0x77,0x61,0x72,0x65,0x20,0x73,0x68,0x61,0x6c,0x6c,0x20,0x6e,0x6f,
  0x74,0x20,0x62,0x65,0x20,0x75,0x73,0x65,0x64,0x20,0x74,0x6f,0x20,0x70,0x72,0x6f,
  0x6d,0x6f,0x74,0x65,0x2c,0x20,0x65,0x6e,0x64,0x6f,0x72,0x73,0x65,0x20,0x6f,0x72,
  0x20,0x61,0x64,0x76,0x65,0x72,0x74,0x69,0x73,0x65,0x20,0x61,0x6e,0x79,0x0a,0x4d,
  0x6f,0x64,0x69,0x66,0x69,0x65,0x64,0x20,0x56,0x65,0x72,0x73,0x69,0x6f,0x6e,0x2c,
  0x20,0x65,0x78,0x63,0x65,0x70,0x74,0x20,0x74,0x6f,0x20,0x61,0x63,0x6b,0x6e,0x6f,
  0x77,0x6c,0x65,0x64,0x67,0x65,0x20,0x74,0x68,0x65,0x20,0x63,0x6f,0x6e,0x74,0x72,
  0x69,0x62,0x75,0x74,0x69,0x6f,0x6e,0x28,0x73,0x29,0x20,0x6f,0x66,0x20,0x74,0x68,
  0x65,0x0a,0x43,0x6f,0x70,0x79,0x72,0x69,0x67,0x68,0x74,0x20,0x48,0x6f,0x6c,0x64,
  0x65,0x72,0x28,0x73,0x29,0x20,0x61,0x6e,0x64,0x20,0x74,0x68,0x65,0x20,0x41,0x75,
  0x74,0x68,0x6f,0x72,0x28,0x73,0x29,0x20,0x6f,0x72,0x20,0x77,0x69,0x74,0x68,0x20,
  0x74,0x68,0x65,0x69,0x72,0x20,0x65,0x78,0x70,0x6c,0x69,0x63,0x69,0x74,0x20,0x77,
  0x72,0x69,0x74,0x74,0x65,0x6e,0x0a,0x70,0x65,0x72,0x6d,0x69,0x73,0x73,0x69,0x6f,
  0x6e,0x2e,0x0a,0x0a,0x35,0x29,0x20,0x54,0x68,0x65,0x20,0x46,0x6f,0x6e,0x74,0x20,
  0x53,0x6f,0x66,0x74,0x77,0x61,0x72,0x65,0x2c,0x20,0x6d,0x6f,0x64,0x69,0x66,0x69,
  0x65,0x64,0x20,0x6f,0x72,0x20,0x75,0x6e,0x6d,0x6f,0x64,0x69,0x66,0x69,0x65,0x64,
  0x2c,0x20,0x69,0x6e,0x20,0x70,0x61,0x72,0x74,0x20,0x6f,0x72,0x20,0x69,0x6e,0x20,
  0x77,0x68,0x6f,0x6c,0x65,0x2c,0x0a,0x6d,0x75,0x73,0x74,0x20,0x62,0x65,0x20,0x64,
  0x69,0x73,0x74,0x72,0x69,0x62,0x75,0x74,0x65,0x64,0x20,0x65,0x6e,0x74,0x69,0x72,
  0x65,0x6c,0x79,0x20,0x75,0x6e,0x64,0x65,0x72,0x20,0x74,0x68,0x69,0x73,0x20,0x6c,
  0x69,0x63,0x65,0x6e,0x73,0x65,0x2c,0x20,0x61,0x6e,0x64,0x20,0x6d,0x75,0x73,0x74,
  0x20,0x6e,0x6f,0x74,0x20,0x62,0x65,0x0a,0x64,0x69,0x73,0x74,0x72,0x69,0x62,0x75,
  0x74,0x65,0x64,0x20,0x75,0x6e,0x64,0x65,0x72,0x20,0x61,0x6e,0x79,0x20,0x6f,0x74,
  0x68,0x65,0x72,0x20,0x6c,0x69,0x63,0x65,0x6e,0x73,0x65,0x2e,0x20,0x54,0x68,0x65,
  0x20,0x72,0x65,0x71,0x75,0x69,0x72,0x65,0x6d,0x65,0x6e,0x74,0x20,0x66,0x6f,0x72,
  0x20,0x66,0x6f,0x6e,0x74,0x73,0x20,0x74,0x6f,0x0a,0x72,0x65,0x6d,0x61,0x69,0x6e,
  0x20,0x75,0x6e,0x64,0x65,0x72,0x20,0x74,0x68,0x69,0x73,0x20,0x6c,0x69,0x63,0x65,
  0x6e,0x73,0x65,0x20,0x64,0x6f,0x65,0x73,0x20,0x6e,0x6f,0x74,0x20,0x61,0x70,0x70,
  0x6c,0x79,0x20,0x74,0x6f,0x20,0x61,0x6e,0x79,0x20,0x64,0x6f,0x63,0x75,0x6d,0x65,
  0x6e,0x74,0x20,0x63,0x72,0x65,0x61,0x74,0x65,0x64,0x0a,0x75,0x73,0x69,0x6e,0x67,
  0x20,0x74,0x68,0x65,0x20,0x46,0x6f,0x6e,0x74,0x20,0x53,0x6f,0x66,0x74,0x77,0x61,
  0x72,0x65,0x2e,0x0a,0x0a,0x54,0x45,0x52,0x4d,0x49,0x4e,0x41,0x54,0x49,0x4f,0x4e,
  0x0a,0x54,0x68,0x69,0x73,0x20,0x6c,0x69,0x63,0x65,0x6e,0x73,0x65,0x20,0x62,0x65,
  0x63,0x6f,0x6d,0x65,0x73,0x20,0x6e,0x75,0x6c,0x6c,0x20,0x61,0x6e,0x64,0x20,0x76,
  0x6f,0x69,0x64,0x20,0x69,0x66,0x20,0x61,0x6e,0x79,0x20,0x6f,0x66,0x20,0x74,0x68,
  0x65,0x20,0x61,0x62,0x6f,0x76,0x65,0x20,0x63,0x6f,0x6e,0x64,0x69,0x74,0x69,0x6f,
  0x6e,0x73,0x20,0x61,0x72,0x65,0x0a,0x6e,0x6f,0x74,0x20,0x6d,0x65,0x74,0x2e,0x0a,
  0x0a,0x44,0x49,0x53,0x43,0x4c,0x41,0x49,0x4d,0x45,0x52,0x0a,0x54,0x48,0x45,0x20,
  0x46,0x4f,0x4e,0x54,0x20,0x53,0x4f,0x46,0x54,0x57,0x41,0x52,0x45,0x20,0x49,0x53,
  0x20,0x50,0x52,0x4f,0x56,0x49,0x44,0x45,0x44,0x20,0x22,0x41,0x53,0x20,0x49,0x53,
  0x22,0x2c,0x20,0x57,0x49,0x54,0x48,0x4f,0x55,0x54,0x20,0x57,0x41,0x52,0x52,0x41,
  0x4e,0x54,0x59,0x20,0x4f,0x46,0x20,0x41,0x4e,0x59,0x20,0x4b,0x49,0x4e,0x44,0x2c,
  0x0a,0x45,0x58,0x50,0x52,0x45,0x53,0x53,0x20,0x4f,0x52,0x20,0x49,0x4d,0x50,0x4c,
  0x49,0x45,0x44,0x2c,0x20,0x49,0x4e,0x43,0x4c,0x55,0x44,0x49,0x4e,0x47,0x20,0x42,
  0x55,0x54,0x20,0x4e,0x4f,0x54,0x20,0x4c,0x49,0x4d,0x49,0x54,0x45,0x44,0x20,0x54,
  0x4f,0x20,0x41,0x4e,0x59,0x20,0x57,0x41,0x52,0x52,0x41,0x4e,0x54,0x49,0x45,0x53,
  0x20,0x4f,0x46,0x0a,0x4d,0x45,0x52,0x43,0x48,0x41,0x4e,0x54,0x41,0x42,0x49,0x4c,
  0x49,0x54,0x59,0x2c,0x20,0x46,0x49,0x54,0x4e,0x45,0x53,0x53,0x20,0x46,0x4f,0x52,
  0x20,0x41,0x20,0x50,0x41,0x52,0x54,0x49,0x43,0x55,0x4c,0x41,0x52,0x20,0x50,0x55,
  0x52,0x50,0x4f,0x53,0x45,0x20,0x41,0x4e,0x44,0x20,0x4e,0x4f,0x4e,0x49,0x4e,0x46,
  0x52,0x49,0x4e,0x47,0x45,0x4d,0x45,0x4e,0x54,0x0a,0x4f,0x46,0x20,0x43,0x4f,0x50,
  0x59,0x52,0x49,0x47,0x48,0x54,0x2c,0x20,0x50,0x41,0x54,0x45,0x4e,0x54,0x2c,0x20,
  0x54,0x52,0x41,0x44,0x45,0x4d,0x41,0x52,0x4b,0x2c,0x20,0x4f,0x52,0x20,0x4f,0x54,
  0x48,0x45,0x52,0x20,0x52,0x49,0x47,0x48,0x54,0x2e,0x20,0x49,0x4e,0x20,0x4e,0x4f,
  0x20,0x45,0x56,0x45,0x4e,0x54,0x20,0x53,0x48,0x41,0x4c,0x4c,0x20,0x54,0x48,0x45,
  0x0a,0x43,0x4f,0x50,0x59,0x52,0x49,0x47,0x48,0x54,0x20,0x48,0x4f,0x4c,0x44,0x45,
  0x52,0x20,0x42,0x45,0x20,0x4c,0x49,0x41,0x42,0x4c,0x45,0x20,0x46,0x4f,0x52,0x20,
  0x41,0x4e,0x59,0x20,0x43,0x4c,0x41,0x49,0x4d,0x2c,0x20,0x44,0x41,0x4d,0x41,0x47,
  0x45,0x53,0x20,0x4f,0x52,0x20,0x4f,0x54,0x48,0x45,0x52,0x20,0x4c,0x49,0x41,0x42,
  0x49,0x4c,0x49,0x54,0x59,0x2c,0x0a,0x49,0x4e,0x43,0x4c,0x55,0x44,0x49,0x4e,0x47,
  0x20,0x41,0x4e,0x59,0x20,0x47,0x45,0x4e,0x45,0x52,0x41,0x4c,0x2c,0x20,0x53,0x50,
  0x45,0x43,0x49,0x41,0x4c,0x2c,0x20,0x49,0x4e,0x44,0x49,0x52,0x45,0x43,0x54,0x2c,
  0x20,0x49,0x4e,0x43,0x49,0x44,0x45,0x4e,0x54,0x41,0x4c,0x2c,0x20,0x4f,0x52,0x20,
  0x43,0x4f,0x4e,0x53,0x45,0x51,0x55,0x45,0x4e,0x54,0x49,0x41,0x4c,0x0a,0x44,0x41,
  0x4d,0x41,0x47,0x45,0x53,0x2c,0x20,0x57,0x48,0x45,0x54,0x48,0x45,0x52,0x20,0x49,
  0x4e,0x20,0x41,0x4e,0x20,0x41,0x43,0x54,0x49,0x4f,0x4e,0x20,0x4f,0x46,0x20,0x43,
  0x4f,0x4e,0x54,0x52,0x41,0x43,0x54,0x2c,0x20,0x54,0x4f,0x52,0x54,0x20,0x4f,0x52,
  0x20,0x4f,0x54,0x48,0x45,0x52,0x57,0x49,0x53,0x45,0x2c,0x20,0x41,0x52,0x49,0x53,
  0x49,0x4e,0x47,0x0a,0x46,0x52,0x4f,0x4d,0x2c,0x20,0x4f,0x55,0x54,0x20,0x4f,0x46,
  0x20,0x54,0x48,0x45,0x20,0x55,0x53,0x45,0x20,0x4f,0x52,0x20,0x49,0x4e,0x41,0x42,
  0x49,0x4c,0x49,0x54,0x59,0x20,0x54,0x4f,0x20,0x55,0x53,0x45,0x20,0x54,0x48,0x45,
  0x20,0x46,0x4f,0x4e,0x54,0x20,0x53,0x4f,0x46,0x54,0x57,0x41,0x52,0x45,0x20,0x4f,
  0x52,0x20,0x46,0x52,0x4f,0x4d,0x0a,0x4f,0x54,0x48,0x45,0x52,0x20,0x44,0x45,0x41,
  0x4c,0x49,0x4e,0x47,0x53,0x20,0x49,0x4e,0x20,0x54,0x48,0x45,0x20,0x46,0x4f,0x4e,
  0x54,0x20,0x53,0x4f,0x46,0x54,0x57,0x41,0x52,0x45,0x2e,0x0a,0x0a,0x3d,0x3d,0x3d,
  0x3d,0x3d,0x3d,0x3d,0x3d,0x3d,0x3d,0x3d,0x3d,0x3d,0x3d,0x3d,0x3d,0x3d,0x3d,0x3d,
  0x3d,0x3d,0x3d,0x3d,0x3d,0x3d,0x3d,0x3d,0x3d,0x3d,0x3d,0x3d,0x3d,0x3d,0x3d,0x3d,
  0x3d,0x3d,0x3d,0x3d,0x3d,0x3d,0x3d,0x3d,0x3d,0x3d,0x3d,0x3d,0x3d,0x3d,0x3d,0x3d,
  0x3d,0x3d,0x3d,0x3d,0x3d,0x3d,0x3d,0x3d,0x3d,0x3d,0x3d,0x3d,0x3d,0x3d,0x3d,0x3d,
  0x3d,0x3d,0x3d,0x3d,0x3d,0x0a,0x4c,0x49,0x43,0x45,0x4e,0x53,0x45,0x53,0x2f,0x6c,
  0x69,0x62,0x6c,0x7a,0x6d,0x61,0x2e,0x74,0x78,0x74,0x0a,0x3d,0x3d,0x3d,0x3d,0x3d,
  0x3d,0x3d,0x3d,0x3d,0x3d,0x3d,0x3d,0x3d,0x3d,0x3d,0x3d,0x3d,0x3d,0x3d,0x3d,0x3d,
  0x3d,0x3d,0x3d,0x3d,0x3d,0x3d,0x3d,0x3d,0x3d,0x3d,0x3d,0x3d,0x3d,0x3d,0x3d,0x3d,
  0x3d,0x3d,0x3d,0x3d,0x3d,0x3d,0x3d,0x3d,0x3d,0x3d,0x3d,0x3d,0x3d,0x3d,0x3d,0x3d,
  0x3d,0x3d,0x3d,0x3d,0x3d,0x3d,0x3d,0x3d,0x3d,0x3d,0x3d,0x3d,0x3d,0x3d,0x3d,0x3d,
  0x3d,0x3d,0x3d,0x0a,0x50,0x65,0x72,0x6d,0x69,0x73,0x73,0x69,0x6f,0x6e,0x20,0x74,
  0x6f,0x20,0x75,0x73,0x65,0x2c,0x20,0x63,0x6f,0x70,0x79,0x2c,0x20,0x6d,0x6f,0x64,
  0x69,0x66,0x79,0x2c,0x20,0x61,0x6e,0x64,0x2f,0x6f,0x72,0x20,0x64,0x69,0x73,0x74,
  0x72,0x69,0x62,0x75,0x74,0x65,0x20,0x74,0x68,0x69,0x73,0x0a,0x73,0x6f,0x66,0x74,
  0x77,0x61,0x72,0x65,0x20,0x66,0x6f,0x72,0x20,0x61,0x6e,0x79,0x20,0x70,0x75,0x72,
  0x70,0x6f,0x73,0x65,0x20,0x77,0x69,0x74,0x68,0x20,0x6f,0x72,0x20,0x77,0x69,0x74,
  0x68,0x6f,0x75,0x74,0x20,0x66,0x65,0x65,0x20,0x69,0x73,0x20,0x68,0x65,0x72,0x65,
  0x62,0x79,0x20,0x67,0x72,0x61,0x6e,0x74,0x65,0x64,0x2e,0x0a,0x0a,0x54,0x48,0x45,
  0x20,0x53,0x4f,0x46,0x54,0x57,0x41,0x52,0x45,0x20,0x49,0x53,0x20,0x50,0x52,0x4f,
  0x56,0x49,0x44,0x45,0x44,0x20,0x22,0x41,0x53,0x20,0x49,0x53,0x22,0x20,0x41,0x4e,
  0x44,0x20,0x54,0x48,0x45,0x20,0x41,0x55,0x54,0x48,0x4f,0x52,0x20,0x44,0x49,0x53,
  0x43,0x4c,0x41,0x49,0x4d,0x53,0x20,0x41,0x4c,0x4c,0x0a,0x57,0x41,0x52,0x52,0x41,
  0x4e,0x54,0x49,0x45,0x53,0x20,0x57,0x49,0x54,0x48,0x20,0x52,0x45,0x47,0x41,0x52,
  0x44,0x20,0x54,0x4f,0x20,0x54,0x48,0x49,0x53,0x20,0x53,0x4f,0x46,0x54,0x57,0x41,
  0x52,0x45,0x20,0x49,0x4e,0x43,0x4c,0x55,0x44,0x49,0x4e,0x47,0x20,0x41,0x4c,0x4c,
  0x20,0x49,0x4d,0x50,0x4c,0x49,0x45,0x44,0x0a,0x57,0x41,0x52,0x52,0x41,0x4e,0x54,
  0x49,0x45,0x53,0x20,0x4f,0x46,0x20,0x4d,0x45,0x52,0x43,0x48,0x41,0x4e,0x54,0x41,
  0x42,0x49,0x4c,0x49,0x54,0x59,0x20,0x41,0x4e,0x44,0x20,0x46,0x49,0x54,0x4e,0x45,
  0x53,0x53,0x2e,0x20,0x49,0x4e,0x20,0x4e,0x4f,0x20,0x45,0x56,0x45,0x4e,0x54,0x20,
  0x53,0x48,0x41,0x4c,0x4c,0x0a,0x54,0x48,0x45,0x20,0x41,0x55,0x54,0x48,0x4f,0x52,
  0x20,0x42,0x45,0x20,0x4c,0x49,0x41,0x42,0x4c,0x45,0x20,0x46,0x4f,0x52,0x20,0x41,
  0x4e,0x59,0x20,0x53,0x50,0x45,0x43,0x49,0x41,0x4c,0x2c,0x20,0x44,0x49,0x52,0x45,
  0x43,0x54,0x2c,0x20,0x49,0x4e,0x44,0x49,0x52,0x45,0x43,0x54,0x2c,0x20,0x4f,0x52,
  0x0a,0x43,0x4f,0x4e,0x53,0x45,0x51,0x55,0x45,0x4e,0x54,0x49,0x41,0x4c,0x20,0x44,
  0x41,0x4d,0x41,0x47,0x45,0x53,0x20,0x4f,0x52,0x20,0x41,0x4e,0x59,0x20,0x44,0x41,
  0x4d,0x41,0x47,0x45,0x53,0x20,0x57,0x48,0x41,0x54,0x53,0x4f,0x45,0x56,0x45,0x52,
  0x20,0x52,0x45,0x53,0x55,0x4c,0x54,0x49,0x4e,0x47,0x20,0x46,0x52,0x4f,0x4d,0x0a,
  0x4c,0x4f,0x53,0x53,0x20,0x4f,0x46,0x20,0x55,0x53,0x45,0x2c,0x20,0x44,0x41,0x54,
  0x41,0x20,0x4f,0x52,0x20,0x50,0x52,0x4f,0x46,0x49,0x54,0x53,0x2c,0x20,0x57,0x48,
  0x45,0x54,0x48,0x45,0x52,0x20,0x49,0x4e,0x20,0x41,0x4e,0x20,0x41,0x43,0x54,0x49,
  0x4f,0x4e,0x20,0x4f,0x46,0x20,0x43,0x4f,0x4e,0x54,0x52,0x41,0x43,0x54,0x2c,0x0a,
  0x4e,0x45,0x47,0x4c,0x49,0x47,0x45,0x4e,0x43,0x45,0x20,0x4f,0x52,0x20,0x4f,0x54,
  0x48,0x45,0x52,0x20,0x54,0x4f,0x52,0x54,0x49,0x4f,0x55,0x53,0x20,0x41,0x43,0x54,
  0x49,0x4f,0x4e,0x2c,0x20,0x41,0x52,0x49,0x53,0x49,0x4e,0x47,0x20,0x4f,0x55,0x54,
  0x20,0x4f,0x46,0x20,0x4f,0x52,0x20,0x49,0x4e,0x0a,0x43,0x4f,0x4e,0x4e,0x45,0x43,
  0x54,0x49,0x4f,0x4e,0x20,0x57,0x49,0x54,0x48,0x20,0x54,0x48,0x45,0x20,0x55,0x53,
  0x45,0x20,0x4f,0x52,0x20,0x50,0x45,0x52,0x46,0x4f,0x52,0x4d,0x41,0x4e,0x43,0x45,
  0x20,0x4f,0x46,0x20,0x54,0x48,0x49,0x53,0x20,0x53,0x4f,0x46,0x54,0x57,0x41,0x52,
  0x45,0x2e,0x0a,0x0a,0x3d,0x3d,0x3d,0x3d,0x3d,0x3d,0x3d,0x3d,0x3d,0x3d,0x3d,0x3d,
  0x3d,0x3d,0x3d,0x3d,0x3d,0x3d,0x3d,0x3d,0x3d,0x3d,0x3d,0x3d,0x3d,0x3d,0x3d,0x3d,
  0x3d,0x3d,0x3d,0x3d,0x3d,0x3d,0x3d,0x3d,0x3d,0x3d,0x3d,0x3d,0x3d,0x3d,0x3d,0x3d,
  0x3d,0x3d,0x3d,0x3d,0x3d,0x3d,0x3d,0x3d,0x3d,0x3d,0x3d,0x3d,0x3d,0x3d,0x3d,0x3d,
  0x3d,0x3d,0x3d,0x3d,0x3d,0x3d,0x3d,0x3d,0x3d,0x3d,0x3d,0x3d,0x0a,0x4c,0x49,0x43,
  0x45,0x4e,0x53,0x45,0x53,0x2f,0x6c,0x69,0x62,0x6f,0x67,0x67,0x2e,0x74,0x78,0x74,
  0x0a,0x3d,0x3d,0x3d,0x3d,0x3d,0x3d,0x3d,0x3d,0x3d,0x3d,0x3d,0x3d,0x3d,0x3d,0x3d,
  0x3d,0x3d,0x3d,0x3d,0x3d,0x3d,0x3d,0x3d,0x3d,0x3d,0x3d,0x3d,0x3d,0x3d,0x3d,0x3d,
  0x3d,0x3d,0x3d,0x3d,0x3d,0x3d,0x3d,0x3d,0x3d,0x3d,0x3d,0x3d,0x3d,0x3d,0x3d,0x3d,
  0x3d,0x3d,0x3d,0x3d,0x3d,0x3d,0x3d,0x3d,0x3d,0x3d,0x3d,0x3d,0x3d,0x3d,0x3d,0x3d,
  0x3d,0x3d,0x3d,0x3d,0x3d,0x3d,0x3d,0x3d,0x3d,0x0a,0x43,0x6f,0x70,0x79,0x72,0x69,
  0x67,0x68,0x74,0x20,0x28,0x63,0x29,0x20,0x32,0x30,0x30,0x32,0x2c,0x20,0x58,0x69,
  0x70,0x68,0x2e,0x6f,0x72,0x67,0x20,0x46,0x6f,0x75,0x6e,0x64,0x61,0x74,0x69,0x6f,
  0x6e,0x0a,0x0a,0x52,0x65,0x64,0x69,0x73,0x74,0x72,0x69,0x62,0x75,0x74,0x69,0x6f,
  0x6e,0x20,0x61,0x6e,0x64,0x20,0x75,0x73,0x65,0x20,0x69,0x6e,0x20,0x73,0x6f,0x75,
  0x72,0x63,0x65,0x20,0x61,0x6e,0x64,0x20,0x62,0x69,0x6e,0x61,0x72,0x79,0x20,0x66,
  0x6f,0x72,0x6d,0x73,0x2c,0x20,0x77,0x69,0x74,0x68,0x20,0x6f,0x72,0x20,0x77,0x69,
  0x74,0x68,0x6f,0x75,0x74,0x0a,0x6d,0x6f,0x64,0x69,0x66,0x69,0x63,0x61,0x74,0x69,
  0x6f,0x6e,0x2c,0x20,0x61,0x72,0x65,0x20,0x70,0x65,0x72,0x6d,0x69,0x74,0x74,0x65,
  0x64,0x20,0x70,0x72,0x6f,0x76,0x69,0x64,0x65,0x64,0x20,0x74,0x68,0x61,0x74,0x20,
  0x74,0x68,0x65,0x20,0x66,0x6f,0x6c,0x6c,0x6f,0x77,0x69,0x6e,0x67,0x20,0x63,0x6f,
  0x6e,0x64,0x69,0x74,0x69,0x6f,0x6e,0x73,0x0a,0x61,0x72,0x65,0x20,0x6d,0x65,0x74,
  0x3a,0x0a,0x0a,0x2d,0x20,0x52,0x65,0x64,0x69,0x73,0x74,0x72,0x69,0x62,0x75,0x74,
  0x69,0x6f,0x6e,0x73,0x20,0x6f,0x66,0x20,0x73,0x6f,0x75,0x72,0x63,0x65,0x20,0x63,
  0x6f,0x64,0x65,0x20,0x6d,0x75,0x73,0x74,0x20,0x72,0x65,0x74,0x61,0x69,0x6e,0x20,
  0x74,0x68,0x65,0x20,0x61,0x62,0x6f,0x76,0x65,0x20,0x63,0x6f,0x70,0x79,0x72,0x69,
  0x67,0x68,0x74,0x0a,0x6e,0x6f,0x74,0x69,0x63,0x65,0x2c,0x20,0x74,0x68,0x69,0x73,
  0x20,0x6c,0x69,0x73,0x74,0x20,0x6f,0x66,0x20,0x63,0x6f,0x6e,0x64,0x69,0x74,0x69,
  0x6f,0x6e,0x73,0x20,0x61,0x6e,0x64,0x20,0x74,0x68,0x65,0x20,0x66,0x6f,0x6c,0x6c,
  0x6f,0x77,0x69,0x6e,0x67,0x20,0x64,0x69,0x73,0x63,0x6c,0x61,0x69,0x6d,0x65,0x72,
  0x2e,0x0a,0x0a,0x2d,0x20,0x52,0x65,0x64,0x69,0x73,0x74,0x72,0x69,0x62,0x75,0x74,
  0x69,0x6f,0x6e,0x73,0x20,0x69,0x6e,0x20,0x62,0x69,0x6e,0x61,0x72,0x79,0x20,0x66,
  0x6f,0x72,0x6d,0x20,0x6d,0x75,0x73,0x74,0x20,0x72,0x65,0x70,0x72,0x6f,0x64,0x75,
  0x63,0x65,0x20,0x74,0x68,0x65,0x20,0x61,0x62,0x6f,0x76,0x65,0x20,0x63,0x6f,0x70,
  0x79,0x72,0x69,0x67,0x68,0x74,0x0a,0x6e,0x6f,0x74,0x69,0x63,0x65,0x2c,0x20,0x74,
  0x68,0x69,0x73,0x20,0x6c,0x69,0x73,0x74,0x20,0x6f,0x66,0x20,0x63,0x6f,0x6e,0x64,
  0x69,0x74,0x69,0x6f,0x6e,0x73,0x20,0x61,0x6e,0x64,0x20,0x74,0x68,0x65,0x20,0x66,
  0x6f,0x6c,0x6c,0x6f,0x77,0x69,0x6e,0x67,0x20,0x64,0x69,0x73,0x63,0x6c,0x61,0x69,
  0x6d,0x65,0x72,0x20,0x69,0x6e,0x20,0x74,0x68,0x65,0x0a,0x64,0x6f,0x63,0x75,0x6d,
  0x65,0x6e,0x74,0x61,0x74,0x69,0x6f,0x6e,0x20,0x61,0x6e,0x64,0x2f,0x6f,0x72,0x20,
  0x6f,0x74,0x68,0x65,0x72,0x20,0x6d,0x61,0x74,0x65,0x72,0x69,0x61,0x6c,0x73,0x20,
  0x70,0x72,0x6f,0x76,0x69,0x64,0x65,0x64,0x20,0x77,0x69,0x74,0x68,0x20,0x74,0x68,
  0x65,0x20,0x64,0x69,0x73,0x74,0x72,0x69,0x62,0x75,0x74,0x69,0x6f,0x6e,0x2e,0x0a,
  0x0a,0x2d,0x20,0x4e,0x65,0x69,0x74,0x68,0x65,0x72,0x20,0x74,0x68,0x65,0x20,0x6e,
  0x61,0x6d,0x65,0x20,0x6f,0x66,0x20,0x74,0x68,0x65,0x20,0x58,0x69,0x70,0x68,0x2e,
  0x6f,0x72,0x67,0x20,0x46,0x6f,0x75,0x6e,0x64,0x61,0x74,0x69,0x6f,0x6e,0x20,0x6e,
  0x6f,0x72,0x20,0x74,0x68,0x65,0x20,0x6e,0x61,0x6d,0x65,0x73,0x20,0x6f,0x66,0x20,
  0x69,0x74,0x73,0x0a,0x63,0x6f,0x6e,0x74,0x72,0x69,0x62,0x75,0x74,0x6f,0x72,0x73,
  0x20,0x6d,0x61,0x79,0x20,0x62,0x65,0x20,0x75,0x73,0x65,0x64,0x20,0x74,0x6f,0x20,
  0x65,0x6e,0x64,0x6f,0x72,0x73,0x65,0x20,0x6f,0x72,0x20,0x70,0x72,0x6f,0x6d,0x6f,
  0x74,0x65,0x20,0x70,0x72,0x6f,0x64,0x75,0x63,0x74,0x73,0x20,0x64,0x65,0x72,0x69,
  0x76,0x65,0x64,0x20,0x66,0x72,0x6f,0x6d,0x0a,0x74,0x68,0x69,0x73,0x20,0x73,0x6f,
  0x66,0x74,0x77,0x61,0x72,0x65,0x20,0x77,0x69,0x74,0x68,0x6f,0x75,0x74,0x20,0x73,
  0x70,0x65,0x63,0x69,0x66,0x69,0x63,0x20,0x70,0x72,0x69,0x6f,0x72,0x20,0x77,0x72,
  0x69,0x74,0x74,0x65,0x6e,0x20,0x70,0x65,0x72,0x6d,0x69,0x73,0x73,0x69,0x6f,0x6e,
  0x2e,0x0a,0x0a,0x54,0x48,0x49,0x53,0x20,0x53,0x4f,0x46,0x54,0x57,0x41,0x52,0x45,
  0x20,0x49,0x53,0x20,0x50,0x52,0x4f,0x56,0x49,0x44,0x45,0x44,0x20,0x42,0x59,0x20,
  0x54,0x48,0x45,0x20,0x43,0x4f,0x50,0x59,0x52,0x49,0x47,0x48,0x54,0x20,0x48,0x4f,
  0x4c,0x44,0x45,0x52,0x53,0x20,0x41,0x4e,0x44,0x20,0x43,0x4f,0x4e,0x54,0x52,0x49,
  0x42,0x55,0x54,0x4f,0x52,0x53,0x0a,0x60,0x60,0x41,0x53,0x20,0x49,0x53,0x27,0x27,
  0x20,0x41,0x4e,0x44,0x20,0x41,0x4e,0x59,0x20,0x45,0x58,0x50,0x52,0x45,0x53,0x53,
  0x20,0x4f,0x52,0x20,0x49,0x4d,0x50,0x4c,0x49,0x45,0x44,0x20,0x57,0x41,0x52,0x52,
  0x41,0x4e,0x54,0x49,0x45,0x53,0x2c,0x20,0x49,0x4e,0x43,0x4c,0x55,0x44,0x49,0x4e,
  0x47,0x2c,0x20,0x42,0x55,0x54,0x20,0x4e,0x4f,0x54,0x0a,0x4c,0x49,0x4d,0x49,0x54,
  0x45,0x44,0x20,0x54,0x4f,0x2c,0x20,0x54,0x48,0x45,0x20,0x49,0x4d,0x50,0x4c,0x49,
  0x45,0x44,0x20,0x57,0x41,0x52,0x52,0x41,0x4e,0x54,0x49,0x45,0x53,0x20,0x4f,0x46,
  0x20,0x4d,0x45,0x52,0x43,0x48,0x41,0x4e,0x54,0x41,0x42,0x49,0x4c,0x49,0x54,0x59,
  0x20,0x41,0x4e,0x44,0x20,0x46,0x49,0x54,0x4e,0x45,0x53,0x53,0x20,0x46,0x4f,0x52,
  0x0a,0x41,0x20,0x50,0x41,0x52,0x54,0x49,0x43,0x55,0x4c,0x41,0x52,0x20,0x50,0x55,
  0x52,0x50,0x4f,0x53,0x45,0x20,0x41,0x52,0x45,0x20,0x44,0x49,0x53,0x43,0x4c,0x41,
  0x49,0x4d,0x45,0x44,0x2e,0x20,0x20,0x49,0x4e,0x20,0x4e,0x4f,0x20,0x45,0x56,0x45,
  0x4e,0x54,0x20,0x53,0x48,0x41,0x4c,0x4c,0x20,0x54,0x48,0x45,0x20,0x46,0x4f,0x55,
  0x4e,0x44,0x41,0x54,0x49,0x4f,0x4e,0x0a,0x4f,0x52,0x20,0x43,0x4f,0x4e,0x54,0x52,
  0x49,0x42,0x55,0x54,0x4f,0x52,0x53,0x20,0x42,0x45,0x20,0x4c,0x49,0x41,0x42,0x4c,
  0x45,0x20,0x46,0x4f,0x52,0x20,0x41,0x4e,0x59,0x20,0x44,0x49,0x52,0x45,0x43,0x54,
  0x2c,0x20,0x49,0x4e,0x44,0x49,0x52,0x45,0x43,0x54,0x2c,0x20,0x49,0x4e,0x43,0x49,
  0x44,0x45,0x4e,0x54,0x41,0x4c,0x2c,0x0a,0x53,0x50,0x45,0x43,0x49,0x41,0x4c,0x2c,
  0x20,0x45,0x58,0x45,0x4d,0x50,0x4c,0x41,0x52,0x59,0x2c,0x20,0x4f,0x52,0x20,0x43,
  0x4f,0x4e,0x53,0x45,0x51,0x55,0x45,0x4e,0x54,0x49,0x41,0x4c,0x20,0x44,0x41,0x4d,
  0x41,0x47,0x45,0x53,0x20,0x28,0x49,0x4e,0x43,0x4c,0x55,0x44,0x49,0x4e,0x47,0x2c,
  0x20,0x42,0x55,0x54,0x20,0x4e,0x4f,0x54,0x0a,0x4c,0x49,0x4d,0x49,0x54,0x45,0x44,
  0x20,0x54,0x4f,0x2c,0x20,0x50,0x52,0x4f,0x43,0x55,0x52,0x45,0x4d,0x45,0x4e,0x54,
  0x20,0x4f,0x46,0x20,0x53,0x55,0x42,0x53,0x54,0x49,0x54,0x55,0x54,0x45,0x20,0x47,
  0x4f,0x4f,0x44,0x53,0x20,0x4f,0x52,0x20,0x53,0x45,0x52,0x56,0x49,0x43,0x45,0x53,
  0x3b,0x20,0x4c,0x4f,0x53,0x53,0x20,0x4f,0x46,0x20,0x55,0x53,0x45,0x2c,0x0a,0x44,
  0x41,0x54,0x41,0x2c,0x20,0x4f,0x52,0x20,0x50,0x52,0x4f,0x46,0x49,0x54,0x53,0x3b,
  0x20,0x4f,0x52,0x20,0x42,0x55,0x53,0x49,0x4e,0x45,0x53,0x53,0x20,0x49,0x4e,0x54,
  0x45,0x52,0x52,0x55,0x50,0x54,0x49,0x4f,0x4e,0x29,0x20,0x48,0x4f,0x57,0x45,0x56,
  0x45,0x52,0x20,0x43,0x41,0x55,0x53,0x45,0x44,0x20,0x41,0x4e,0x44,0x20,0x4f,0x4e,
  0x20,0x41,0x4e,0x59,0x0a,0x54,0x48,0x45,0x4f,0x52,0x59,0x20,0x4f,0x46,0x20,0x4c,
  0x49,0x41,0x42,0x49,0x4c,0x49,0x54,0x59,0x2c,0x20,0x57,0x48,0x45,0x54,0x48,0x45,
  0x52,0x20,0x49,0x4e,0x20,0x43,0x4f,0x4e,0x54,0x52,0x41,0x43,0x54,0x2c,0x20,0x53,
  0x54,0x52,0x49,0x43,0x54,0x20,0x4c,0x49,0x41,0x42,0x49,0x4c,0x49,0x54,0x59,0x2c,
  0x20,0x4f,0x52,0x20,0x54,0x4f,0x52,0x54,0x0a,0x28,0x49,0x4e,0x43,0x4c,0x55,0x44,
  0x49,0x4e,0x47,0x20,0x4e,0x45,0x47,0x4c,0x49,0x47,0x45,0x4e,0x43,0x45,0x20,0x4f,
  0x52,0x20,0x4f,0x54,0x48,0x45,0x52,0x57,0x49,0x53,0x45,0x29,0x20,0x41,0x52,0x49,
  0x53,0x49,0x4e,0x47,0x20,0x49,0x4e,0x20,0x41,0x4e,0x59,0x20,0x57,0x41,0x59,0x20,
  0x4f,0x55,0x54,0x20,0x4f,0x46,0x20,0x54,0x48,0x45,0x20,0x55,0x53,0x45,0x0a,0x4f,
  0x46,0x20,0x54,0x48,0x49,0x53,0x20,0x53,0x4f,0x46,0x54,0x57,0x41,0x52,0x45,0x2c,
  0x20,0x45,0x56,0x45,0x4e,0x20,0x49,0x46,0x20,0x41,0x44,0x56,0x49,0x53,0x45,0x44,
  0x20,0x4f,0x46,0x20,0x54,0x48,0x45,0x20,0x50,0x4f,0x53,0x53,0x49,0x42,0x49,0x4c,
  0x49,0x54,0x59,0x20,0x4f,0x46,0x20,0x53,0x55,0x43,0x48,0x20,0x44,0x41,0x4d,0x41,
  0x47,0x45,0x2e,0x0a,0x0a,0x3d,0x3d,0x3d,0x3d,0x3d,0x3d,0x3d,0x3d,0x3d,0x3d,0x3d,
  0x3d,0x3d,0x3d,0x3d,0x3d,0x3d,0x3d,0x3d,0x3d,0x3d,0x3d,0x3d,0x3d,0x3d,0x3d,0x3d,
  0x3d,0x3d,0x3d,0x3d,0x3d,0x3d,0x3d,0x3d,0x3d,0x3d,0x3d,0x3d,0x3d,0x3d,0x3d,0x3d,
  0x3d,0x3d,0x3d,0x3d,0x3d,0x3d,0x3d,0x3d,0x3d,0x3d,0x3d,0x3d,0x3d,0x3d,0x3d,0x3d,
  0x3d,0x3d,0x3d,0x3d,0x3d,0x3d,0x3d,0x3d,0x3d,0x3d,0x3d,0x3d,0x3d,0x0a,0x4c,0x49,
  0x43,0x45,0x4e,0x53,0x45,0x53,0x2f,0x6c,0x69,0x62,0x72,0x65,0x74,0x72,0x6f,0x2e,
  0x74,0x78,0x74,0x0a,0x3d,0x3d,0x3d,0x3d,0x3d,0x3d,0x3d,0x3d,0x3d,0x3d,0x3d,0x3d,
  0x3d,0x3d,0x3d,0x3d,0x3d,0x3d,0x3d,0x3d,0x3d,0x3d,0x3d,0x3d,0x3d,0x3d,0x3d,0x3d,
  0x3d,0x3d,0x3d,0x3d,0x3d,0x3d,0x3d,0x3d,0x3d,0x3d,0x3d,0x3d,0x3d,0x3d,0x3d,0x3d,
  0x3d,0x3d,0x3d,0x3d,0x3d,0x3d,0x3d,0x3d,0x3d,0x3d,0x3d,0x3d,0x3d,0x3d,0x3d,0x3d,
  0x3d,0x3d,0x3d,0x3d,0x3d,0x3d,0x3d,0x3d,0x3d,0x3d,0x3d,0x3d,0x0a,0x4d,0x49,0x54,
  0x20,0x4c,0x69,0x63,0x65,0x6e,0x73,0x65,0x0a,0x0a,0x43,0x6f,0x70,0x79,0x72,0x69,
  0x67,0x68,0x74,0x20,0x28,0x43,0x29,0x20,0x32,0x30,0x31,0x30,0x2d,0x32,0x30,0x32,
  0x34,0x20,0x54,0x68,0x65,0x20,0x52,0x65,0x74,0x72,0x6f,0x41,0x72,0x63,0x68,0x20,
  0x74,0x65,0x61,0x6d,0x0a,0x0a,0x50,0x65,0x72,0x6d,0x69,0x73,0x73,0x69,0x6f,0x6e,
  0x20,0x69,0x73,0x20,0x68,0x65,0x72,0x65,0x62,0x79,0x20,0x67,0x72,0x61,0x6e,0x74,
  0x65,0x64,0x2c,0x20,0x66,0x72,0x65,0x65,0x20,0x6f,0x66,0x20,0x63,0x68,0x61,0x72,
  0x67,0x65,0x2c,0x20,0x74,0x6f,0x20,0x61,0x6e,0x79,0x20,0x70,0x65,0x72,0x73,0x6f,
  0x6e,0x20,0x6f,0x62,0x74,0x61,0x69,0x6e,0x69,0x6e,0x67,0x20,0x61,0x20,0x63,0x6f,
  0x70,0x79,0x0a,0x6f,0x66,0x20,0x74,0x68,0x69,0x73,0x20,0x73,0x6f,0x66,0x74,0x77,
  0x61,0x72,0x65,0x20,0x61,0x6e,0x64,0x20,0x61,0x73,0x73,0x6f,0x63,0x69,0x61,0x74,
  0x65,0x64,0x20,0x64,0x6f,0x63,0x75,0x6d,0x65,0x6e,0x74,0x61,0x74,0x69,0x6f,0x6e,
  0x20,0x66,0x69,0x6c,0x65,0x73,0x20,0x28,0x74,0x68,0x65,0x20,0x22,0x53,0x6f,0x66,
  0x74,0x77,0x61,0x72,0x65,0x22,0x29,0x2c,0x20,0x74,0x6f,0x20,0x64,0x65,0x61,0x6c,
  0x0a,0x69,0x6e,0x20,0x74,0x68,0x65,0x20,0x53,0x6f,0x66,0x74,0x77,0x61,0x72,0x65,
  0x20,0x77,0x69,0x74,0x68,0x6f,0x75,0x74,0x20,0x72,0x65,0x73,0x74,0x72,0x69,0x63,
  0x74,0x69,0x6f,0x6e,0x2c,0x20,0x69,0x6e,0x63,0x6c,0x75,0x64,0x69,0x6e,0x67,0x20,
  0x77,0x69,0x74,0x68,0x6f,0x75,0x74,0x20,0x6c,0x69,0x6d,0x69,0x74,0x61,0x74,0x69,
  0x6f,0x6e,0x20,0x74,0x68,0x65,0x20,0x72,0x69,0x67,0x68,0x74,0x73,0x0a,0x74,0x6f,
  0x20,0x75,0x73,0x65,0x2c,0x20,0x63,0x6f,0x70,0x79,0x2c,0x20,0x6d,0x6f,0x64,0x69,
  0x66,0x79,0x2c,0x20,0x6d,0x65,0x72,0x67,0x65,0x2c,0x20,0x70,0x75,0x62,0x6c,0x69,
  0x73,0x68,0x2c,0x20,0x64,0x69,0x73,0x74,0x72,0x69,0x62,0x75,0x74,0x65,0x2c,0x20,
  0x73,0x75,0x62,0x6c,0x69,0x63,0x65,0x6e,0x73,0x65,0x2c,0x20,0x61,0x6e,0x64,0x2f,
  0x6f,0x72,0x20,0x73,0x65,0x6c,0x6c,0x0a,0x63,0x6f,0x70,0x69,0x65,0x73,0x20,0x6f,
  0x66,0x20,0x74,0x68,0x65,0x20,0x53,0x6f,0x66,0x74,0x77,0x61,0x72,0x65,0x2c,0x20,
  0x61,0x6e,0x64,0x20,0x74,0x6f,0x20,0x70,0x65,0x72,0x6d,0x69,0x74,0x20,0x70,0x65,
  0x72,0x73,0x6f,0x6e,0x73,0x20,0x74,0x6f,0x20,0x77,0x68,0x6f,0x6d,0x20,0x74,0x68,
  0x65,0x20,0x53,0x6f,0x66,0x74,0x77,0x61,0x72,0x65,0x20,0x69,0x73,0x0a,0x66,0x75,
  0x72,0x6e,0x69,0x73,0x68,0x65,0x64,0x20,0x74,0x6f,0x20,0x64,0x6f,0x20,0x73,0x6f,
  0x2c,0x20,0x73,0x75,0x62,0x6a,0x65,0x63,0x74,0x20,0x74,0x6f,0x20,0x74,0x68,0x65,
  0x20,0x66,0x6f,0x6c,0x6c,0x6f,0x77,0x69,0x6e,0x67,0x20,0x63,0x6f,0x6e,0x64,0x69,
  0x74,0x69,0x6f,0x6e,0x73,0x3a,0x0a,0x0a,0x54,0x68,0x65,0x20,0x61,0x62,0x6f,0x76,
  0x65,0x20,0x63,0x6f,0x70,0x79,0x72,0x69,0x67,0x68,0x74,0x20,0x6e,0x6f,0x74,0x69,
  0x63,0x65,0x20,0x61,0x6e,0x64,0x20,0x74,0x68,0x69,0x73,0x20,0x70,0x65,0x72,0x6d,
  0x69,0x73,0x73,0x69,0x6f,0x6e,0x20,0x6e,0x6f,0x74,0x69,0x63,0x65,0x20,0x73,0x68,
  0x61,0x6c,0x6c,0x20,0x62,0x65,0x20,0x69,0x6e,0x63,0x6c,0x75,0x64,0x65,0x64,0x20,
  0x69,0x6e,0x20,0x61,0x6c,0x6c,0x0a,0x63,0x6f,0x70,0x69,0x65,0x73,0x20,0x6f,0x72,
  0x20,0x73,0x75,0x62,0x73,0x74,0x61,0x6e,0x74,0x69,0x61,0x6c,0x20,0x70,0x6f,0x72,
  0x74,0x69,0x6f,0x6e,0x73,0x20,0x6f,0x66,0x20,0x74,0x68,0x65,0x20,0x53,0x6f,0x66,
  0x74,0x77,0x61,0x72,0x65,0x2e,0x0a,0x0a,0x54,0x48,0x45,0x20,0x53,0x4f,0x46,0x54,
  0x57,0x41,0x52,0x45,0x20,0x49,0x53,0x20,0x50,0x52,0x4f,0x56,0x49,0x44,0x45,0x44,
  0x20,0x22,0x41,0x53,0x20,0x49,0x53,0x22,0x2c,0x20,0x57,0x49,0x54,0x48,0x4f,0x55,
  0x54,0x20,0x57,0x41,0x52,0x52,0x41,0x4e,0x54,0x59,0x20,0x4f,0x46,0x20,0x41,0x4e,
  0x59,0x20,0x4b,0x49,0x4e,0x44,0x2c,0x20,0x45,0x58,0x50,0x52,0x45,0x53,0x53,0x20,
  0x4f,0x52,0x0a,0x49,0x4d,0x50,0x4c,0x49,0x45,0x44,0x2c,0x20,0x49,0x4e,0x43,0x4c,
  0x55,0x44,0x49,0x4e,0x47,0x20,0x42,0x55,0x54,0x20,0x4e,0x4f,0x54,0x20,0x4c,0x49,
  0x4d,0x49,0x54,0x45,0x44,0x20,0x54,0x4f,0x20,0x54,0x48,0x45,0x20,0x57,0x41,0x52,
  0x52,0x41,0x4e,0x54,0x49,0x45,0x53,0x20,0x4f,0x46,0x20,0x4d,0x45,0x52,0x43,0x48,
  0x41,0x4e,0x54,0x41,0x42,0x49,0x4c,0x49,0x54,0x59,0x2c,0x0a,0x46,0x49,0x54,0x4e,
  0x45,0x53,0x53,0x20,0x46,0x4f,0x52,0x20,0x41,0x20,0x50,0x41,0x52,0x54,0x49,0x43,
  0x55,0x4c,0x41,0x52,0x20,0x50,0x55,0x52,0x50,0x4f,0x53,0x45,0x20,0x41,0x4e,0x44,
  0x20,0x4e,0x4f,0x4e,0x49,0x4e,0x46,0x52,0x49,0x4e,0x47,0x45,0x4d,0x45,0x4e,0x54,
  0x2e,0x20,0x49,0x4e,0x20,0x4e,0x4f,0x20,0x45,0x56,0x45,0x4e,0x54,0x20,0x53,0x48,
  0x41,0x4c,0x4c,0x20,0x54,0x48,0x45,0x0a,0x41,0x55,0x54,0x48,0x4f,0x52,0x53,0x20,
  0x4f,0x52,0x20,0x43,0x4f,0x50,0x59,0x52,0x49,0x47,0x48,0x54,0x20,0x48,0x4f,0x4c,
  0x44,0x45,0x52,0x53,0x20,0x42,0x45,0x20,0x4c,0x49,0x41,0x42,0x4c,0x45,0x20,0x46,
  0x4f,0x52,0x20,0x41,0x4e,0x59,0x20,0x43,0x4c,0x41,0x49,0x4d,0x2c,0x20,0x44,0x41,
  0x4d,0x41,0x47,0x45,0x53,0x20,0x4f,0x52,0x20,0x4f,0x54,0x48,0x45,0x52,0x0a,0x4c,
  0x49,0x41,0x42,0x49,0x4c,0x49,0x54,0x59,0x2c,0x20,0x57,0x48,0x45,0x54,0x48,0x45,
  0x52,0x20,0x49,0x4e,0x20,0x41,0x4e,0x20,0x41,0x43,0x54,0x49,0x4f,0x4e,0x20,0x4f,
  0x46,0x20,0x43,0x4f,0x4e,0x54,0x52,0x41,0x43,0x54,0x2c,0x20,0x54,0x4f,0x52,0x54,
  0x20,0x4f,0x52,0x20,0x4f,0x54,0x48,0x45,0x52,0x57,0x49,0x53,0x45,0x2c,0x20,0x41,
  0x52,0x49,0x53,0x49,0x4e,0x47,0x20,0x46,0x52,0x4f,0x4d,0x2c,0x0a,0x4f,0x55,0x54,
  0x20,0x4f,0x46,0x20,0x4f,0x52,0x20,0x49,0x4e,0x20,0x43,0x4f,0x4e,0x4e,0x45,0x43,
  0x54,0x49,0x4f,0x4e,0x20,0x57,0x49,0x54,0x48,0x20,0x54,0x48,0x45,0x20,0x53,0x4f,
  0x46,0x54,0x57,0x41,0x52,0x45,0x20,0x4f,0x52,0x20,0x54,0x48,0x45,0x20,0x55,0x53,
  0x45,0x20,0x4f,0x52,0x20,0x4f,0x54,0x48,0x45,0x52,0x20,0x44,0x45,0x41,0x4c,0x49,
  0x4e,0x47,0x53,0x20,0x49,0x4e,0x20,0x54,0x48,0x45,0x0a,0x53,0x4f,0x46,0x54,0x57,
  0x41,0x52,0x45,0x2e,0x0a,0x0a,0x3d,0x3d,0x3d,0x3d,0x3d,0x3d,0x3d,0x3d,0x3d,0x3d,
  0x3d,0x3d,0x3d,0x3d,0x3d,0x3d,0x3d,0x3d,0x3d,0x3d,0x3d,0x3d,0x3d,0x3d,0x3d,0x3d,
  0x3d,0x3d,0x3d,0x3d,0x3d,0x3d,0x3d,0x3d,0x3d,0x3d,0x3d,0x3d,0x3d,0x3d,0x3d,0x3d,
  0x3d,0x3d,0x3d,0x3d,0x3d,0x3d,0x3d,0x3d,0x3d,0x3d,0x3d,0x3d,0x3d,0x3d,0x3d,0x3d,
  0x3d,0x3d,0x3d,0x3d,0x3d,0x3d,0x3d,0x3d,0x3d,0x3d,0x3d,0x3d,0x3d,0x3d,0x0a,0x4c,
  0x49,0x43,0x45,0x4e,0x53,0x45,0x53,0x2f,0x6c,0x69,0x62,0x76,0x6f,0x72,0x62,0x69,
  0x73,0x2d,0x31,0x2e,0x32,0x2e,0x30,0x2e,0x74,0x78,0x74,0x0a,0x3d,0x3d,0x3d,0x3d,
  0x3d,0x3d,0x3d,0x3d,0x3d,0x3d,0x3d,0x3d,0x3d,0x3d,0x3d,0x3d,0x3d,0x3d,0x3d,0x3d,
  0x3d,0x3d,0x3d,0x3d,0x3d,0x3d,0x3d,0x3d,0x3d,0x3d,0x3d,0x3d,0x3d,0x3d,0x3d,0x3d,
  0x3d,0x3d,0x3d,0x3d,0x3d,0x3d,0x3d,0x3d,0x3d,0x3d,0x3d,0x3d,0x3d,0x3d,0x3d,0x3d,
  0x3d,0x3d,0x3d,0x3d,0x3d,0x3d,0x3d,0x3d,0x3d,0x3d,0x3d,0x3d,0x3d,0x3d,0x3d,0x3d,
  0x3d,0x3d,0x3d,0x3d,0x0a,0x43,0x6f,0x70,0x79,0x72,0x69,0x67,0x68,0x74,0x20,0x28,
  0x63,0x29,0x20,0x32,0x30,0x30,0x32,0x2d,0x32,0x30,0x30,0x34,0x20,0x58,0x69,0x70,
  0x68,0x2e,0x6f,0x72,0x67,0x20,0x46,0x6f,0x75,0x6e,0x64,0x61,0x74,0x69,0x6f,0x6e,
  0x0a,0x0a,0x52,0x65,0x64,0x69,0x73,0x74,0x72,0x69,0x62,0x75,0x74,0x69,0x6f,0x6e,
  0x20,0x61,0x6e,0x64,0x20,0x75,0x73,0x65,0x20,0x69,0x6e,0x20,0x73,0x6f,0x75,0x72,
  0x63,0x65,0x20,0x61,0x6e,0x64,0x20,0x62,0x69,0x6e,0x61,0x72,0x79,0x20,0x66,0x6f,
  0x72,0x6d,0x73,0x2c,0x20,0x77,0x69,0x74,0x68,0x20,0x6f,0x72,0x20,0x77,0x69,0x74,
  0x68,0x6f,0x75,0x74,0x0a,0x6d,0x6f,0x64,0x69,0x66,0x69,0x63,0x61,0x74,0x69,0x6f,
  0x6e,0x2c,0x20,0x61,0x72,0x65,0x20,0x70,0x65,0x72,0x6d,0x69,0x74,0x74,0x65,0x64,
  0x20,0x70,0x72,0x6f,0x76,0x69,0x64,0x65,0x64,0x20,0x74,0x68,0x61,0x74,0x20,0x74,
  0x68,0x65,0x20,0x66,0x6f,0x6c,0x6c,0x6f,0x77,0x69,0x6e,0x67,0x20,0x63,0x6f,0x6e,
  0x64,0x69,0x74,0x69,0x6f,0x6e,0x73,0x0a,0x61,0x72,0x65,0x20,0x6d,0x65,0x74,0x3a,
  0x0a,0x0a,0x2d,0x20,0x52,0x65,0x64,0x69,0x73,0x74,0x72,0x69,0x62,0x75,0x74,0x69,
  0x6f,0x6e,0x73,0x20,0x6f,0x66,0x20,0x73,0x6f,0x75,0x72,0x63,0x65,0x20,0x63,0x6f,
  0x64,0x65,0x20,0x6d,0x75,0x73,0x74,0x20,0x72,0x65,0x74,0x61,0x69,0x6e,0x20,0x74,
  0x68,0x65,0x20,0x61,0x62,0x6f,0x76,0x65,0x20,0x63,0x6f,0x70,0x79,0x72,0x69,0x67,
  0x68,0x74,0x0a,0x6e,0x6f,0x74,0x69,0x63,0x65,0x2c,0x20,0x74,0x68,0x69,0x73,0x20,
  0x6c,0x69,0x73,0x74,0x20,0x6f,0x66,0x20,0x63,0x6f,0x6e,0x64,0x69,0x74,0x69,0x6f,
  0x6e,0x73,0x20,0x61,0x6e,0x64,0x20,0x74,0x68,0x65,0x20,0x66,0x6f,0x6c,0x6c,0x6f,
  0x77,0x69,0x6e,0x67,0x20,0x64,0x69,0x73,0x63,0x6c,0x61,0x69,0x6d,0x65,0x72,0x2e,
  0x0a,0x0a,0x2d,0x20,0x52,0x65,0x64,0x69,0x73,0x74,0x72,0x69,0x62,0x75,0x74,0x69,
  0x6f,0x6e,0x73,0x20,0x69,0x6e,0x20,0x62,0x69,0x6e,0x61,0x72,0x79,0x20,0x66,0x6f,
  0x72,0x6d,0x20,0x6d,0x75,0x73,0x74,0x20,0x72,0x65,0x70,0x72,0x6f,0x64,0x75,0x63,
  0x65,0x20,0x74,0x68,0x65,0x20,0x61,0x62,0x6f,0x76,0x65,0x20,0x63,0x6f,0x70,0x79,
  0x72,0x69,0x67,0x68,0x74,0x0a,0x6e,0x6f,0x74,0x69,0x63,0x65,0x2c,0x20,0x74,0x68,
  0x69,0x73,0x20,0x6c,0x69,0x73,0x74,0x20,0x6f,0x66,0x20,0x63,0x6f,0x6e,0x64,0x69,
  0x74,0x69,0x6f,0x6e,0x73,0x20,0x61,0x6e,0x64,0x20,0x74,0x68,0x65,0x20,0x66,0x6f,
  0x6c,0x6c,0x6f,0x77,0x69,0x6e,0x67,0x20,0x64,0x69,0x73,0x63,0x6c,0x61,0x69,0x6d,
  0x65,0x72,0x20,0x69,0x6e,0x20,0x74,0x68,0x65,0x0a,0x64,0x6f,0x63,0x75,0x6d,0x65,
  0x6e,0x74,0x61,0x74,0x69,0x6f,0x6e,0x20,0x61,0x6e,0x64,0x2f,0x6f,0x72,0x20,0x6f,
  0x74,0x68,0x65,0x72,0x20,0x6d,0x61,0x74,0x65,0x72,0x69,0x61,0x6c,0x73,0x20,0x70,
  0x72,0x6f,0x76,0x69,0x64,0x65,0x64,0x20,0x77,0x69,0x74,0x68,0x20,0x74,0x68,0x65,
  0x20,0x64,0x69,0x73,0x74,0x72,0x69,0x62,0x75,0x74,0x69,0x6f,0x6e,0x2e,0x0a,0x0a,
  0x2d,0x20,0x4e,0x65,0x69,0x74,0x68,0x65,0x72,0x20,0x74,0x68,0x65,0x20,0x6e,0x61,
  0x6d,0x65,0x20,0x6f,0x66,0x20,0x74,0x68,0x65,0x20,0x58,0x69,0x70,0x68,0x2e,0x6f,
  0x72,0x67,0x20,0x46,0x6f,0x75,0x6e,0x64,0x61,0x74,0x69,0x6f,0x6e,0x20,0x6e,0x6f,
  0x72,0x20,0x74,0x68,0x65,0x20,0x6e,0x61,0x6d,0x65,0x73,0x20,0x6f,0x66,0x20,0x69,
  0x74,0x73,0x0a,0x63,0x6f,0x6e,0x74,0x72,0x69,0x62,0x75,0x74,0x6f,0x72,0x73,0x20,
  0x6d,0x61,0x79,0x20,0x62,0x65,0x20,0x75,0x73,0x65,0x64,0x20,0x74,0x6f,0x20,0x65,
  0x6e,0x64,0x6f,0x72,0x73,0x65,0x20,0x6f,0x72,0x20,0x70,0x72,0x6f,0x6d,0x6f,0x74,
  0x65,0x20,0x70,0x72,0x6f,0x64,0x75,0x63,0x74,0x73,0x20,0x64,0x65,0x72,0x69,0x76,
  0x65,0x64,0x20,0x66,0x72,0x6f,0x6d,0x0a,0x74,0x68,0x69,0x73,0x20,0x73,0x6f,0x66,
  0x74,0x77,0x61,0x72,0x65,0x20,0x77,0x69,0x74,0x68,0x6f,0x75,0x74,0x20,0x73,0x70,
  0x65,0x63,0x69,0x66,0x69,0x63,0x20,0x70,0x72,0x69,0x6f,0x72,0x20,0x77,0x72,0x69,
  0x74,0x74,0x65,0x6e,0x20,0x70,0x65,0x72,0x6d,0x69,0x73,0x73,0x69,0x6f,0x6e,0x2e,
  0x0a,0x0a,0x54,0x48,0x49,0x53,0x20,0x53,0x4f,0x46,0x54,0x57,0x41,0x52,0x45,0x20,
  0x49,0x53,0x20,0x50,0x52,0x4f,0x56,0x49,0x44,0x45,0x44,0x20,0x42,0x59,0x20,0x54,
  0x48,0x45,0x20,0x43,0x4f,0x50,0x59,0x52,0x49,0x47,0x48,0x54,0x20,0x48,0x4f,0x4c,
  0x44,0x45,0x52,0x53,0x20,0x41,0x4e,0x44,0x20,0x43,0x4f,0x4e,0x54,0x52,0x49,0x42,
  0x55,0x54,0x4f,0x52,0x53,0x0a,0x60,0x60,0x41,0x53,0x20,0x49,0x53,0x27,0x27,0x20,
  0x41,0x4e,0x44,0x20,0x41,0x4e,0x59,0x20,0x45,0x58,0x50,0x52,0x45,0x53,0x53,0x20,
  0x4f,0x52,0x20,0x49,0x4d,0x50,0x4c,0x49,0x45,0x44,0x20,0x57,0x41,0x52,0x52,0x41,
  0x4e,0x54,0x49,0x45,0x53,0x2c,0x20,0x49,0x4e,0x43,0x4c,0x55,0x44,0x49,0x4e,0x47,
  0x2c,0x20,0x42,0x55,0x54,0x20,0x4e,0x4f,0x54,0x0a,0x4c,0x49,0x4d,0x49,0x54,0x45,
  0x44,0x20,0x54,0x4f,0x2c,0x20,0x54,0x48,0x45,0x20,0x49,0x4d,0x50,0x4c,0x49,0x45,
  0x44,0x20,0x57,0x41,0x52,0x52,0x41,0x4e,0x54,0x49,0x45,0x53,0x20,0x4f,0x46,0x20,
  0x4d,0x45,0x52,0x43,0x48,0x41,0x4e,0x54,0x41,0x42,0x49,0x4c,0x49,0x54,0x59,0x20,
  0x41,0x4e,0x44,0x20,0x46,0x49,0x54,0x4e,0x45,0x53,0x53,0x20,0x46,0x4f,0x52,0x0a,
  0x41,0x20,0x50,0x41,0x52,0x54,0x49,0x43,0x55,0x4c,0x41,0x52,0x20,0x50,0x55,0x52,
  0x50,0x4f,0x53,0x45,0x20,0x41,0x52,0x45,0x20,0x44,0x49,0x53,0x43,0x4c,0x41,0x49,
  0x4d,0x45,0x44,0x2e,0x20,0x20,0x49,0x4e,0x20,0x4e,0x4f,0x20,0x45,0x56,0x45,0x4e,
  0x54,0x20,0x53,0x48,0x41,0x4c,0x4c,0x20,0x54,0x48,0x45,0x20,0x46,0x4f,0x55,0x4e,
  0x44,0x41,0x54,0x49,0x4f,0x4e,0x0a,0x4f,0x52,0x20,0x43,0x4f,0x4e,0x54,0x52,0x49,
  0x42,0x55,0x54,0x4f,0x52,0x53,0x20,0x42,0x45,0x20,0x4c,0x49,0x41,0x42,0x4c,0x45,
  0x20,0x46,0x4f,0x52,0x20,0x41,0x4e,0x59,0x20,0x44,0x49,0x52,0x45,0x43,0x54,0x2c,
  0x20,0x49,0x4e,0x44,0x49,0x52,0x45,0x43,0x54,0x2c,0x20,0x49,0x4e,0x43,0x49,0x44,
  0x45,0x4e,0x54,0x41,0x4c,0x2c,0x0a,0x53,0x50,0x45,0x43,0x49,0x41,0x4c,0x2c,0x20,
  0x45,0x58,0x45,0x4d,0x50,0x4c,0x41,0x52,0x59,0x2c,0x20,0x4f,0x52,0x20,0x43,0x4f,
  0x4e,0x53,0x45,0x51,0x55,0x45,0x4e,0x54,0x49,0x41,0x4c,0x20,0x44,0x41,0x4d,0x41,
  0x47,0x45,0x53,0x20,0x28,0x49,0x4e,0x43,0x4c,0x55,0x44,0x49,0x4e,0x47,0x2c,0x20,
  0x42,0x55,0x54,0x20,0x4e,0x4f,0x54,0x0a,0x4c,0x49,0x4d,0x49,0x54,0x45,0x44,0x20,
  0x54,0x4f,0x2c,0x20,0x50,0x52,0x4f,0x43,0x55,0x52,0x45,0x4d,0x45,0x4e,0x54,0x20,
  0x4f,0x46,0x20,0x53,0x55,0x42,0x53,0x54,0x49,0x54,0x55,0x54,0x45,0x20,0x47,0x4f,
  0x4f,0x44,0x53,0x20,0x4f,0x52,0x20,0x53,0x45,0x52,0x56,0x49,0x43,0x45,0x53,0x3b,
  0x20,0x4c,0x4f,0x53,0x53,0x20,0x4f,0x46,0x20,0x55,0x53,0x45,0x2c,0x0a,0x44,0x41,
  0x54,0x41,0x2c,0x20,0x4f,0x52,0x20,0x50,0x52,0x4f,0x46,0x49,0x54,0x53,0x3b,0x20,
  0x4f,0x52,0x20,0x42,0x55,0x53,0x49,0x4e,0x45,0x53,0x53,0x20,0x49,0x4e,0x54,0x45,
  0x52,0x52,0x55,0x50,0x54,0x49,0x4f,0x4e,0x29,0x20,0x48,0x4f,0x57,0x45,0x56,0x45,
  0x52,0x20,0x43,0x41,0x55,0x53,0x45,0x44,0x20,0x41,0x4e,0x44,0x20,0x4f,0x4e,0x20,
  0x41,0x4e,0x59,0x0a,0x54,0x48,0x45,0x4f,0x52,0x59,0x20,0x4f,0x46,0x20,0x4c,0x49,
  0x41,0x42,0x49,0x4c,0x49,0x54,0x59,0x2c,0x20,0x57,0x48,0x45,0x54,0x48,0x45,0x52,
  0x20,0x49,0x4e,0x20,0x43,0x4f,0x4e,0x54,0x52,0x41,0x43,0x54,0x2c,0x20,0x53,0x54,
  0x52,0x49,0x43,0x54,0x20,0x4c,0x49,0x41,0x42,0x49,0x4c,0x49,0x54,0x59,0x2c,0x20,
  0x4f,0x52,0x20,0x54,0x4f,0x52,0x54,0x0a,0x28,0x49,0x4e,0x43,0x4c,0x55,0x44,0x49,
  0x4e,0x47,0x20,0x4e,0x45,0x47,0x4c,0x49,0x47,0x45,0x4e,0x43,0x45,0x20,0x4f,0x52,
  0x20,0x4f,0x54,0x48,0x45,0x52,0x57,0x49,0x53,0x45,0x29,0x20,0x41,0x52,0x49,0x53,
  0x49,0x4e,0x47,0x20,0x49,0x4e,0x20,0x41,0x4e,0x59,0x20,0x57,0x41,0x59,0x20,0x4f,
  0x55,0x54,0x20,0x4f,0x46,0x20,0x54,0x48,0x45,0x20,0x55,0x53,0x45,0x0a,0x4f,0x46,
  0x20,0x54,0x48,0x49,0x53,0x20,0x53,0x4f,0x46,0x54,0x57,0x41,0x52,0x45,0x2c,0x20,
  0x45,0x56,0x45,0x4e,0x20,0x49,0x46,0x20,0x41,0x44,0x56,0x49,0x53,0x45,0x44,0x20,
  0x4f,0x46,0x20,0x54,0x48,0x45,0x20,0x50,0x4f,0x53,0x53,0x49,0x42,0x49,0x4c,0x49,
  0x54,0x59,0x20,0x4f,0x46,0x20,0x53,0x55,0x43,0x48,0x20,0x44,0x41,0x4d,0x41,0x47,
  0x45,0x2e,0x0a,0x0a,0x53,0x6f,0x75,0x72,0x63,0x65,0x20,0x63,0x6f,0x64,0x65,0x62,
  0x6f,0x6f,0x6b,0x20,0x6e,0x6f,0x74,0x69,0x63,0x65,0x73,0x3a,0x0a,0x0a,0x2f,0x2a,
  0x2a,0x2a,0x2a,0x2a,0x2a,0x2a,0x2a,0x2a,0x2a,0x2a,0x2a,0x2a,0x2a,0x2a,0x2a,0x2a,
  0x2a,0x2a,0x2a,0x2a,0x2a,0x2a,0x2a,0x2a,0x2a,0x2a,0x2a,0x2a,0x2a,0x2a,0x2a,0x2a,
  0x2a,0x2a,0x2a,0x2a,0x2a,0x2a,0x2a,0x2a,0x2a,0x2a,0x2a,0x2a,0x2a,0x2a,0x2a,0x2a,
  0x2a,0x2a,0x2a,0x2a,0x2a,0x2a,0x2a,0x2a,0x2a,0x2a,0x2a,0x2a,0x2a,0x2a,0x2a,0x2a,
  0x2a,0x2a,0x2a,0x0a,0x20,0x2a,0x20,0x20,0x20,0x20,0x20,0x20,0x20,0x20,0x20,0x20,
  0x20,0x20,0x20,0x20,0x20,0x20,0x20,0x20,0x20,0x20,0x20,0x20,0x20,0x20,0x20,0x20,
  0x20,0x20,0x20,0x20,0x20,0x20,0x20,0x20,0x20,0x20,0x20,0x20,0x20,0x20,0x20,0x20,
  0x20,0x20,0x20,0x20,0x20,0x20,0x20,0x20,0x20,0x20,0x20,0x20,0x20,0x20,0x20,0x20,
  0x20,0x20,0x20,0x20,0x20,0x20,0x20,0x20,0x2a,0x0a,0x20,0x2a,0x20,0x54,0x48,0x49,
  0x53,0x20,0x46,0x49,0x4c,0x45,0x20,0x49,0x53,0x20,0x50,0x41,0x52,0x54,0x20,0x4f,
  0x46,0x20,0x54,0x48,0x45,0x20,0x4f,0x67,0x67,0x56,0x6f,0x72,0x62,0x69,0x73,0x20,
  0x53,0x4f,0x46,0x54,0x57,0x41,0x52,0x45,0x20,0x43,0x4f,0x44,0x45,0x43,0x20,0x53,
  0x4f,0x55,0x52,0x43,0x45,0x20,0x43,0x4f,0x44,0x45,0x2e,0x20,0x20,0x20,0x2a,0x0a,
  0x20,0x2a,0x20,0x55,0x53,0x45,0x2c,0x20,0x44,0x49,0x53,0x54,0x52,0x49,0x42,0x55,
  0x54,0x49,0x4f,0x4e,0x20,0x41,0x4e,0x44,0x20,0x52,0x45,0x50,0x52,0x4f,0x44,0x55,
  0x43,0x54,0x49,0x4f,0x4e,0x20,0x4f,0x46,0x20,0x54,0x48,0x49,0x53,0x20,0x4c,0x49,
  0x42,0x52,0x41,0x52,0x59,0x20,0x53,0x4f,0x55,0x52,0x43,0x45,0x20,0x49,0x53,0x20,
  0x20,0x20,0x20,0x20,0x2a,0x0a,0x20,0x2a,0x20,0x47,0x4f,0x56,0x45,0x52,0x4e,0x45,
  0x44,0x20,0x42,0x59,0x20,0x41,0x20,0x42,0x53,0x44,0x2d,0x53,0x54,0x59,0x4c,0x45,
  0x20,0x53,0x4f,0x55,0x52,0x43,0x45,0x20,0x4c,0x49,0x43,0x45,0x4e,0x53,0x45,0x20,
  0x49,0x4e,0x43,0x4c,0x55,0x44,0x45,0x44,0x20,0x57,0x49,0x54,0x48,0x20,0x54,0x48,
  0x49,0x53,0x20,0x53,0x4f,0x55,0x52,0x43,0x45,0x20,0x2a,0x0a,0x20,0x2a,0x20,0x49,
  0x4e,0x20,0x27,0x43,0x4f,0x50,0x59,0x49,0x4e,0x47,0x27,0x2e,0x20,0x50,0x4c,0x45,
  0x41,0x53,0x45,0x20,0x52,0x45,0x41,0x44,0x20,0x54,0x48,0x45,0x53,0x45,0x20,0x54,
  0x45,0x52,0x4d,0x53,0x20,0x42,0x45,0x46,0x4f,0x52,0x45,0x20,0x44,0x49,0x53,0x54,
  0x52,0x49,0x42,0x55,0x54,0x49,0x4e,0x47,0x2e,0x20,0x20,0x20,0x20,0x20,0x20,0x20,
  0x2a,0x0a,0x20,0x2a,0x20,0x20,0x20,0x20,0x20,0x20,0x20,0x20,0x20,0x20,0x20,0x20,
  0x20,0x20,0x20,0x20,0x20,0x20,0x20,0x20,0x20,0x20,0x20,0x20,0x20,0x20,0x20,0x20,
  0x20,0x20,0x20,0x20,0x20,0x20,0x20,0x20,0x20,0x20,0x20,0x20,0x20,0x20,0x20,0x20,
  0x20,0x20,0x20,0x20,0x20,0x20,0x20,0x20,0x20,0x20,0x20,0x20,0x20,0x20,0x20,0x20,
  0x20,0x20,0x20,0x20,0x20,0x20,0x2a,0x0a,0x20,0x2a,0x20,0x54,0x48,0x45,0x20,0x4f,
  0x67,0x67,0x56,0x6f,0x72,0x62,0x69,0x73,0x20,0x53,0x4f,0x55,0x52,0x43,0x45,0x20,
  0x43,0x4f,0x44,0x45,0x20,0x49,0x53,0x20,0x28,0x43,0x29,0x20,0x43,0x4f,0x50,0x59,
  0x52,0x49,0x47,0x48,0x54,0x20,0x31,0x39,0x39,0x34,0x2d,0x32,0x30,0x30,0x37,0x20,
  0x20,0x20,0x20,0x20,0x20,0x20,0x20,0x20,0x20,0x20,0x20,0x20,0x2a,0x0a,0x20,0x2a,
  0x20,0x62,0x79,0x20,0x74,0x68,0x65,0x20,0x58,0x69,0x70,0x68,0x2e,0x4f,0x72,0x67,
  0x20,0x46,0x6f,0x75,0x6e,0x64,0x61,0x74,0x69,0x6f,0x6e,0x20,0x68,0x74,0x74,0x70,
  0x3a,0x2f,0x2f,0x77,0x77,0x77,0x2e,0x78,0x69,0x70,0x68,0x2e,0x6f,0x72,0x67,0x2f,
  0x20,0x20,0x20,0x20,0x20,0x20,0x20,0x20,0x20,0x20,0x20,0x20,0x20,0x20,0x20,0x20,
  0x20,0x20,0x2a,0x0a,0x20,0x2a,0x20,0x20,0x20,0x20,0x20,0x20,0x20,0x20,0x20,0x20,
  0x20,0x20,0x20,0x20,0x20,0x20,0x20,0x20,0x20,0x20,0x20,0x20,0x20,0x20,0x20,0x20,
  0x20,0x20,0x20,0x20,0x20,0x20,0x20,0x20,0x20,0x20,0x20,0x20,0x20,0x20,0x20,0x20,
  0x20,0x20,0x20,0x20,0x20,0x20,0x20,0x20,0x20,0x20,0x20,0x20,0x20,0x20,0x20,0x20,
  0x20,0x20,0x20,0x20,0x20,0x20,0x20,0x20,0x2a,0x0a,0x20,0x2a,0x2a,0x2a,0x2a,0x2a,
  0x2a,0x2a,0x2a,0x2a,0x2a,0x2a,0x2a,0x2a,0x2a,0x2a,0x2a,0x2a,0x2a,0x2a,0x2a,0x2a,
  0x2a,0x2a,0x2a,0x2a,0x2a,0x2a,0x2a,0x2a,0x2a,0x2a,0x2a,0x2a,0x2a,0x2a,0x2a,0x2a,
  0x2a,0x2a,0x2a,0x2a,0x2a,0x2a,0x2a,0x2a,0x2a,0x2a,0x2a,0x2a,0x2a,0x2a,0x2a,0x2a,
  0x2a,0x2a,0x2a,0x2a,0x2a,0x2a,0x2a,0x2a,0x2a,0x2a,0x2a,0x2a,0x2a,0x2a,0x2a,0x0a,
  0x0a,0x20,0x66,0x75,0x6e,0x63,0x74,0x69,0x6f,0x6e,0x3a,0x20,0x73,0x74,0x61,0x74,
  0x69,0x63,0x20,0x63,0x6f,0x64,0x65,0x62,0x6f,0x6f,0x6b,0x73,0x20,0x61,0x75,0x74,
  0x6f,0x67,0x65,0x6e,0x65,0x72,0x61,0x74,0x65,0x64,0x20,0x62,0x79,0x20,0x68,0x75,
  0x66,0x66,0x2f,0x68,0x75,0x66,0x66,0x62,0x75,0x6c,0x64,0x0a,0x20,0x6c,0x61,0x73,
  0x74,0x20,0x6d,0x6f,0x64,0x69,0x66,0x69,0x65,0x64,0x3a,0x20,0x24,0x49,0x64,0x3a,
  0x20,0x72,0x65,0x73,0x5f,0x62,0x6f,0x6f,0x6b,0x73,0x5f,0x73,0x74,0x65,0x72,0x65,
  0x6f,0x2e,0x68,0x20,0x31,0x33,0x32,0x39,0x33,0x20,0x32,0x30,0x30,0x37,0x2d,0x30,
  0x37,0x2d,0x32,0x34,0x20,0x30,0x30,0x3a,0x30,0x39,0x3a,0x34,0x37,0x5a,0x20,0x78,
  0x69,0x70,0x68,0x6d,0x6f,0x6e,0x74,0x20,0x24,0x0a,0x0a,0x20,0x2a,0x2a,0x2a,0x2a,
  0x2a,0x2a,0x2a,0x2a,0x2a,0x2a,0x2a,0x2a,0x2a,0x2a,0x2a,0x2a,0x2a,0x2a,0x2a,0x2a,
  0x2a,0x2a,0x2a,0x2a,0x2a,0x2a,0x2a,0x2a,0x2a,0x2a,0x2a,0x2a,0x2a,0x2a,0x2a,0x2a,
  0x2a,0x2a,0x2a,0x2a,0x2a,0x2a,0x2a,0x2a,0x2a,0x2a,0x2a,0x2a,0x2a,0x2a,0x2a,0x2a,
  0x2a,0x2a,0x2a,0x2a,0x2a,0x2a,0x2a,0x2a,0x2a,0x2a,0x2a,0x2a,0x2a,0x2a,0x2a,0x2a,
  0x2f,0x0a,0x0a,0x2f,0x2a,0x2a,0x2a,0x2a,0x2a,0x2a,0x2a,0x2a,0x2a,0x2a,0x2a,0x2a,
  0x2a,0x2a,0x2a,0x2a,0x2a,0x2a,0x2a,0x2a,0x2a,0x2a,0x2a,0x2a,0x2a,0x2a,0x2a,0x2a,
  0x2a,0x2a,0x2a,0x2a,0x2a,0x2a,0x2a,0x2a,0x2a,0x2a,0x2a,0x2a,0x2a,0x2a,0x2a,0x2a,
  0x2a,0x2a,0x2a,0x2a,0x2a,0x2a,0x2a,0x2a,0x2a,0x2a,0x2a,0x2a,0x2a,0x2a,0x2a,0x2a,
  0x2a,0x2a,0x2a,0x2a,0x2a,0x2a,0x2a,0x2a,0x0a,0x20,0x2a,0x20,0x20,0x20,0x20,0x20,
  0x20,0x20,0x20,0x20,0x20,0x20,0x20,0x20,0x20,0x20,0x20,0x20,0x20,0x20,0x20,0x20,
  0x20,0x20,0x20,0x20,0x20,0x20,0x20,0x20,0x20,0x20,0x20,0x20,0x20,0x20,0x20,0x20,
  0x20,0x20,0x20,0x20,0x20,0x20,0x20,0x20,0x20,0x20,0x20,0x20,0x20,0x20,0x20,0x20,
  0x20,0x20,0x20,0x20,0x20,0x20,0x20,0x20,0x20,0x20,0x20,0x20,0x20,0x2a,0x0a,0x20,
  0x2a,0x20,0x54,0x48,0x49,0x53,0x20,0x46,0x49,0x4c,0x45,0x20,0x49,0x53,0x20,0x50,
  0x41,0x52,0x54,0x20,0x4f,0x46,0x20,0x54,0x48,0x45,0x20,0x4f,0x67,0x67,0x56,0x6f,
  0x72,0x62,0x69,0x73,0x20,0x53,0x4f,0x46,0x54,0x57,0x41,0x52,0x45,0x20,0x43,0x4f,
  0x44,0x45,0x43,0x20,0x53,0x4f,0x55,0x52,0x43,0x45,0x20,0x43,0x4f,0x44,0x45,0x2e,
  0x20,0x20,0x20,0x2a,0x0a,0x20,0x2a,0x20,0x55,0x53,0x45,0x2c,0x20,0x44,0x49,0x53,
  0x54,0x52,0x49,0x42,0x55,0x54,0x49,0x4f,0x4e,0x20,0x41,0x4e,0x44,0x20,0x52,0x45,
  0x50,0x52,0x4f,0x44,0x55,0x43,0x54,0x49,0x4f,0x4e,0x20,0x4f,0x46,0x20,0x54,0x48,
  0x49,0x53,0x20,0x4c,0x49,0x42,0x52,0x41,0x52,0x59,0x20,0x53,0x4f,0x55,0x52,0x43,
  0x45,0x20,0x49,0x53,0x20,0x20,0x20,0x20,0x20,0x2a,0x0a,0x20,0x2a,0x20,0x47,0x4f,
  0x56,0x45,0x52,0x4e,0x45,0x44,0x20,0x42,0x59,0x20,0x41,0x20,0x42,0x53,0x44,0x2d,
  0x53,0x54,0x59,0x4c,0x45,0x20,0x53,0x4f,0x55,0x52,0x43,0x45,0x20,0x4c,0x49,0x43,
  0x45,0x4e,0x53,0x45,0x20,0x49,0x4e,0x43,0x4c,0x55,0x44,0x45,0x44,0x20,0x57,0x49,
  0x54,0x48,0x20,0x54,0x48,0x49,0x53,0x20,0x53,0x4f,0x55,0x52,0x43,0x45,0x20,0x2a,
  0x0a,0x20,0x2a,0x20,0x49,0x4e,0x20,0x27,0x43,0x4f,0x50,0x59,0x49,0x4e,0x47,0x27,
  0x2e,0x20,0x50,0x4c,0x45,0x41,0x53,0x45,0x20,0x52,0x45,0x41,0x44,0x20,0x54,0x48,
  0x45,0x53,0x45,0x20,0x54,0x45,0x52,0x4d,0x53,0x20,0x42,0x45,0x46,0x4f,0x52,0x45,
  0x20,0x44,0x49,0x53,0x54,0x52,0x49,0x42,0x55,0x54,0x49,0x4e,0x47,0x2e,0x20,0x20,
  0x20,0x20,0x20,0x20,0x20,0x2a,0x0a,0x20,0x2a,0x20,0x20,0x20,0x20,0x20,0x20,0x20,
  0x20,0x20,0x20,0x20,0x20,0x20,0x20,0x20,0x20,0x20,0x20,0x20,0x20,0x20,0x20,0x20,
  0x20,0x20,0x20,0x20,0x20,0x20,0x20,0x20,0x20,0x20,0x20,0x20,0x20,0x20,0x20,0x20,
  0x20,0x20,0x20,0x20,0x20,0x20,0x20,0x20,0x20,0x20,0x20,0x20,0x20,0x20,0x20,0x20,
  0x20,0x20,0x20,0x20,0x20,0x20,0x20,0x20,0x20,0x20,0x20,0x2a,0x0a,0x20,0x2a,0x20,
  0x54,0x48,0x45,0x20,0x4f,0x67,0x67,0x56,0x6f,0x72,0x62,0x69,0x73,0x20,0x53,0x4f,
  0x55,0x52,0x43,0x45,0x20,0x43,0x4f,0x44,0x45,0x20,0x49,0x53,0x20,0x28,0x43,0x29,
  0x20,0x43,0x4f,0x50,0x59,0x52,0x49,0x47,0x48,0x54,0x20,0x31,0x39,0x39,0x34,0x2d,
  0x32,0x30,0x30,0x37,0x20,0x20,0x20,0x20,0x20,0x20,0x20,0x20,0x20,0x20,0x20,0x20,
  0x20,0x2a,0x0a,0x20,0x2a,0x20,0x62,0x79,0x20,0x74,0x68,0x65,0x20,0x58,0x69,0x70,
  0x68,0x2e,0x4f,0x72,0x67,0x20,0x46,0x6f,0x75,0x6e,0x64,0x61,0x74,0x69,0x6f,0x6e,
  0x20,0x68,0x74,0x74,0x70,0x3a,0x2f,0x2f,0x77,0x77,0x77,0x2e,0x78,0x69,0x70,0x68,
  0x2e,0x6f,0x72,0x67,0x2f,0x20,0x20,0x20,0x20,0x20,0x20,0x20,0x20,0x20,0x20,0x20,
  0x20,0x20,0x20,0x20,0x20,0x20,0x20,0x2a,0x0a,0x20,0x2a,0x20,0x20,0x20,0x20,0x20,
  0x20,0x20,0x20,0x20,0x20,0x20,0x20,0x20,0x20,0x20,0x20,0x20,0x20,0x20,0x20,0x20,
  0x20,0x20,0x20,0x20,0x20,0x20,0x20,0x20,0x20,0x20,0x20,0x20,0x20,0x20,0x20,0x20,
  0x20,0x20,0x20,0x20,0x20,0x20,0x20,0x20,0x20,0x20,0x20,0x20,0x20,0x20,0x20,0x20,
  0x20,0x20,0x20,0x20,0x20,0x20,0x20,0x20,0x20,0x20,0x20,0x20,0x20,0x2a,0x0a,0x20,
  0x2a,0x2a,0x2a,0x2a,0x2a,0x2a,0x2a,0x2a,0x2a,0x2a,0x2a,0x2a,0x2a,0x2a,0x2a,0x2a,
  0x2a,0x2a,0x2a,0x2a,0x2a,0x2a,0x2a,0x2a,0x2a,0x2a,0x2a,0x2a,0x2a,0x2a,0x2a,0x2a,
  0x2a,0x2a,0x2a,0x2a,0x2a,0x2a,0x2a,0x2a,0x2a,0x2a,0x2a,0x2a,0x2a,0x2a,0x2a,0x2a,
  0x2a,0x2a,0x2a,0x2a,0x2a,0x2a,0x2a,0x2a,0x2a,0x2a,0x2a,0x2a,0x2a,0x2a,0x2a,0x2a,
  0x2a,0x2a,0x2a,0x2a,0x0a,0x0a,0x20,0x66,0x75,0x6e,0x63,0x74,0x69,0x6f,0x6e,0x3a,
  0x20,0x73,0x74,0x61,0x74,0x69,0x63,0x20,0x63,0x6f,0x64,0x65,0x62,0x6f,0x6f,0x6b,
  0x73,0x20,0x61,0x75,0x74,0x6f,0x67,0x65,0x6e,0x65,0x72,0x61,0x74,0x65,0x64,0x20,
  0x62,0x79,0x20,0x68,0x75,0x66,0x66,0x2f,0x68,0x75,0x66,0x66,0x62,0x75,0x6c,0x64,
  0x0a,0x20,0x6c,0x61,0x73,0x74,0x20,0x6d,0x6f,0x64,0x69,0x66,0x69,0x65,0x64,0x3a,
  0x20,0x24,0x49,0x64,0x3a,0x20,0x66,0x6c,0x6f,0x6f,0x72,0x5f,0x62,0x6f,0x6f,0x6b,
  0x73,0x2e,0x68,0x20,0x31,0x33,0x32,0x39,0x33,0x20,0x32,0x30,0x30,0x37,0x2d,0x30,
  0x37,0x2d,0x32,0x34,0x20,0x30,0x30,0x3a,0x30,0x39,0x3a,0x34,0x37,0x5a,0x20,0x78,
  0x69,0x70,0x68,0x6d,0x6f,0x6e,0x74,0x20,0x24,0x0a,0x0a,0x20,0x2a,0x2a,0x2a,0x2a,
  0x2a,0x2a,0x2a,0x2a,0x2a,0x2a,0x2a,0x2a,0x2a,0x2a,0x2a,0x2a,0x2a,0x2a,0x2a,0x2a,
  0x2a,0x2a,0x2a,0x2a,0x2a,0x2a,0x2a,0x2a,0x2a,0x2a,0x2a,0x2a,0x2a,0x2a,0x2a,0x2a,
  0x2a,0x2a,0x2a,0x2a,0x2a,0x2a,0x2a,0x2a,0x2a,0x2a,0x2a,0x2a,0x2a,0x2a,0x2a,0x2a,
  0x2a,0x2a,0x2a,0x2a,0x2a,0x2a,0x2a,0x2a,0x2a,0x2a,0x2a,0x2a,0x2a,0x2a,0x2a,0x2a,
  0x2f,0x0a,0x0a,0x2f,0x2a,0x2a,0x2a,0x2a,0x2a,0x2a,0x2a,0x2a,0x2a,0x2a,0x2a,0x2a,
  0x2a,0x2a,0x2a,0x2a,0x2a,0x2a,0x2a,0x2a,0x2a,0x2a,0x2a,0x2a,0x2a,0x2a,0x2a,0x2a,
  0x2a,0x2a,0x2a,0x2a,0x2a,0x2a,0x2a,0x2a,0x2a,0x2a,0x2a,0x2a,0x2a,0x2a,0x2a,0x2a,
  0x2a,0x2a,0x2a,0x2a,0x2a,0x2a,0x2a,0x2a,0x2a,0x2a,0x2a,0x2a,0x2a,0x2a,0x2a,0x2a,
  0x2a,0x2a,0x2a,0x2a,0x2a,0x2a,0x2a,0x2a,0x0a,0x20,0x2a,0x20,0x20,0x20,0x20,0x20,
  0x20,0x20,0x20,0x20,0x20,0x20,0x20,0x20,0x20,0x20,0x20,0x20,0x20,0x20,0x20,0x20,
  0x20,0x20,0x20,0x20,0x20,0x20,0x20,0x20,0x20,0x20,0x20,0x20,0x20,0x20,0x20,0x20,
  0x20,0x20,0x20,0x20,0x20,0x20,0x20,0x20,0x20,0x20,0x20,0x20,0x20,0x20,0x20,0x20,
  0x20,0x20,0x20,0x20,0x20,0x20,0x20,0x20,0x20,0x20,0x20,0x20,0x20,0x2a,0x0a,0x20,
  0x2a,0x20,0x54,0x48,0x49,0x53,0x20,0x46,0x49,0x4c,0x45,0x20,0x49,0x53,0x20,0x50,
  0x41,0x52,0x54,0x20,0x4f,0x46,0x20,0x54,0x48,0x45,0x20,0x4f,0x67,0x67,0x56,0x6f,
  0x72,0x62,0x69,0x73,0x20,0x53,0x4f,0x46,0x54,0x57,0x41,0x52,0x45,0x20,0x43,0x4f,
  0x44,0x45,0x43,0x20,0x53,0x4f,0x55,0x52,0x43,0x45,0x20,0x43,0x4f,0x44,0x45,0x2e,
  0x20,0x20,0x20,0x2a,0x0a,0x20,0x2a,0x20,0x55,0x53,0x45,0x2c,0x20,0x44,0x49,0x53,
  0x54,0x52,0x49,0x42,0x55,0x54,0x49,0x4f,0x4e,0x20,0x41,0x4e,0x44,0x20,0x52,0x45,
  0x50,0x52,0x4f,0x44,0x55,0x43,0x54,0x49,0x4f,0x4e,0x20,0x4f,0x46,0x20,0x54,0x48,
  0x49,0x53,0x20,0x4c,0x49,0x42,0x52,0x41,0x52,0x59,0x20,0x53,0x4f,0x55,0x52,0x43,
  0x45,0x20,0x49,0x53,0x20,0x20,0x20,0x20,0x20,0x2a,0x0a,0x20,0x2a,0x20,0x47,0x4f,
  0x56,0x45,0x52,0x4e,0x45,0x44,0x20,0x42,0x59,0x20,0x41,0x20,0x42,0x53,0x44,0x2d,
  0x53,0x54,0x59,0x4c,0x45,0x20,0x53,0x4f,0x55,0x52,0x43,0x45,0x20,0x4c,0x49,0x43,
  0x45,0x4e,0x53,0x45,0x20,0x49,0x4e,0x43,0x4c,0x55,0x44,0x45,0x44,0x20,0x57,0x49,
  0x54,0x48,0x20,0x54,0x48,0x49,0x53,0x20,0x53,0x4f,0x55,0x52,0x43,0x45,0x20,0x2a,
  0x0a,0x20,0x2a,0x20,0x49,0x4e,0x20,0x27,0x43,0x4f,0x50,0x59,0x49,0x4e,0x47,0x27,
  0x2e,0x20,0x50,0x4c,0x45,0x41,0x53,0x45,0x20,0x52,0x45,0x41,0x44,0x20,0x54,0x48,
  0x45,0x53,0x45,0x20,0x54,0x45,0x52,0x4d,0x53,0x20,0x42,0x45,0x46,0x4f,0x52,0x45,
  0x20,0x44,0x49,0x53,0x54,0x52,0x49,0x42,0x55,0x54,0x49,0x4e,0x47,0x2e,0x20,0x20,
  0x20,0x20,0x20,0x20,0x20,0x2a,0x0a,0x20,0x2a,0x20,0x20,0x20,0x20,0x20,0x20,0x20,
  0x20,0x20,0x20,0x20,0x20,0x20,0x20,0x20,0x20,0x20,0x20,0x20,0x20,0x20,0x20,0x20,
  0x20,0x20,0x20,0x20,0x20,0x20,0x20,0x20,0x20,0x20,0x20,0x20,0x20,0x20,0x20,0x20,
  0x20,0x20,0x20,0x20,0x20,0x20,0x20,0x20,0x20,0x20,0x20,0x20,0x20,0x20,0x20,0x20,
  0x20,0x20,0x20,0x20,0x20,0x20,0x20,0x20,0x20,0x20,0x20,0x2a,0x0a,0x20,0x2a,0x20,
  0x54,0x48,0x45,0x20,0x4f,0x67,0x67,0x56,0x6f,0x72,0x62,0x69,0x73,0x20,0x53,0x4f,
  0x55,0x52,0x43,0x45,0x20,0x43,0x4f,0x44,0x45,0x20,0x49,0x53,0x20,0x28,0x43,0x29,
  0x20,0x43,0x4f,0x50,0x59,0x52,0x49,0x47,0x48,0x54,0x20,0x31,0x39,0x39,0x34,0x2d,
  0x32,0x30,0x30,0x37,0x20,0x20,0x20,0x20,0x20,0x20,0x20,0x20,0x20,0x20,0x20,0x20,
  0x20,0x2a,0x0a,0x20,0x2a,0x20,0x62,0x79,0x20,0x74,0x68,0x65,0x20,0x58,0x69,0x70,
  0x68,0x2e,0x4f,0x72,0x67,0x20,0x46,0x6f,0x75,0x6e,0x64,0x61,0x74,0x69,0x6f,0x6e,
  0x20,0x68,0x74,0x74,0x70,0x3a,0x2f,0x2f,0x77,0x77,0x77,0x2e,0x78,0x69,0x70,0x68,
  0x2e,0x6f,0x72,0x67,0x2f,0x20,0x20,0x20,0x20,0x20,0x20,0x20,0x20,0x20,0x20,0x20,
  0x20,0x20,0x20,0x20,0x20,0x20,0x20,0x2a,0x0a,0x20,0x2a,0x20,0x20,0x20,0x20,0x20,
  0x20,0x20,0x20,0x20,0x20,0x20,0x20,0x20,0x20,0x20,0x20,0x20,0x20,0x20,0x20,0x20,
  0x20,0x20,0x20,0x20,0x20,0x20,0x20,0x20,0x20,0x20,0x20,0x20,0x20,0x20,0x20,0x20,
  0x20,0x20,0x20,0x20,0x20,0x20,0x20,0x20,0x20,0x20,0x20,0x20,0x20,0x20,0x20,0x20,
  0x20,0x20,0x20,0x20,0x20,0x20,0x20,0x20,0x20,0x20,0x20,0x20,0x20,0x2a,0x0a,0x20,
  0x2a,0x2a,0x2a,0x2a,0x2a,0x2a,0x2a,0x2a,0x2a,0x2a,0x2a,0x2a,0x2a,0x2a,0x2a,0x2a,
  0x2a,0x2a,0x2a,0x2a,0x2a,0x2a,0x2a,0x2a,0x2a,0x2a,0x2a,0x2a,0x2a,0x2a,0x2a,0x2a,
  0x2a,0x2a,0x2a,0x2a,0x2a,0x2a,0x2a,0x2a,0x2a,0x2a,0x2a,0x2a,0x2a,0x2a,0x2a,0x2a,
  0x2a,0x2a,0x2a,0x2a,0x2a,0x2a,0x2a,0x2a,0x2a,0x2a,0x2a,0x2a,0x2a,0x2a,0x2a,0x2a,
  0x2a,0x2a,0x2a,0x2a,0x0a,0x0a,0x20,0x66,0x75,0x6e,0x63,0x74,0x69,0x6f,0x6e,0x3a,
  0x20,0x73,0x74,0x61,0x74,0x69,0x63,0x20,0x63,0x6f,0x64,0x65,0x62,0x6f,0x6f,0x6b,
  0x73,0x20,0x61,0x75,0x74,0x6f,0x67,0x65,0x6e,0x65,0x72,0x61,0x74,0x65,0x64,0x20,
  0x62,0x79,0x20,0x68,0x75,0x66,0x66,0x2f,0x68,0x75,0x66,0x66,0x62,0x75,0x6c,0x64,
  0x0a,0x20,0x6c,0x61,0x73,0x74,0x20,0x6d,0x6f,0x64,0x69,0x66,0x69,0x65,0x64,0x3a,
  0x20,0x24,0x49,0x64,0x3a,0x20,0x72,0x65,0x73,0x5f,0x62,0x6f,0x6f,0x6b,0x73,0x5f,
  0x75,0x6e,0x63,0x6f,0x75,0x70,0x6c,0x65,0x64,0x2e,0x68,0x20,0x31,0x33,0x32,0x39,
  0x33,0x20,0x32,0x30,0x30,0x37,0x2d,0x30,0x37,0x2d,0x32,0x34,0x20,0x30,0x30,0x3a,
  0x30,0x39,0x3a,0x34,0x37,0x5a,0x20,0x78,0x69,0x70,0x68,0x6d,0x6f,0x6e,0x74,0x20,
  0x24,0x0a,0x0a,0x20,0x2a,0x2a,0x2a,0x2a,0x2a,0x2a,0x2a,0x2a,0x2a,0x2a,0x2a,0x2a,
  0x2a,0x2a,0x2a,0x2a,0x2a,0x2a,0x2a,0x2a,0x2a,0x2a,0x2a,0x2a,0x2a,0x2a,0x2a,0x2a,
  0x2a,0x2a,0x2a,0x2a,0x2a,0x2a,0x2a,0x2a,0x2a,0x2a,0x2a,0x2a,0x2a,0x2a,0x2a,0x2a,
  0x2a,0x2a,0x2a,0x2a,0x2a,0x2a,0x2a,0x2a,0x2a,0x2a,0x2a,0x2a,0x2a,0x2a,0x2a,0x2a,
  0x2a,0x2a,0x2a,0x2a,0x2a,0x2a,0x2a,0x2a,0x2f,0x0a,0x0a,0x3d,0x3d,0x3d,0x3d,0x3d,
  0x3d,0x3d,0x3d,0x3d,0x3d,0x3d,0x3d,0x3d,0x3d,0x3d,0x3d,0x3d,0x3d,0x3d,0x3d,0x3d,
  0x3d,0x3d,0x3d,0x3d,0x3d,0x3d,0x3d,0x3d,0x3d,0x3d,0x3d,0x3d,0x3d,0x3d,0x3d,0x3d,
  0x3d,0x3d,0x3d,0x3d,0x3d,0x3d,0x3d,0x3d,0x3d,0x3d,0x3d,0x3d,0x3d,0x3d,0x3d,0x3d,
  0x3d,0x3d,0x3d,0x3d,0x3d,0x3d,0x3d,0x3d,0x3d,0x3d,0x3d,0x3d,0x3d,0x3d,0x3d,0x3d,
  0x3d,0x3d,0x3d,0x0a,0x4c,0x49,0x43,0x45,0x4e,0x53,0x45,0x53,0x2f,0x6c,0x69,0x62,
  0x76,0x6f,0x72,0x62,0x69,0x73,0x2d,0x31,0x2e,0x33,0x2e,0x37,0x2e,0x74,0x78,0x74,
  0x0a,0x3d,0x3d,0x3d,0x3d,0x3d,0x3d,0x3d,0x3d,0x3d,0x3d,0x3d,0x3d,0x3d,0x3d,0x3d,
  0x3d,0x3d,0x3d,0x3d,0x3d,0x3d,0x3d,0x3d,0x3d,0x3d,0x3d,0x3d,0x3d,0x3d,0x3d,0x3d,
  0x3d,0x3d,0x3d,0x3d,0x3d,0x3d,0x3d,0x3d,0x3d,0x3d,0x3d,0x3d,0x3d,0x3d,0x3d,0x3d,
  0x3d,0x3d,0x3d,0x3d,0x3d,0x3d,0x3d,0x3d,0x3d,0x3d,0x3d,0x3d,0x3d,0x3d,0x3d,0x3d,
  0x3d,0x3d,0x3d,0x3d,0x3d,0x3d,0x3d,0x3d,0x3d,0x0a,0x43,0x6f,0x70,0x79,0x72,0x69,
  0x67,0x68,0x74,0x20,0x28,0x63,0x29,0x20,0x32,0x30,0x30,0x32,0x2d,0x32,0x30,0x32,
  0x30,0x20,0x58,0x69,0x70,0x68,0x2e,0x6f,0x72,0x67,0x20,0x46,0x6f,0x75,0x6e,0x64,
  0x61,0x74,0x69,0x6f,0x6e,0x0a,0x0a,0x52,0x65,0x64,0x69,0x73,0x74,0x72,0x69,0x62,
  0x75,0x74,0x69,0x6f,0x6e,0x20,0x61,0x6e,0x64,0x20,0x75,0x73,0x65,0x20,0x69,0x6e,
  0x20,0x73,0x6f,0x75,0x72,0x63,0x65,0x20,0x61,0x6e,0x64,0x20,0x62,0x69,0x6e,0x61,
  0x72,0x79,0x20,0x66,0x6f,0x72,0x6d,0x73,0x2c,0x20,0x77,0x69,0x74,0x68,0x20,0x6f,
  0x72,0x20,0x77,0x69,0x74,0x68,0x6f,0x75,0x74,0x0a,0x6d,0x6f,0x64,0x69,0x66,0x69,
  0x63,0x61,0x74,0x69,0x6f,0x6e,0x2c,0x20,0x61,0x72,0x65,0x20,0x70,0x65,0x72,0x6d,
  0x69,0x74,0x74,0x65,0x64,0x20,0x70,0x72,0x6f,0x76,0x69,0x64,0x65,0x64,0x20,0x74,
  0x68,0x61,0x74,0x20,0x74,0x68,0x65,0x20,0x66,0x6f,0x6c,0x6c,0x6f,0x77,0x69,0x6e,
  0x67,0x20,0x63,0x6f,0x6e,0x64,0x69,0x74,0x69,0x6f,0x6e,0x73,0x0a,0x61,0x72,0x65,
  0x20,0x6d,0x65,0x74,0x3a,0x0a,0x0a,0x2d,0x20,0x52,0x65,0x64,0x69,0x73,0x74,0x72,
  0x69,0x62,0x75,0x74,0x69,0x6f,0x6e,0x73,0x20,0x6f,0x66,0x20,0x73,0x6f,0x75,0x72,
  0x63,0x65,0x20,0x63,0x6f,0x64,0x65,0x20,0x6d,0x75,0x73,0x74,0x20,0x72,0x65,0x74,
  0x61,0x69,0x6e,0x20,0x74,0x68,0x65,0x20,0x61,0x62,0x6f,0x76,0x65,0x20,0x63,0x6f,
  0x70,0x79,0x72,0x69,0x67,0x68,0x74,0x0a,0x6e,0x6f,0x74,0x69,0x63,0x65,0x2c,0x20,
  0x74,0x68,0x69,0x73,0x20,0x6c,0x69,0x73,0x74,0x20,0x6f,0x66,0x20,0x63,0x6f,0x6e,
  0x64,0x69,0x74,0x69,0x6f,0x6e,0x73,0x20,0x61,0x6e,0x64,0x20,0x74,0x68,0x65,0x20,
  0x66,0x6f,0x6c,0x6c,0x6f,0x77,0x69,0x6e,0x67,0x20,0x64,0x69,0x73,0x63,0x6c,0x61,
  0x69,0x6d,0x65,0x72,0x2e,0x0a,0x0a,0x2d,0x20,0x52,0x65,0x64,0x69,0x73,0x74,0x72,
  0x69,0x62,0x75,0x74,0x69,0x6f,0x6e,0x73,0x20,0x69,0x6e,0x20,0x62,0x69,0x6e,0x61,
  0x72,0x79,0x20,0x66,0x6f,0x72,0x6d,0x20,0x6d,0x75,0x73,0x74,0x20,0x72,0x65,0x70,
  0x72,0x6f,0x64,0x75,0x63,0x65,0x20,0x74,0x68,0x65,0x20,0x61,0x62,0x6f,0x76,0x65,
  0x20,0x63,0x6f,0x70,0x79,0x72,0x69,0x67,0x68,0x74,0x0a,0x6e,0x6f,0x74,0x69,0x63,
  0x65,0x2c,0x20,0x74,0x68,0x69,0x73,0x20,0x6c,0x69,0x73,0x74,0x20,0x6f,0x66,0x20,
  0x63,0x6f,0x6e,0x64,0x69,0x74,0x69,0x6f,0x6e,0x73,0x20,0x61,0x6e,0x64,0x20,0x74,
  0x68,0x65,0x20,0x66,0x6f,0x6c,0x6c,0x6f,0x77,0x69,0x6e,0x67,0x20,0x64,0x69,0x73,
  0x63,0x6c,0x61,0x69,0x6d,0x65,0x72,0x20,0x69,0x6e,0x20,0x74,0x68,0x65,0x0a,0x64,
  0x6f,0x63,0x75,0x6d,0x65,0x6e,0x74,0x61,0x74,0x69,0x6f,0x6e,0x20,0x61,0x6e,0x64,
  0x2f,0x6f,0x72,0x20,0x6f,0x74,0x68,0x65,0x72,0x20,0x6d,0x61,0x74,0x65,0x72,0x69,
  0x61,0x6c,0x73,0x20,0x70,0x72,0x6f,0x76,0x69,0x64,0x65,0x64,0x20,0x77,0x69,0x74,
  0x68,0x20,0x74,0x68,0x65,0x20,0x64,0x69,0x73,0x74,0x72,0x69,0x62,0x75,0x74,0x69,
  0x6f,0x6e,0x2e,0x0a,0x0a,0x2d,0x20,0x4e,0x65,0x69,0x74,0x68,0x65,0x72,0x20,0x74,
  0x68,0x65,0x20,0x6e,0x61,0x6d,0x65,0x20,0x6f,0x66,0x20,0x74,0x68,0x65,0x20,0x58,
  0x69,0x70,0x68,0x2e,0x6f,0x72,0x67,0x20,0x46,0x6f,0x75,0x6e,0x64,0x61,0x74,0x69,
  0x6f,0x6e,0x20,0x6e,0x6f,0x72,0x20,0x74,0x68,0x65,0x20,0x6e,0x61,0x6d,0x65,0x73,
  0x20,0x6f,0x66,0x20,0x69,0x74,0x73,0x0a,0x63,0x6f,0x6e,0x74,0x72,0x69,0x62,0x75,
  0x74,0x6f,0x72,0x73,0x20,0x6d,0x61,0x79,0x20,0x62,0x65,0x20,0x75,0x73,0x65,0x64,
  0x20,0x74,0x6f,0x20,0x65,0x6e,0x64,0x6f,0x72,0x73,0x65,0x20,0x6f,0x72,0x20,0x70,
  0x72,0x6f,0x6d,0x6f,0x74,0x65,0x20,0x70,0x72,0x6f,0x64,0x75,0x63,0x74,0x73,0x20,
  0x64,0x65,0x72,0x69,0x76,0x65,0x64,0x20,0x66,0x72,0x6f,0x6d,0x0a,0x74,0x68,0x69,
  0x73,0x20,0x73,0x6f,0x66,0x74,0x77,0x61,0x72,0x65,0x20,0x77,0x69,0x74,0x68,0x6f,
  0x75,0x74,0x20,0x73,0x70,0x65,0x63,0x69,0x66,0x69,0x63,0x20,0x70,0x72,0x69,0x6f,
  0x72,0x20,0x77,0x72,0x69,0x74,0x74,0x65,0x6e,0x20,0x70,0x65,0x72,0x6d,0x69,0x73,
  0x73,0x69,0x6f,0x6e,0x2e,0x0a,0x0a,0x54,0x48,0x49,0x53,0x20,0x53,0x4f,0x46,0x54,
  0x57,0x41,0x52,0x45,0x20,0x49,0x53,0x20,0x50,0x52,0x4f,0x56,0x49,0x44,0x45,0x44,
  0x20,0x42,0x59,0x20,0x54,0x48,0x45,0x20,0x43,0x4f,0x50,0x59,0x52,0x49,0x47,0x48,
  0x54,0x20,0x48,0x4f,0x4c,0x44,0x45,0x52,0x53,0x20,0x41,0x4e,0x44,0x20,0x43,0x4f,
  0x4e,0x54,0x52,0x49,0x42,0x55,0x54,0x4f,0x52,0x53,0x0a,0x60,0x60,0x41,0x53,0x20,
  0x49,0x53,0x27,0x27,0x20,0x41,0x4e,0x44,0x20,0x41,0x4e,0x59,0x20,0x45,0x58,0x50,
  0x52,0x45,0x53,0x53,0x20,0x4f,0x52,0x20,0x49,0x4d,0x50,0x4c,0x49,0x45,0x44,0x20,
  0x57,0x41,0x52,0x52,0x41,0x4e,0x54,0x49,0x45,0x53,0x2c,0x20,0x49,0x4e,0x43,0x4c,
  0x55,0x44,0x49,0x4e,0x47,0x2c,0x20,0x42,0x55,0x54,0x20,0x4e,0x4f,0x54,0x0a,0x4c,
  0x49,0x4d,0x49,0x54,0x45,0x44,0x20,0x54,0x4f,0x2c,0x20,0x54,0x48,0x45,0x20,0x49,
  0x4d,0x50,0x4c,0x49,0x45,0x44,0x20,0x57,0x41,0x52,0x52,0x41,0x4e,0x54,0x49,0x45,
  0x53,0x20,0x4f,0x46,0x20,0x4d,0x45,0x52,0x43,0x48,0x41,0x4e,0x54,0x41,0x42,0x49,
  0x4c,0x49,0x54,0x59,0x20,0x41,0x4e,0x44,0x20,0x46,0x49,0x54,0x4e,0x45,0x53,0x53,
  0x20,0x46,0x4f,0x52,0x0a,0x41,0x20,0x50,0x41,0x52,0x54,0x49,0x43,0x55,0x4c,0x41,
  0x52,0x20,0x50,0x55,0x52,0x50,0x4f,0x53,0x45,0x20,0x41,0x52,0x45,0x20,0x44,0x49,
  0x53,0x43,0x4c,0x41,0x49,0x4d,0x45,0x44,0x2e,0x20,0x20,0x49,0x4e,0x20,0x4e,0x4f,
  0x20,0x45,0x56,0x45,0x4e,0x54,0x20,0x53,0x48,0x41,0x4c,0x4c,0x20,0x54,0x48,0x45,
  0x20,0x46,0x4f,0x55,0x4e,0x44,0x41,0x54,0x49,0x4f,0x4e,0x0a,0x4f,0x52,0x20,0x43,
  0x4f,0x4e,0x54,0x52,0x49,0x42,0x55,0x54,0x4f,0x52,0x53,0x20,0x42,0x45,0x20,0x4c,
  0x49,0x41,0x42,0x4c,0x45,0x20,0x46,0x4f,0x52,0x20,0x41,0x4e,0x59,0x20,0x44,0x49,
  0x52,0x45,0x43,0x54,0x2c,0x20,0x49,0x4e,0x44,0x49,0x52,0x45,0x43,0x54,0x2c,0x20,
  0x49,0x4e,0x43,0x49,0x44,0x45,0x4e,0x54,0x41,0x4c,0x2c,0x0a,0x53,0x50,0x45,0x43,
  0x49,0x41,0x4c,0x2c,0x20,0x45,0x58,0x45,0x4d,0x50,0x4c,0x41,0x52,0x59,0x2c,0x20,
  0x4f,0x52,0x20,0x43,0x4f,0x4e,0x53,0x45,0x51,0x55,0x45,0x4e,0x54,0x49,0x41,0x4c,
  0x20,0x44,0x41,0x4d,0x41,0x47,0x45,0x53,0x20,0x28,0x49,0x4e,0x43,0x4c,0x55,0x44,
  0x49,0x4e,0x47,0x2c,0x20,0x42,0x55,0x54,0x20,0x4e,0x4f,0x54,0x0a,0x4c,0x49,0x4d,
  0x49,0x54,0x45,0x44,0x20,0x54,0x4f,0x2c,0x20,0x50,0x52,0x4f,0x43,0x55,0x52,0x45,
  0x4d,0x45,0x4e,0x54,0x20,0x4f,0x46,0x20,0x53,0x55,0x42,0x53,0x54,0x49,0x54,0x55,
  0x54,0x45,0x20,0x47,0x4f,0x4f,0x44,0x53,0x20,0x4f,0x52,0x20,0x53,0x45,0x52,0x56,
  0x49,0x43,0x45,0x53,0x3b,0x20,0x4c,0x4f,0x53,0x53,0x20,0x4f,0x46,0x20,0x55,0x53,
  0x45,0x2c,0x0a,0x44,0x41,0x54,0x41,0x2c,0x20,0x4f,0x52,0x20,0x50,0x52,0x4f,0x46,
  0x49,0x54,0x53,0x3b,0x20,0x4f,0x52,0x20,0x42,0x55,0x53,0x49,0x4e,0x45,0x53,0x53,
  0x20,0x49,0x4e,0x54,0x45,0x52,0x52,0x55,0x50,0x54,0x49,0x4f,0x4e,0x29,0x20,0x48,
  0x4f,0x57,0x45,0x56,0x45,0x52,0x20,0x43,0x41,0x55,0x53,0x45,0x44,0x20,0x41,0x4e,
  0x44,0x20,0x4f,0x4e,0x20,0x41,0x4e,0x59,0x0a,0x54,0x48,0x45,0x4f,0x52,0x59,0x20,
  0x4f,0x46,0x20,0x4c,0x49,0x41,0x42,0x49,0x4c,0x49,0x54,0x59,0x2c,0x20,0x57,0x48,
  0x45,0x54,0x48,0x45,0x52,0x20,0x49,0x4e,0x20,0x43,0x4f,0x4e,0x54,0x52,0x41,0x43,
  0x54,0x2c,0x20,0x53,0x54,0x52,0x49,0x43,0x54,0x20,0x4c,0x49,0x41,0x42,0x49,0x4c,
  0x49,0x54,0x59,0x2c,0x20,0x4f,0x52,0x20,0x54,0x4f,0x52,0x54,0x0a,0x28,0x49,0x4e,
  0x43,0x4c,0x55,0x44,0x49,0x4e,0x47,0x20,0x4e,0x45,0x47,0x4c,0x49,0x47,0x45,0x4e,
  0x43,0x45,0x20,0x4f,0x52,0x20,0x4f,0x54,0x48,0x45,0x52,0x57,0x49,0x53,0x45,0x29,
  0x20,0x41,0x52,0x49,0x53,0x49,0x4e,0x47,0x20,0x49,0x4e,0x20,0x41,0x4e,0x59,0x20,
  0x57,0x41,0x59,0x20,0x4f,0x55,0x54,0x20,0x4f,0x46,0x20,0x54,0x48,0x45,0x20,0x55,
  0x53,0x45,0x0a,0x4f,0x46,0x20,0x54,0x48,0x49,0x53,0x20,0x53,0x4f,0x46,0x54,0x57,
  0x41,0x52,0x45,0x2c,0x20,0x45,0x56,0x45,0x4e,0x20,0x49,0x46,0x20,0x41,0x44,0x56,
  0x49,0x53,0x45,0x44,0x20,0x4f,0x46,0x20,0x54,0x48,0x45,0x20,0x50,0x4f,0x53,0x53,
  0x49,0x42,0x49,0x4c,0x49,0x54,0x59,0x20,0x4f,0x46,0x20,0x53,0x55,0x43,0x48,0x20,
  0x44,0x41,0x4d,0x41,0x47,0x45,0x2e,0x0a,0x0a,0x53,0x6f,0x75,0x72,0x63,0x65,0x20,
  0x63,0x6f,0x64,0x65,0x62,0x6f,0x6f,0x6b,0x20,0x6e,0x6f,0x74,0x69,0x63,0x65,0x73,
  0x3a,0x0a,0x0a,0x2f,0x2a,0x2a,0x2a,0x2a,0x2a,0x2a,0x2a,0x2a,0x2a,0x2a,0x2a,0x2a,
  0x2a,0x2a,0x2a,0x2a,0x2a,0x2a,0x2a,0x2a,0x2a,0x2a,0x2a,0x2a,0x2a,0x2a,0x2a,0x2a,
  0x2a,0x2a,0x2a,0x2a,0x2a,0x2a,0x2a,0x2a,0x2a,0x2a,0x2a,0x2a,0x2a,0x2a,0x2a,0x2a,
  0x2a,0x2a,0x2a,0x2a,0x2a,0x2a,0x2a,0x2a,0x2a,0x2a,0x2a,0x2a,0x2a,0x2a,0x2a,0x2a,
  0x2a,0x2a,0x2a,0x2a,0x2a,0x2a,0x2a,0x2a,0x0a,0x20,0x2a,0x20,0x20,0x20,0x20,0x20,
  0x20,0x20,0x20,0x20,0x20,0x20,0x20,0x20,0x20,0x20,0x20,0x20,0x20,0x20,0x20,0x20,
  0x20,0x20,0x20,0x20,0x20,0x20,0x20,0x20,0x20,0x20,0x20,0x20,0x20,0x20,0x20,0x20,
  0x20,0x20,0x20,0x20,0x20,0x20,0x20,0x20,0x20,0x20,0x20,0x20,0x20,0x20,0x20,0x20,
  0x20,0x20,0x20,0x20,0x20,0x20,0x20,0x20,0x20,0x20,0x20,0x20,0x20,0x2a,0x0a,0x20,
  0x2a,0x20,0x54,0x48,0x49,0x53,0x20,0x46,0x49,0x4c,0x45,0x20,0x49,0x53,0x20,0x50,
  0x41,0x52,0x54,0x20,0x4f,0x46,0x20,0x54,0x48,0x45,0x20,0x4f,0x67,0x67,0x56,0x6f,
  0x72,0x62,0x69,0x73,0x20,0x53,0x4f,0x46,0x54,0x57,0x41,0x52,0x45,0x20,0x43,0x4f,
  0x44,0x45,0x43,0x20,0x53,0x4f,0x55,0x52,0x43,0x45,0x20,0x43,0x4f,0x44,0x45,0x2e,
  0x20,0x20,0x20,0x2a,0x0a,0x20,0x2a,0x20,0x55,0x53,0x45,0x2c,0x20,0x44,0x49,0x53,
  0x54,0x52,0x49,0x42,0x55,0x54,0x49,0x4f,0x4e,0x20,0x41,0x4e,0x44,0x20,0x52,0x45,
  0x50,0x52,0x4f,0x44,0x55,0x43,0x54,0x49,0x4f,0x4e,0x20,0x4f,0x46,0x20,0x54,0x48,
  0x49,0x53,0x20,0x4c,0x49,0x42,0x52,0x41,0x52,0x59,0x20,0x53,0x4f,0x55,0x52,0x43,
  0x45,0x20,0x49,0x53,0x20,0x20,0x20,0x20,0x20,0x2a,0x0a,0x20,0x2a,0x20,0x47,0x4f,
  0x56,0x45,0x52,0x4e,0x45,0x44,0x20,0x42,0x59,0x20,0x41,0x20,0x42,0x53,0x44,0x2d,
  0x53,0x54,0x59,0x4c,0x45,0x20,0x53,0x4f,0x55,0x52,0x43,0x45,0x20,0x4c,0x49,0x43,
  0x45,0x4e,0x53,0x45,0x20,0x49,0x4e,0x43,0x4c,0x55,0x44,0x45,0x44,0x20,0x57,0x49,
  0x54,0x48,0x20,0x54,0x48,0x49,0x53,0x20,0x53,0x4f,0x55,0x52,0x43,0x45,0x20,0x2a,
  0x0a,0x20,0x2a,0x20,0x49,0x4e,0x20,0x27,0x43,0x4f,0x50,0x59,0x49,0x4e,0x47,0x27,
  0x2e,0x20,0x50,0x4c,0x45,0x41,0x53,0x45,0x20,0x52,0x45,0x41,0x44,0x20,0x54,0x48,
  0x45,0x53,0x45,0x20,0x54,0x45,0x52,0x4d,0x53,0x20,0x42,0x45,0x46,0x4f,0x52,0x45,
  0x20,0x44,0x49,0x53,0x54,0x52,0x49,0x42,0x55,0x54,0x49,0x4e,0x47,0x2e,0x20,0x20,
  0x20,0x20,0x20,0x20,0x20,0x2a,0x0a,0x20,0x2a,0x20,0x20,0x20,0x20,0x20,0x20,0x20,
  0x20,0x20,0x20,0x20,0x20,0x20,0x20,0x20,0x20,0x20,0x20,0x20,0x20,0x20,0x20,0x20,
  0x20,0x20,0x20,0x20,0x20,0x20,0x20,0x20,0x20,0x20,0x20,0x20,0x20,0x20,0x20,0x20,
  0x20,0x20,0x20,0x20,0x20,0x20,0x20,0x20,0x20,0x20,0x20,0x20,0x20,0x20,0x20,0x20,
  0x20,0x20,0x20,0x20,0x20,0x20,0x20,0x20,0x20,0x20,0x20,0x2a,0x0a,0x20,0x2a,0x20,
  0x54,0x48,0x45,0x20,0x4f,0x67,0x67,0x56,0x6f,0x72,0x62,0x69,0x73,0x20,0x53,0x4f,
  0x55,0x52,0x43,0x45,0x20,0x43,0x4f,0x44,0x45,0x20,0x49,0x53,0x20,0x28,0x43,0x29,
  0x20,0x43,0x4f,0x50,0x59,0x52,0x49,0x47,0x48,0x54,0x20,0x31,0x39,0x39,0x34,0x2d,
  0x32,0x30,0x31,0x30,0x20,0x20,0x20,0x20,0x20,0x20,0x20,0x20,0x20,0x20,0x20,0x20,
  0x20,0x2a,0x0a,0x20,0x2a,0x20,0x62,0x79,0x20,0x74,0x68,0x65,0x20,0x58,0x69,0x70,
  0x68,0x2e,0x4f,0x72,0x67,0x20,0x46,0x6f,0x75,0x6e,0x64,0x61,0x74,0x69,0x6f,0x6e,
  0x20,0x68,0x74,0x74,0x70,0x73,0x3a,0x2f,0x2f,0x78,0x69,0x70,0x68,0x2e,0x6f,0x72,
  0x67,0x2f,0x20,0x20,0x20,0x20,0x20,0x20,0x20,0x20,0x20,0x20,0x20,0x20,0x20,0x20,
  0x20,0x20,0x20,0x20,0x20,0x20,0x20,0x2a,0x0a,0x20,0x2a,0x20,0x20,0x20,0x20,0x20,
  0x20,0x20,0x20,0x20,0x20,0x20,0x20,0x20,0x20,0x20,0x20,0x20,0x20,0x20,0x20,0x20,
  0x20,0x20,0x20,0x20,0x20,0x20,0x20,0x20,0x20,0x20,0x20,0x20,0x20,0x20,0x20,0x20,
  0x20,0x20,0x20,0x20,0x20,0x20,0x20,0x20,0x20,0x20,0x20,0x20,0x20,0x20,0x20,0x20,
  0x20,0x20,0x20,0x20,0x20,0x20,0x20,0x20,0x20,0x20,0x20,0x20,0x20,0x2a,0x0a,0x20,
  0x2a,0x2a,0x2a,0x2a,0x2a,0x2a,0x2a,0x2a,0x2a,0x2a,0x2a,0x2a,0x2a,0x2a,0x2a,0x2a,
  0x2a,0x2a,0x2a,0x2a,0x2a,0x2a,0x2a,0x2a,0x2a,0x2a,0x2a,0x2a,0x2a,0x2a,0x2a,0x2a,
  0x2a,0x2a,0x2a,0x2a,0x2a,0x2a,0x2a,0x2a,0x2a,0x2a,0x2a,0x2a,0x2a,0x2a,0x2a,0x2a,
  0x2a,0x2a,0x2a,0x2a,0x2a,0x2a,0x2a,0x2a,0x2a,0x2a,0x2a,0x2a,0x2a,0x2a,0x2a,0x2a,
  0x2a,0x2a,0x2a,0x2a,0x0a,0x20,0x2a,0x0a,0x20,0x2a,0x20,0x66,0x75,0x6e,0x63,0x74,
  0x69,0x6f,0x6e,0x3a,0x20,0x73,0x74,0x61,0x74,0x69,0x63,0x20,0x63,0x6f,0x64,0x65,
  0x62,0x6f,0x6f,0x6b,0x73,0x20,0x66,0x6f,0x72,0x20,0x35,0x2e,0x31,0x20,0x73,0x75,
  0x72,0x72,0x6f,0x75,0x6e,0x64,0x0a,0x20,0x2a,0x0a,0x20,0x2a,0x2a,0x2a,0x2a,0x2a,
  0x2a,0x2a,0x2a,0x2a,0x2a,0x2a,0x2a,0x2a,0x2a,0x2a,0x2a,0x2a,0x2a,0x2a,0x2a,0x2a,
  0x2a,0x2a,0x2a,0x2a,0x2a,0x2a,0x2a,0x2a,0x2a,0x2a,0x2a,0x2a,0x2a,0x2a,0x2a,0x2a,
  0x2a,0x2a,0x2a,0x2a,0x2a,0x2a,0x2a,0x2a,0x2a,0x2a,0x2a,0x2a,0x2a,0x2a,0x2a,0x2a,
  0x2a,0x2a,0x2a,0x2a,0x2a,0x2a,0x2a,0x2a,0x2a,0x2a,0x2a,0x2a,0x2a,0x2a,0x2a,0x2f,
  0x0a,0x0a,0x2f,0x2a,0x2a,0x2a,0x2a,0x2a,0x2a,0x2a,0x2a,0x2a,0x2a,0x2a,0x2a,0x2a,
  0x2a,0x2a,0x2a,0x2a,0x2a,0x2a,0x2a,0x2a,0x2a,0x2a,0x2a,0x2a,0x2a,0x2a,0x2a,0x2a,
  0x2a,0x2a,0x2a,0x2a,0x2a,0x2a,0x2a,0x2a,0x2a,0x2a,0x2a,0x2a,0x2a,0x2a,0x2a,0x2a,
  0x2a,0x2a,0x2a,0x2a,0x2a,0x2a,0x2a,0x2a,0x2a,0x2a,0x2a,0x2a,0x2a,0x2a,0x2a,0x2a,
  0x2a,0x2a,0x2a,0x2a,0x2a,0x2a,0x2a,0x0a,0x20,0x2a,0x20,0x20,0x20,0x20,0x20,0x20,
  0x20,0x20,0x20,0x20,0x20,0x20,0x20,0x20,0x20,0x20,0x20,0x20,0x20,0x20,0x20,0x20,
  0x20,0x20,0x20,0x20,0x20,0x20,0x20,0x20,0x20,0x20,0x20,0x20,0x20,0x20,0x20,0x20,
  0x20,0x20,0x20,0x20,0x20,0x20,0x20,0x20,0x20,0x20,0x20,0x20,0x20,0x20,0x20,0x20,
  0x20,0x20,0x20,0x20,0x20,0x20,0x20,0x20,0x20,0x20,0x20,0x20,0x2a,0x0a,0x20,0x2a,
  0x20,0x54,0x48,0x49,0x53,0x20,0x46,0x49,0x4c,0x45,0x20,0x49,0x53,0x20,0x50,0x41,
  0x52,0x54,0x20,0x4f,0x46,0x20,0x54,0x48,0x45,0x20,0x4f,0x67,0x67,0x56,0x6f,0x72,
  0x62,0x69,0x73,0x20,0x53,0x4f,0x46,0x54,0x57,0x41,0x52,0x45,0x20,0x43,0x4f,0x44,
  0x45,0x43,0x20,0x53,0x4f,0x55,0x52,0x43,0x45,0x20,0x43,0x4f,0x44,0x45,0x2e,0x20,
  0x20,0x20,0x2a,0x0a,0x20,0x2a,0x20,0x55,0x53,0x45,0x2c,0x20,0x44,0x49,0x53,0x54,
  0x52,0x49,0x42,0x55,0x54,0x49,0x4f,0x4e,0x20,0x41,0x4e,0x44,0x20,0x52,0x45,0x50,
  0x52,0x4f,0x44,0x55,0x43,0x54,0x49,0x4f,0x4e,0x20,0x4f,0x46,0x20,0x54,0x48,0x49,
  0x53,0x20,0x4c,0x49,0x42,0x52,0x41,0x52,0x59,0x20,0x53,0x4f,0x55,0x52,0x43,0x45,
  0x20,0x49,0x53,0x20,0x20,0x20,0x20,0x20,0x2a,0x0a,0x20,0x2a,0x20,0x47,0x4f,0x56,
  0x45,0x52,0x4e,0x45,0x44,0x20,0x42,0x59,0x20,0x41,0x20,0x42,0x53,0x44,0x2d,0x53,
  0x54,0x59,0x4c,0x45,0x20,0x53,0x4f,0x55,0x52,0x43,0x45,0x20,0x4c,0x49,0x43,0x45,
  0x4e,0x53,0x45,0x20,0x49,0x4e,0x43,0x4c,0x55,0x44,0x45,0x44,0x20,0x57,0x49,0x54,
  0x48,0x20,0x54,0x48,0x49,0x53,0x20,0x53,0x4f,0x55,0x52,0x43,0x45,0x20,0x2a,0x0a,
  0x20,0x2a,0x20,0x49,0x4e,0x20,0x27,0x43,0x4f,0x50,0x59,0x49,0x4e,0x47,0x27,0x2e,
  0x20,0x50,0x4c,0x45,0x41,0x53,0x45,0x20,0x52,0x45,0x41,0x44,0x20,0x54,0x48,0x45,
  0x53,0x45,0x20,0x54,0x45,0x52,0x4d,0x53,0x20,0x42,0x45,0x46,0x4f,0x52,0x45,0x20,
  0x44,0x49,0x53,0x54,0x52,0x49,0x42,0x55,0x54,0x49,0x4e,0x47,0x2e,0x20,0x20,0x20,
  0x20,0x20,0x20,0x20,0x2a,0x0a,0x20,0x2a,0x20,0x20,0x20,0x20,0x20,0x20,0x20,0x20,
  0x20,0x20,0x20,0x20,0x20,0x20,0x20,0x20,0x20,0x20,0x20,0x20,0x20,0x20,0x20,0x20,
  0x20,0x20,0x20,0x20,0x20,0x20,0x20,0x20,0x20,0x20,0x20,0x20,0x20,0x20,0x20,0x20,
  0x20,0x20,0x20,0x20,0x20,0x20,0x20,0x20,0x20,0x20,0x20,0x20,0x20,0x20,0x20,0x20,
  0x20,0x20,0x20,0x20,0x20,0x20,0x20,0x20,0x20,0x20,0x2a,0x0a,0x20,0x2a,0x20,0x54,
  0x48,0x45,0x20,0x4f,0x67,0x67,0x56,0x6f,0x72,0x62,0x69,0x73,0x20,0x53,0x4f,0x55,
  0x52,0x43,0x45,0x20,0x43,0x4f,0x44,0x45,0x20,0x49,0x53,0x20,0x28,0x43,0x29,0x20,
  0x43,0x4f,0x50,0x59,0x52,0x49,0x47,0x48,0x54,0x20,0x31,0x39,0x39,0x34,0x2d,0x32,
  0x30,0x30,0x37,0x20,0x20,0x20,0x20,0x20,0x20,0x20,0x20,0x20,0x20,0x20,0x20,0x20,
  0x2a,0x0a,0x20,0x2a,0x20,0x62,0x79,0x20,0x74,0x68,0x65,0x20,0x58,0x69,0x70,0x68,
  0x2e,0x4f,0x72,0x67,0x20,0x46,0x6f,0x75,0x6e,0x64,0x61,0x74,0x69,0x6f,0x6e,0x20,
  0x68,0x74,0x74,0x70,0x73,0x3a,0x2f,0x2f,0x78,0x69,0x70,0x68,0x2e,0x6f,0x72,0x67,
  0x2f,0x20,0x20,0x20,0x20,0x20,0x20,0x20,0x20,0x20,0x20,0x20,0x20,0x20,0x20,0x20,
  0x20,0x20,0x20,0x20,0x20,0x20,0x2a,0x0a,0x20,0x2a,0x20,0x20,0x20,0x20,0x20,0x20,
  0x20,0x20,0x20,0x20,0x20,0x20,0x20,0x20,0x20,0x20,0x20,0x20,0x20,0x20,0x20,0x20,
  0x20,0x20,0x20,0x20,0x20,0x20,0x20,0x20,0x20,0x20,0x20,0x20,0x20,0x20,0x20,0x20,
  0x20,0x20,0x20,0x20,0x20,0x20,0x20,0x20,0x20,0x20,0x20,0x20,0x20,0x20,0x20,0x20,
  0x20,0x20,0x20,0x20,0x20,0x20,0x20,0x20,0x20,0x20,0x20,0x20,0x2a,0x0a,0x20,0x2a,
  0x2a,0x2a,0x2a,0x2a,0x2a,0x2a,0x2a,0x2a,0x2a,0x2a,0x2a,0x2a,0x2a,0x2a,0x2a,0x2a,
  0x2a,0x2a,0x2a,0x2a,0x2a,0x2a,0x2a,0x2a,0x2a,0x2a,0x2a,0x2a,0x2a,0x2a,0x2a,0x2a,
  0x2a,0x2a,0x2a,0x2a,0x2a,0x2a,0x2a,0x2a,0x2a,0x2a,0x2a,0x2a,0x2a,0x2a,0x2a,0x2a,
  0x2a,0x2a,0x2a,0x2a,0x2a,0x2a,0x2a,0x2a,0x2a,0x2a,0x2a,0x2a,0x2a,0x2a,0x2a,0x2a,
  0x2a,0x2a,0x2a,0x0a,0x0a,0x20,0x66,0x75,0x6e,0x63,0x74,0x69,0x6f,0x6e,0x3a,0x20,
  0x73,0x74,0x61,0x74,0x69,0x63,0x20,0x63,0x6f,0x64,0x65,0x62,0x6f,0x6f,0x6b,0x73,
  0x20,0x61,0x75,0x74,0x6f,0x67,0x65,0x6e,0x65,0x72,0x61,0x74,0x65,0x64,0x20,0x62,
  0x79,0x20,0x68,0x75,0x66,0x66,0x2f,0x68,0x75,0x66,0x66,0x62,0x75,0x6c,0x64,0x0a,
  0x0a,0x20,0x2a,0x2a,0x2a,0x2a,0x2a,0x2a,0x2a,0x2a,0x2a,0x2a,0x2a,0x2a,0x2a,0x2a,
  0x2a,0x2a,0x2a,0x2a,0x2a,0x2a,0x2a,0x2a,0x2a,0x2a,0x2a,0x2a,0x2a,0x2a,0x2a,0x2a,
  0x2a,0x2a,0x2a,0x2a,0x2a,0x2a,0x2a,0x2a,0x2a,0x2a,0x2a,0x2a,0x2a,0x2a,0x2a,0x2a,
  0x2a,0x2a,0x2a,0x2a,0x2a,0x2a,0x2a,0x2a,0x2a,0x2a,0x2a,0x2a,0x2a,0x2a,0x2a,0x2a,
  0x2a,0x2a,0x2a,0x2a,0x2a,0x2a,0x2f,0x0a,0x0a,0x3d,0x3d,0x3d,0x3d,0x3d,0x3d,0x3d,
  0x3d,0x3d,0x3d,0x3d,0x3d,0x3d,0x3d,0x3d,0x3d,0x3d,0x3d,0x3d,0x3d,0x3d,0x3d,0x3d,
  0x3d,0x3d,0x3d,0x3d,0x3d,0x3d,0x3d,0x3d,0x3d,0x3d,0x3d,0x3d,0x3d,0x3d,0x3d,0x3d,
  0x3d,0x3d,0x3d,0x3d,0x3d,0x3d,0x3d,0x3d,0x3d,0x3d,0x3d,0x3d,0x3d,0x3d,0x3d,0x3d,
  0x3d,0x3d,0x3d,0x3d,0x3d,0x3d,0x3d,0x3d,0x3d,0x3d,0x3d,0x3d,0x3d,0x3d,0x3d,0x3d,
  0x3d,0x0a,0x4c,0x49,0x43,0x45,0x4e,0x53,0x45,0x53,0x2f,0x6d,0x69,0x6e,0x69,0x6d,
  0x70,0x33,0x2e,0x74,0x78,0x74,0x0a,0x3d,0x3d,0x3d,0x3d,0x3d,0x3d,0x3d,0x3d,0x3d,
  0x3d,0x3d,0x3d,0x3d,0x3d,0x3d,0x3d,0x3d,0x3d,0x3d,0x3d,0x3d,0x3d,0x3d,0x3d,0x3d,
  0x3d,0x3d,0x3d,0x3d,0x3d,0x3d,0x3d,0x3d,0x3d,0x3d,0x3d,0x3d,0x3d,0x3d,0x3d,0x3d,
  0x3d,0x3d,0x3d,0x3d,0x3d,0x3d,0x3d,0x3d,0x3d,0x3d,0x3d,0x3d,0x3d,0x3d,0x3d,0x3d,
  0x3d,0x3d,0x3d,0x3d,0x3d,0x3d,0x3d,0x3d,0x3d,0x3d,0x3d,0x3d,0x3d,0x3d,0x3d,0x0a,
  0x43,0x43,0x30,0x20,0x31,0x2e,0x30,0x20,0x55,0x6e,0x69,0x76,0x65,0x72,0x73,0x61,
  0x6c,0x0a,0x0a,0x53,0x74,0x61,0x74,0x65,0x6d,0x65,0x6e,0x74,0x20,0x6f,0x66,0x20,
  0x50,0x75,0x72,0x70,0x6f,0x73,0x65,0x0a,0x0a,0x54,0x68,0x65,0x20,0x6c,0x61,0x77,
  0x73,0x20,0x6f,0x66,0x20,0x6d,0x6f,0x73,0x74,0x20,0x6a,0x75,0x72,0x69,0x73,0x64,
  0x69,0x63,0x74,0x69,0x6f,0x6e,0x73,0x20,0x74,0x68,0x72,0x6f,0x75,0x67,0x68,0x6f,
  0x75,0x74,0x20,0x74,0x68,0x65,0x20,0x77,0x6f,0x72,0x6c,0x64,0x20,0x61,0x75,0x74,
  0x6f,0x6d,0x61,0x74,0x69,0x63,0x61,0x6c,0x6c,0x79,0x20,0x63,0x6f,0x6e,0x66,0x65,
  0x72,0x0a,0x65,0x78,0x63,0x6c,0x75,0x73,0x69,0x76,0x65,0x20,0x43,0x6f,0x70,0x79,
  0x72,0x69,0x67,0x68,0x74,0x20,0x61,0x6e,0x64,0x20,0x52,0x65,0x6c,0x61,0x74,0x65,
  0x64,0x20,0x52,0x69,0x67,0x68,0x74,0x73,0x20,0x28,0x64,0x65,0x66,0x69,0x6e,0x65,
  0x64,0x20,0x62,0x65,0x6c,0x6f,0x77,0x29,0x20,0x75,0x70,0x6f,0x6e,0x20,0x74,0x68,
  0x65,0x20,0x63,0x72,0x65,0x61,0x74,0x6f,0x72,0x20,0x61,0x6e,0x64,0x0a,0x73,0x75,
  0x62,0x73,0x65,0x71,0x75,0x65,0x6e,0x74,0x20,0x6f,0x77,0x6e,0x65,0x72,0x28,0x73,
  0x29,0x20,0x28,0x65,0x61,0x63,0x68,0x20,0x61,0x6e,0x64,0x20,0x61,0x6c,0x6c,0x2c,
  0x20,0x61,0x6e,0x20,0x22,0x6f,0x77,0x6e,0x65,0x72,0x22,0x29,0x20,0x6f,0x66,0x20,
  0x61,0x6e,0x20,0x6f,0x72,0x69,0x67,0x69,0x6e,0x61,0x6c,0x20,0x77,0x6f,0x72,0x6b,
  0x20,0x6f,0x66,0x0a,0x61,0x75,0x74,0x68,0x6f,0x72,0x73,0x68,0x69,0x70,0x20,0x61,
  0x6e,0x64,0x2f,0x6f,0x72,0x20,0x61,0x20,0x64,0x61,0x74,0x61,0x62,0x61,0x73,0x65,
  0x20,0x28,0x65,0x61,0x63,0x68,0x2c,0x20,0x61,0x20,0x22,0x57,0x6f,0x72,0x6b,0x22,
  0x29,0x2e,0x0a,0x0a,0x43,0x65,0x72,0x74,0x61,0x69,0x6e,0x20,0x6f,0x77,0x6e,0x65,
  0x72,0x73,0x20,0x77,0x69,0x73,0x68,0x20,0x74,0x6f,0x20,0x70,0x65,0x72,0x6d,0x61,
  0x6e,0x65,0x6e,0x74,0x6c,0x79,0x20,0x72,0x65,0x6c,0x69,0x6e,0x71,0x75,0x69,0x73,
  0x68,0x20,0x74,0x68,0x6f,0x73,0x65,0x20,0x72,0x69,0x67,0x68,0x74,0x73,0x20,0x74,
  0x6f,0x20,0x61,0x20,0x57,0x6f,0x72,0x6b,0x20,0x66,0x6f,0x72,0x20,0x74,0x68,0x65,
  0x0a,0x70,0x75,0x72,0x70,0x6f,0x73,0x65,0x20,0x6f,0x66,0x20,0x63,0x6f,0x6e,0x74,
  0x72,0x69,0x62,0x75,0x74,0x69,0x6e,0x67,0x20,0x74,0x6f,0x20,0x61,0x20,0x63,0x6f,
  0x6d,0x6d,0x6f,0x6e,0x73,0x20,0x6f,0x66,0x20,0x63,0x72,0x65,0x61,0x74,0x69,0x76,
  0x65,0x2c,0x20,0x63,0x75,0x6c,0x74,0x75,0x72,0x61,0x6c,0x20,0x61,0x6e,0x64,0x20,
  0x73,0x63,0x69,0x65,0x6e,0x74,0x69,0x66,0x69,0x63,0x0a,0x77,0x6f,0x72,0x6b,0x73,
  0x20,0x28,0x22,0x43,0x6f,0x6d,0x6d,0x6f,0x6e,0x73,0x22,0x29,0x20,0x74,0x68,0x61,
  0x74,0x20,0x74,0x68,0x65,0x20,0x70,0x75,0x62,0x6c,0x69,0x63,0x20,0x63,0x61,0x6e,
  0x20,0x72,0x65,0x6c,0x69,0x61,0x62,0x6c,0x79,0x20,0x61,0x6e,0x64,0x20,0x77,0x69,
  0x74,0x68,0x6f,0x75,0x74,0x20,0x66,0x65,0x61,0x72,0x20,0x6f,0x66,0x20,0x6c,0x61,
  0x74,0x65,0x72,0x0a,0x63,0x6c,0x61,0x69,0x6d,0x73,0x20,0x6f,0x66,0x20,0x69,0x6e,
  0x66,0x72,0x69,0x6e,0x67,0x65,0x6d,0x65,0x6e,0x74,0x20,0x62,0x75,0x69,0x6c,0x64,
  0x20,0x75,0x70,0x6f,0x6e,0x2c,0x20,0x6d,0x6f,0x64,0x69,0x66,0x79,0x2c,0x20,0x69,
  0x6e,0x63,0x6f,0x72,0x70,0x6f,0x72,0x61,0x74,0x65,0x20,0x69,0x6e,0x20,0x6f,0x74,
  0x68,0x65,0x72,0x20,0x77,0x6f,0x72,0x6b,0x73,0x2c,0x20,0x72,0x65,0x75,0x73,0x65,
  0x0a,0x61,0x6e,0x64,0x20,0x72,0x65,0x64,0x69,0x73,0x74,0x72,0x69,0x62,0x75,0x74,
  0x65,0x20,0x61,0x73,0x20,0x66,0x72,0x65,0x65,0x6c,0x79,0x20,0x61,0x73,0x20,0x70,
  0x6f,0x73,0x73,0x69,0x62,0x6c,0x65,0x20,0x69,0x6e,0x20,0x61,0x6e,0x79,0x20,0x66,
  0x6f,0x72,0x6d,0x20,0x77,0x68,0x61,0x74,0x73,0x6f,0x65,0x76,0x65,0x72,0x20,0x61,
  0x6e,0x64,0x20,0x66,0x6f,0x72,0x20,0x61,0x6e,0x79,0x0a,0x70,0x75,0x72,0x70,0x6f,
  0x73,0x65,0x73,0x2c,0x20,0x69,0x6e,0x63,0x6c,0x75,0x64,0x69,0x6e,0x67,0x20,0x77,
  0x69,0x74,0x68,0x6f,0x75,0x74,0x20,0x6c,0x69,0x6d,0x69,0x74,0x61,0x74,0x69,0x6f,
  0x6e,0x20,0x63,0x6f,0x6d,0x6d,0x65,0x72,0x63,0x69,0x61,0x6c,0x20,0x70,0x75,0x72,
  0x70,0x6f,0x73,0x65,0x73,0x2e,0x20,0x54,0x68,0x65,0x73,0x65,0x20,0x6f,0x77,0x6e,
  0x65,0x72,0x73,0x20,0x6d,0x61,0x79,0x0a,0x63,0x6f,0x6e,0x74,0x72,0x69,0x62,0x75,
  0x74,0x65,0x20,0x74,0x6f,0x20,0x74,0x68,0x65,0x20,0x43,0x6f,0x6d,0x6d,0x6f,0x6e,
  0x73,0x20,0x74,0x6f,0x20,0x70,0x72,0x6f,0x6d,0x6f,0x74,0x65,0x20,0x74,0x68,0x65,
  0x20,0x69,0x64,0x65,0x61,0x6c,0x20,0x6f,0x66,0x20,0x61,0x20,0x66,0x72,0x65,0x65,
  0x20,0x63,0x75,0x6c,0x74,0x75,0x72,0x65,0x20,0x61,0x6e,0x64,0x20,0x74,0x68,0x65,
  0x0a,0x66,0x75,0x72,0x74,0x68,0x65,0x72,0x20,0x70,0x72,0x6f,0x64,0x75,0x63,0x74,
  0x69,0x6f,0x6e,0x20,0x6f,0x66,0x20,0x63,0x72,0x65,0x61,0x74,0x69,0x76,0x65,0x2c,
  0x20,0x63,0x75,0x6c,0x74,0x75,0x72,0x61,0x6c,0x20,0x61,0x6e,0x64,0x20,0x73,0x63,
  0x69,0x65,0x6e,0x74,0x69,0x66,0x69,0x63,0x20,0x77,0x6f,0x72,0x6b,0x73,0x2c,0x20,
  0x6f,0x72,0x20,0x74,0x6f,0x20,0x67,0x61,0x69,0x6e,0x0a,0x72,0x65,0x70,0x75,0x74,
  0x61,0x74,0x69,0x6f,0x6e,0x20,0x6f,0x72,0x20,0x67,0x72,0x65,0x61,0x74,0x65,0x72,
  0x20,0x64,0x69,0x73,0x74,0x72,0x69,0x62,0x75,0x74,0x69,0x6f,0x6e,0x20,0x66,0x6f,
  0x72,0x20,0x74,0x68,0x65,0x69,0x72,0x20,0x57,0x6f,0x72,0x6b,0x20,0x69,0x6e,0x20,
  0x70,0x61,0x72,0x74,0x20,0x74,0x68,0x72,0x6f,0x75,0x67,0x68,0x20,0x74,0x68,0x65,
  0x20,0x75,0x73,0x65,0x20,0x61,0x6e,0x64,0x0a,0x65,0x66,0x66,0x6f,0x72,0x74,0x73,
  0x20,0x6f,0x66,0x20,0x6f,0x74,0x68,0x65,0x72,0x73,0x2e,0x0a,0x0a,0x46,0x6f,0x72,
  0x20,0x74,0x68,0x65,0x73,0x65,0x20,0x61,0x6e,0x64,0x2f,0x6f,0x72,0x20,0x6f,0x74,
  0x68,0x65,0x72,0x20,0x70,0x75,0x72,0x70,0x6f,0x73,0x65,0x73,0x20,0x61,0x6e,0x64,
  0x20,0x6d,0x6f,0x74,0x69,0x76,0x61,0x74,0x69,0x6f,0x6e,0x73,0x2c,0x20,0x61,0x6e,
  0x64,0x20,0x77,0x69,0x74,0x68,0x6f,0x75,0x74,0x20,0x61,0x6e,0x79,0x20,0x65,0x78,
  0x70,0x65,0x63,0x74,0x61,0x74,0x69,0x6f,0x6e,0x0a,0x6f,0x66,0x20,0x61,0x64,0x64,
  0x69,0x74,0x69,0x6f,0x6e,0x61,0x6c,0x20,0x63,0x6f,0x6e,0x73,0x69,0x64,0x65,0x72,
  0x61,0x74,0x69,0x6f,0x6e,0x20,0x6f,0x72,0x20,0x63,0x6f,0x6d,0x70,0x65,0x6e,0x73,
  0x61,0x74,0x69,0x6f,0x6e,0x2c,0x20,0x74,0x68,0x65,0x20,0x70,0x65,0x72,0x73,0x6f,
  0x6e,0x20,0x61,0x73,0x73,0x6f,0x63,0x69,0x61,0x74,0x69,0x6e,0x67,0x20,0x43,0x43,
  0x30,0x20,0x77,0x69,0x74,0x68,0x20,0x61,0x0a,0x57,0x6f,0x72,0x6b,0x20,0x28,0x74,
  0x68,0x65,0x20,0x22,0x41,0x66,0x66,0x69,0x72,0x6d,0x65,0x72,0x22,0x29,0x2c,0x20,
  0x74,0x6f,0x20,0x74,0x68,0x65,0x20,0x65,0x78,0x74,0x65,0x6e,0x74,0x20,0x74,0x68,
  0x61,0x74,0x20,0x68,0x65,0x20,0x6f,0x72,0x20,0x73,0x68,0x65,0x20,0x69,0x73,0x20,
  0x61,0x6e,0x20,0x6f,0x77,0x6e,0x65,0x72,0x20,0x6f,0x66,0x20,0x43,0x6f,0x70,0x79,
  0x72,0x69,0x67,0x68,0x74,0x0a,0x61,0x6e,0x64,0x20,0x52,0x65,0x6c,0x61,0x74,0x65,
  0x64,0x20,0x52,0x69,0x67,0x68,0x74,0x73,0x20,0x69,0x6e,0x20,0x74,0x68,0x65,0x20,
  0x57,0x6f,0x72,0x6b,0x2c,0x20,0x76,0x6f,0x6c,0x75,0x6e,0x74,0x61,0x72,0x69,0x6c,
  0x79,0x20,0x65,0x6c,0x65,0x63,0x74,0x73,0x20,0x74,0x6f,0x20,0x61,0x70,0x70,0x6c,
  0x79,0x20,0x43,0x43,0x30,0x20,0x74,0x6f,0x20,0x74,0x68,0x65,0x20,0x57,0x6f,0x72,
  0x6b,0x0a,0x61,0x6e,0x64,0x20,0x70,0x75,0x62,0x6c,0x69,0x63,0x6c,0x79,0x20,0x64,
  0x69,0x73,0x74,0x72,0x69,0x62,0x75,0x74,0x65,0x20,0x74,0x68,0x65,0x20,0x57,0x6f,
  0x72,0x6b,0x20,0x75,0x6e,0x64,0x65,0x72,0x20,0x69,0x74,0x73,0x20,0x74,0x65,0x72,
  0x6d,0x73,0x2c,0x20,0x77,0x69,0x74,0x68,0x20,0x6b,0x6e,0x6f,0x77,0x6c,0x65,0x64,
  0x67,0x65,0x20,0x6f,0x66,0x20,0x68,0x69,0x73,0x20,0x6f,0x72,0x20,0x68,0x65,0x72,
  0x0a,0x43,0x6f,0x70,0x79,0x72,0x69,0x67,0x68,0x74,0x20,0x61,0x6e,0x64,0x20,0x52,
  0x65,0x6c,0x61,0x74,0x65,0x64,0x20,0x52,0x69,0x67,0x68,0x74,0x73,0x20,0x69,0x6e,
  0x20,0x74,0x68,0x65,0x20,0x57,0x6f,0x72,0x6b,0x20,0x61,0x6e,0x64,0x20,0x74,0x68,
  0x65,0x20,0x6d,0x65,0x61,0x6e,0x69,0x6e,0x67,0x20,0x61,0x6e,0x64,0x20,0x69,0x6e,
  0x74,0x65,0x6e,0x64,0x65,0x64,0x20,0x6c,0x65,0x67,0x61,0x6c,0x0a,0x65,0x66,0x66,
  0x65,0x63,0x74,0x20,0x6f,0x66,0x20,0x43,0x43,0x30,0x20,0x6f,0x6e,0x20,0x74,0x68,
  0x6f,0x73,0x65,0x20,0x72,0x69,0x67,0x68,0x74,0x73,0x2e,0x0a,0x0a,0x31,0x2e,0x20,
  0x43,0x6f,0x70,0x79,0x72,0x69,0x67,0x68,0x74,0x20,0x61,0x6e,0x64,0x20,0x52,0x65,
  0x6c,0x61,0x74,0x65,0x64,0x20,0x52,0x69,0x67,0x68,0x74,0x73,0x2e,0x20,0x41,0x20,
  0x57,0x6f,0x72,0x6b,0x20,0x6d,0x61,0x64,0x65,0x20,0x61,0x76,0x61,0x69,0x6c,0x61,
  0x62,0x6c,0x65,0x20,0x75,0x6e,0x64,0x65,0x72,0x20,0x43,0x43,0x30,0x20,0x6d,0x61,
  0x79,0x20,0x62,0x65,0x0a,0x70,0x72,0x6f,0x74,0x65,0x63,0x74,0x65,0x64,0x20,0x62,
  0x79,0x20,0x63,0x6f,0x70,0x79,0x72,0x69,0x67,0x68,0x74,0x20,0x61,0x6e,0x64,0x20,
  0x72,0x65,0x6c,0x61,0x74,0x65,0x64,0x20,0x6f,0x72,0x20,0x6e,0x65,0x69,0x67,0x68,
  0x62,0x6f,0x72,0x69,0x6e,0x67,0x20,0x72,0x69,0x67,0x68,0x74,0x73,0x20,0x28,0x22,
  0x43,0x6f,0x70,0x79,0x72,0x69,0x67,0x68,0x74,0x20,0x61,0x6e,0x64,0x0a,0x52,0x65,
  0x6c,0x61,0x74,0x65,0x64,0x20,0x52,0x69,0x67,0x68,0x74,0x73,0x22,0x29,0x2e,0x20,
  0x43,0x6f,0x70,0x79,0x72,0x69,0x67,0x68,0x74,0x20,0x61,0x6e,0x64,0x20,0x52,0x65,
  0x6c,0x61,0x74,0x65,0x64,0x20,0x52,0x69,0x67,0x68,0x74,0x73,0x20,0x69,0x6e,0x63,
  0x6c,0x75,0x64,0x65,0x2c,0x20,0x62,0x75,0x74,0x20,0x61,0x72,0x65,0x20,0x6e,0x6f,
  0x74,0x20,0x6c,0x69,0x6d,0x69,0x74,0x65,0x64,0x0a,0x74,0x6f,0x2c,0x20,0x74,0x68,
  0x65,0x20,0x66,0x6f,0x6c,0x6c,0x6f,0x77,0x69,0x6e,0x67,0x3a,0x0a,0x0a,0x20,0x20,
  0x69,0x2e,0x20,0x74,0x68,0x65,0x20,0x72,0x69,0x67,0x68,0x74,0x20,0x74,0x6f,0x20,
  0x72,0x65,0x70,0x72,0x6f,0x64,0x75,0x63,0x65,0x2c,0x20,0x61,0x64,0x61,0x70,0x74,
  0x2c,0x20,0x64,0x69,0x73,0x74,0x72,0x69,0x62,0x75,0x74,0x65,0x2c,0x20,0x70,0x65,
  0x72,0x66,0x6f,0x72,0x6d,0x2c,0x20,0x64,0x69,0x73,0x70,0x6c,0x61,0x79,0x2c,0x20,
  0x63,0x6f,0x6d,0x6d,0x75,0x6e,0x69,0x63,0x61,0x74,0x65,0x2c,0x0a,0x20,0x20,0x61,
  0x6e,0x64,0x20,0x74,0x72,0x61,0x6e,0x73,0x6c,0x61,0x74,0x65,0x20,0x61,0x20,0x57,
  0x6f,0x72,0x6b,0x3b,0x0a,0x0a,0x20,0x20,0x69,0x69,0x2e,0x20,0x6d,0x6f,0x72,0x61,
  0x6c,0x20,0x72,0x69,0x67,0x68,0x74,0x73,0x20,0x72,0x65,0x74,0x61,0x69,0x6e,0x65,
  0x64,0x20,0x62,0x79,0x20,0x74,0x68,0x65,0x20,0x6f,0x72,0x69,0x67,0x69,0x6e,0x61,
  0x6c,0x20,0x61,0x75,0x74,0x68,0x6f,0x72,0x28,0x73,0x29,0x20,0x61,0x6e,0x64,0x2f,
  0x6f,0x72,0x20,0x70,0x65,0x72,0x66,0x6f,0x72,0x6d,0x65,0x72,0x28,0x73,0x29,0x3b,
  0x0a,0x0a,0x20,0x20,0x69,0x69,0x69,0x2e,0x20,0x70,0x75,0x62,0x6c,0x69,0x63,0x69,
  0x74,0x79,0x20,0x61,0x6e,0x64,0x20,0x70,0x72,0x69,0x76,0x61,0x63,0x79,0x20,0x72,
  0x69,0x67,0x68,0x74,0x73,0x20,0x70,0x65,0x72,0x74,0x61,0x69,0x6e,0x69,0x6e,0x67,
  0x20,0x74,0x6f,0x20,0x61,0x20,0x70,0x65,0x72,0x73,0x6f,0x6e,0x27,0x73,0x20,0x69,
  0x6d,0x61,0x67,0x65,0x20,0x6f,0x72,0x20,0x6c,0x69,0x6b,0x65,0x6e,0x65,0x73,0x73,
  0x0a,0x20,0x20,0x64,0x65,0x70,0x69,0x63,0x74,0x65,0x64,0x20,0x69,0x6e,0x20,0x61,
  0x20,0x57,0x6f,0x72,0x6b,0x3b,0x0a,0x0a,0x20,0x20,0x69,0x76,0x2e,0x20,0x72,0x69,
  0x67,0x68,0x74,0x73,0x20,0x70,0x72,0x6f,0x74,0x65,0x63,0x74,0x69,0x6e,0x67,0x20,
  0x61,0x67,0x61,0x69,0x6e,0x73,0x74,0x20,0x75,0x6e,0x66,0x61,0x69,0x72,0x20,0x63,
  0x6f,0x6d,0x70,0x65,0x74,0x69,0x74,0x69,0x6f,0x6e,0x20,0x69,0x6e,0x20,0x72,0x65,
  0x67,0x61,0x72,0x64,0x73,0x20,0x74,0x6f,0x20,0x61,0x20,0x57,0x6f,0x72,0x6b,0x2c,
  0x0a,0x20,0x20,0x73,0x75,0x62,0x6a,0x65,0x63,0x74,0x20,0x74,0x6f,0x20,0x74,0x68,
  0x65,0x20,0x6c,0x69,0x6d,0x69,0x74,0x61,0x74,0x69,0x6f,0x6e,0x73,0x20,0x69,0x6e,
  0x20,0x70,0x61,0x72,0x61,0x67,0x72,0x61,0x70,0x68,0x20,0x34,0x28,0x61,0x29,0x2c,
  0x20,0x62,0x65,0x6c,0x6f,0x77,0x3b,0x0a,0x0a,0x20,0x20,0x76,0x2e,0x20,0x72,0x69,
  0x67,0x68,0x74,0x73,0x20,0x70,0x72,0x6f,0x74,0x65,0x63,0x74,0x69,0x6e,0x67,0x20,
  0x74,0x68,0x65,0x20,0x65,0x78,0x74,0x72,0x61,0x63,0x74,0x69,0x6f,0x6e,0x2c,0x20,
  0x64,0x69,0x73,0x73,0x65,0x6d,0x69,0x6e,0x61,0x74,0x69,0x6f,0x6e,0x2c,0x20,0x75,
  0x73,0x65,0x20,0x61,0x6e,0x64,0x20,0x72,0x65,0x75,0x73,0x65,0x20,0x6f,0x66,0x20,
  0x64,0x61,0x74,0x61,0x20,0x69,0x6e,0x0a,0x20,0x20,0x61,0x20,0x57,0x6f,0x72,0x6b,
  0x3b,0x0a,0x0a,0x20,0x20,0x76,0x69,0x2e,0x20,0x64,0x61,0x74,0x61,0x62,0x61,0x73,
  0x65,0x20,0x72,0x69,0x67,0x68,0x74,0x73,0x20,0x28,0x73,0x75,0x63,0x68,0x20,0x61,
  0x73,0x20,0x74,0x68,0x6f,0x73,0x65,0x20,0x61,0x72,0x69,0x73,0x69,0x6e,0x67,0x20,
  0x75,0x6e,0x64,0x65,0x72,0x20,0x44,0x69,0x72,0x65,0x63,0x74,0x69,0x76,0x65,0x20,
  0x39,0x36,0x2f,0x39,0x2f,0x45,0x43,0x20,0x6f,0x66,0x20,0x74,0x68,0x65,0x0a,0x20,
  0x20,0x45,0x75,0x72,0x6f,0x70,0x65,0x61,0x6e,0x20,0x50,0x61,0x72,0x6c,0x69,0x61,
  0x6d,0x65,0x6e,0x74,0x20,0x61,0x6e,0x64,0x20,0x6f,0x66,0x20,0x74,0x68,0x65,0x20,
  0x43,0x6f,0x75,0x6e,0x63,0x69,0x6c,0x20,0x6f,0x66,0x20,0x31,0x31,0x20,0x4d,0x61,
  0x72,0x63,0x68,0x20,0x31,0x39,0x39,0x36,0x20,0x6f,0x6e,0x20,0x74,0x68,0x65,0x20,
  0x6c,0x65,0x67,0x61,0x6c,0x0a,0x20,0x20,0x70,0x72,0x6f,0x74,0x65,0x63,0x74,0x69,
  0x6f,0x6e,0x20,0x6f,0x66,0x20,0x64,0x61,0x74,0x61,0x62,0x61,0x73,0x65,0x73,0x2c,
  0x20,0x61,0x6e,0x64,0x20,0x75,0x6e,0x64,0x65,0x72,0x20,0x61,0x6e,0x79,0x20,0x6e,
  0x61,0x74,0x69,0x6f,0x6e,0x61,0x6c,0x20,0x69,0x6d,0x70,0x6c,0x65,0x6d,0x65,0x6e,
  0x74,0x61,0x74,0x69,0x6f,0x6e,0x20,0x74,0x68,0x65,0x72,0x65,0x6f,0x66,0x2c,0x0a,
  0x20,0x20,0x69,0x6e,0x63,0x6c,0x75,0x64,0x69,0x6e,0x67,0x20,0x61,0x6e,0x79,0x20,
  0x61,0x6d,0x65,0x6e,0x64,0x65,0x64,0x20,0x6f,0x72,0x20,0x73,0x75,0x63,0x63,0x65,
  0x73,0x73,0x6f,0x72,0x20,0x76,0x65,0x72,0x73,0x69,0x6f,0x6e,0x20,0x6f,0x66,0x20,
  0x73,0x75,0x63,0x68,0x20,0x64,0x69,0x72,0x65,0x63,0x74,0x69,0x76,0x65,0x29,0x3b,
  0x20,0x61,0x6e,0x64,0x0a,0x0a,0x20,0x20,0x76,0x69,0x69,0x2e,0x20,0x6f,0x74,0x68,
  0x65,0x72,0x20,0x73,0x69,0x6d,0x69,0x6c,0x61,0x72,0x2c,0x20,0x65,0x71,0x75,0x69,
  0x76,0x61,0x6c,0x65,0x6e,0x74,0x20,0x6f,0x72,0x20,0x63,0x6f,0x72,0x72,0x65,0x73,
  0x70,0x6f,0x6e,0x64,0x69,0x6e,0x67,0x20,0x72,0x69,0x67,0x68,0x74,0x73,0x20,0x74,
  0x68,0x72,0x6f,0x75,0x67,0x68,0x6f,0x75,0x74,0x20,0x74,0x68,0x65,0x20,0x77,0x6f,
  0x72,0x6c,0x64,0x0a,0x20,0x20,0x62,0x61,0x73,0x65,0x64,0x20,0x6f,0x6e,0x20,0x61,
  0x70,0x70,0x6c,0x69,0x63,0x61,0x62,0x6c,0x65,0x20,0x6c,0x61,0x77,0x20,0x6f,0x72,
  0x20,0x74,0x72,0x65,0x61,0x74,0x79,0x2c,0x20,0x61,0x6e,0x64,0x20,0x61,0x6e,0x79,
  0x20,0x6e,0x61,0x74,0x69,0x6f,0x6e,0x61,0x6c,0x20,0x69,0x6d,0x70,0x6c,0x65,0x6d,
  0x65,0x6e,0x74,0x61,0x74,0x69,0x6f,0x6e,0x73,0x20,0x74,0x68,0x65,0x72,0x65,0x6f,
  0x66,0x2e,0x0a,0x0a,0x32,0x2e,0x20,0x57,0x61,0x69,0x76,0x65,0x72,0x2e,0x20,0x54,
  0x6f,0x20,0x74,0x68,0x65,0x20,0x67,0x72,0x65,0x61,0x74,0x65,0x73,0x74,0x20,0x65,
  0x78,0x74,0x65,0x6e,0x74,0x20,0x70,0x65,0x72,0x6d,0x69,0x74,0x74,0x65,0x64,0x20,
  0x62,0x79,0x2c,0x20,0x62,0x75,0x74,0x20,0x6e,0x6f,0x74,0x20,0x69,0x6e,0x20,0x63,
  0x6f,0x6e,0x74,0x72,0x61,0x76,0x65,0x6e,0x74,0x69,0x6f,0x6e,0x20,0x6f,0x66,0x2c,
  0x0a,0x61,0x70,0x70,0x6c,0x69,0x63,0x61,0x62,0x6c,0x65,0x20,0x6c,0x61,0x77,0x2c,
  0x20,0x41,0x66,0x66,0x69,0x72,0x6d,0x65,0x72,0x20,0x68,0x65,0x72,0x65,0x62,0x79,
  0x20,0x6f,0x76,0x65,0x72,0x74,0x6c,0x79,0x2c,0x20,0x66,0x75,0x6c,0x6c,0x79,0x2c,
  0x20,0x70,0x65,0x72,0x6d,0x61,0x6e,0x65,0x6e,0x74,0x6c,0x79,0x2c,0x20,0x69,0x72,
  0x72,0x65,0x76,0x6f,0x63,0x61,0x62,0x6c,0x79,0x20,0x61,0x6e,0x64,0x0a,0x75,0x6e,
  0x63,0x6f,0x6e,0x64,0x69,0x74,0x69,0x6f,0x6e,0x61,0x6c,0x6c,0x79,0x20,0x77,0x61,
  0x69,0x76,0x65,0x73,0x2c,0x20,0x61,0x62,0x61,0x6e,0x64,0x6f,0x6e,0x73,0x2c,0x20,
  0x61,0x6e,0x64,0x20,0x73,0x75,0x72,0x72,0x65,0x6e,0x64,0x65,0x72,0x73,0x20,0x61,
  0x6c,0x6c,0x20,0x6f,0x66,0x20,0x41,0x66,0x66,0x69,0x72,0x6d,0x65,0x72,0x27,0x73,
  0x20,0x43,0x6f,0x70,0x79,0x72,0x69,0x67,0x68,0x74,0x0a,0x61,0x6e,0x64,0x20,0x52,
  0x65,0x6c,0x61,0x74,0x65,0x64,0x20,0x52,0x69,0x67,0x68,0x74,0x73,0x20,0x61,0x6e,
  0x64,0x20,0x61,0x73,0x73,0x6f,0x63,0x69,0x61,0x74,0x65,0x64,0x20,0x63,0x6c,0x61,
  0x69,0x6d,0x73,0x20,0x61,0x6e,0x64,0x20,0x63,0x61,0x75,0x73,0x65,0x73,0x20,0x6f,
  0x66,0x20,0x61,0x63,0x74,0x69,0x6f,0x6e,0x2c,0x20,0x77,0x68,0x65,0x74,0x68,0x65,
  0x72,0x20,0x6e,0x6f,0x77,0x0a,0x6b,0x6e,0x6f,0x77,0x6e,0x20,0x6f,0x72,0x20,0x75,
  0x6e,0x6b,0x6e,0x6f,0x77,0x6e,0x20,0x28,0x69,0x6e,0x63,0x6c,0x75,0x64,0x69,0x6e,
  0x67,0x20,0x65,0x78,0x69,0x73,0x74,0x69,0x6e,0x67,0x20,0x61,0x73,0x20,0x77,0x65,
  0x6c,0x6c,0x20,0x61,0x73,0x20,0x66,0x75,0x74,0x75,0x72,0x65,0x20,0x63,0x6c,0x61,
  0x69,0x6d,0x73,0x20,0x61,0x6e,0x64,0x20,0x63,0x61,0x75,0x73,0x65,0x73,0x20,0x6f,
  0x66,0x0a,0x61,0x63,0x74,0x69,0x6f,0x6e,0x29,0x2c,0x20,0x69,0x6e,0x20,0x74,0x68,
  0x65,0x20,0x57,0x6f,0x72,0x6b,0x20,0x28,0x69,0x29,0x20,0x69,0x6e,0x20,0x61,0x6c,
  0x6c,0x20,0x74,0x65,0x72,0x72,0x69,0x74,0x6f,0x72,0x69,0x65,0x73,0x20,0x77,0x6f,
  0x72,0x6c,0x64,0x77,0x69,0x64,0x65,0x2c,0x20,0x28,0x69,0x69,0x29,0x20,0x66,0x6f,
  0x72,0x20,0x74,0x68,0x65,0x20,0x6d,0x61,0x78,0x69,0x6d,0x75,0x6d,0x0a,0x64,0x75,
  0x72,0x61,0x74,0x69,0x6f,0x6e,0x20,0x70,0x72,0x6f,0x76,0x69,0x64,0x65,0x64,0x20,
  0x62,0x79,0x20,0x61,0x70,0x70,0x6c,0x69,0x63,0x61,0x62,0x6c,0x65,0x20,0x6c,0x61,
  0x77,0x20,0x6f,0x72,0x20,0x74,0x72,0x65,0x61,0x74,0x79,0x20,0x28,0x69,0x6e,0x63,
  0x6c,0x75,0x64,0x69,0x6e,0x67,0x20,0x66,0x75,0x74,0x75,0x72,0x65,0x20,0x74,0x69,
  0x6d,0x65,0x0a,0x65,0x78,0x74,0x65,0x6e,0x73,0x69,0x6f,0x6e,0x73,0x29,0x2c,0x20,
  0x28,0x69,0x69,0x69,0x29,0x20,0x69,0x6e,0x20,0x61,0x6e,0x79,0x20,0x63,0x75,0x72,
  0x72,0x65,0x6e,0x74,0x20,0x6f,0x72,0x20,0x66,0x75,0x74,0x75,0x72,0x65,0x20,0x6d,
  0x65,0x64,0x69,0x75,0x6d,0x20,0x61,0x6e,0x64,0x20,0x66,0x6f,0x72,0x20,0x61,0x6e,
  0x79,0x20,0x6e,0x75,0x6d,0x62,0x65,0x72,0x20,0x6f,0x66,0x0a,0x63,0x6f,0x70,0x69,
  0x65,0x73,0x2c,0x20,0x61,0x6e,0x64,0x20,0x28,0x69,0x76,0x29,0x20,0x66,0x6f,0x72,
  0x20,0x61,0x6e,0x79,0x20,0x70,0x75,0x72,0x70,0x6f,0x73,0x65,0x20,0x77,0x68,0x61,
  0x74,0x73,0x6f,0x65,0x76,0x65,0x72,0x2c,0x20,0x69,0x6e,0x63,0x6c,0x75,0x64,0x69,
  0x6e,0x67,0x20,0x77,0x69,0x74,0x68,0x6f,0x75,0x74,0x20,0x6c,0x69,0x6d,0x69,0x74,
  0x61,0x74,0x69,0x6f,0x6e,0x0a,0x63,0x6f,0x6d,0x6d,0x65,0x72,0x63,0x69,0x61,0x6c,
  0x2c,0x20,0x61,0x64,0x76,0x65,0x72,0x74,0x69,0x73,0x69,0x6e,0x67,0x20,0x6f,0x72,
  0x20,0x70,0x72,0x6f,0x6d,0x6f,0x74,0x69,0x6f,0x6e,0x61,0x6c,0x20,0x70,0x75,0x72,
  0x70,0x6f,0x73,0x65,0x73,0x20,0x28,0x74,0x68,0x65,0x20,0x22,0x57,0x61,0x69,0x76,
  0x65,0x72,0x22,0x29,0x2e,0x20,0x41,0x66,0x66,0x69,0x72,0x6d,0x65,0x72,0x20,0x6d,
  0x61,0x6b,0x65,0x73,0x0a,0x74,0x68,0x65,0x20,0x57,0x61,0x69,0x76,0x65,0x72,0x20,
  0x66,0x6f,0x72,0x20,0x74,0x68,0x65,0x20,0x62,0x65,0x6e,0x65,0x66,0x69,0x74,0x20,
  0x6f,0x66,0x20,0x65,0x61,0x63,0x68,0x20,0x6d,0x65,0x6d,0x62,0x65,0x72,0x20,0x6f,
  0x66,0x20,0x74,0x68,0x65,0x20,0x70,0x75,0x62,0x6c,0x69,0x63,0x20,0x61,0x74,0x20,
  0x6c,0x61,0x72,0x67,0x65,0x20,0x61,0x6e,0x64,0x20,0x74,0x6f,0x20,0x74,0x68,0x65,
  0x0a,0x64,0x65,0x74,0x72,0x69,0x6d,0x65,0x6e,0x74,0x20,0x6f,0x66,0x20,0x41,0x66,
  0x66,0x69,0x72,0x6d,0x65,0x72,0x27,0x73,0x20,0x68,0x65,0x69,0x72,0x73,0x20,0x61,
  0x6e,0x64,0x20,0x73,0x75,0x63,0x63,0x65,0x73,0x73,0x6f,0x72,0x73,0x2c,0x20,0x66,
  0x75,0x6c,0x6c,0x79,0x20,0x69,0x6e,0x74,0x65,0x6e,0x64,0x69,0x6e,0x67,0x20,0x74,
  0x68,0x61,0x74,0x20,0x73,0x75,0x63,0x68,0x20,0x57,0x61,0x69,0x76,0x65,0x72,0x0a,
  0x73,0x68,0x61,0x6c,0x6c,0x20,0x6e,0x6f,0x74,0x20,0x62,0x65,0x20,0x73,0x75,0x62,
  0x6a,0x65,0x63,0x74,0x20,0x74,0x6f,0x20,0x72,0x65,0x76,0x6f,0x63,0x61,0x74,0x69,
  0x6f,0x6e,0x2c,0x20,0x72,0x65,0x73,0x63,0x69,0x73,0x73,0x69,0x6f,0x6e,0x2c,0x20,
  0x63,0x61,0x6e,0x63,0x65,0x6c,0x6c,0x61,0x74,0x69,0x6f,0x6e,0x2c,0x20,0x74,0x65,
  0x72,0x6d,0x69,0x6e,0x61,0x74,0x69,0x6f,0x6e,0x2c,0x20,0x6f,0x72,0x0a,0x61,0x6e,
  0x79,0x20,0x6f,0x74,0x68,0x65,0x72,0x20,0x6c,0x65,0x67,0x61,0x6c,0x20,0x6f,0x72,
  0x20,0x65,0x71,0x75,0x69,0x74,0x61,0x62,0x6c,0x65,0x20,0x61,0x63,0x74,0x69,0x6f,
  0x6e,0x20,0x74,0x6f,0x20,0x64,0x69,0x73,0x72,0x75,0x70,0x74,0x20,0x74,0x68,0x65,
  0x20,0x71,0x75,0x69,0x65,0x74,0x20,0x65,0x6e,0x6a,0x6f,0x79,0x6d,0x65,0x6e,0x74,
  0x20,0x6f,0x66,0x20,0x74,0x68,0x65,0x20,0x57,0x6f,0x72,0x6b,0x0a,0x62,0x79,0x20,
  0x74,0x68,0x65,0x20,0x70,0x75,0x62,0x6c,0x69,0x63,0x20,0x61,0x73,0x20,0x63,0x6f,
  0x6e,0x74,0x65,0x6d,0x70,0x6c,0x61,0x74,0x65,0x64,0x20,0x62,0x79,0x20,0x41,0x66,
  0x66,0x69,0x72,0x6d,0x65,0x72,0x27,0x73,0x20,0x65,0x78,0x70,0x72,0x65,0x73,0x73,
  0x20,0x53,0x74,0x61,0x74,0x65,0x6d,0x65,0x6e,0x74,0x20,0x6f,0x66,0x20,0x50,0x75,
  0x72,0x70,0x6f,0x73,0x65,0x2e,0x0a,0x0a,0x33,0x2e,0x20,0x50,0x75,0x62,0x6c,0x69,
  0x63,0x20,0x4c,0x69,0x63,0x65,0x6e,0x73,0x65,0x20,0x46,0x61,0x6c,0x6c,0x62,0x61,
  0x63,0x6b,0x2e,0x20,0x53,0x68,0x6f,0x75,0x6c,0x64,0x20,0x61,0x6e,0x79,0x20,0x70,
  0x61,0x72,0x74,0x20,0x6f,0x66,0x20,0x74,0x68,0x65,0x20,0x57,0x61,0x69,0x76,0x65,
  0x72,0x20,0x66,0x6f,0x72,0x20,0x61,0x6e,0x79,0x20,0x72,0x65,0x61,0x73,0x6f,0x6e,
  0x20,0x62,0x65,0x0a,0x6a,0x75,0x64,0x67,0x65,0x64,0x20,0x6c,0x65,0x67,0x61,0x6c,
  0x6c,0x79,0x20,0x69,0x6e,0x76,0x61,0x6c,0x69,0x64,0x20,0x6f,0x72,0x20,0x69,0x6e,
  0x65,0x66,0x66,0x65,0x63,0x74,0x69,0x76,0x65,0x20,0x75,0x6e,0x64,0x65,0x72,0x20,
  0x61,0x70,0x70,0x6c,0x69,0x63,0x61,0x62,0x6c,0x65,0x20,0x6c,0x61,0x77,0x2c,0x20,
  0x74,0x68,0x65,0x6e,0x20,0x74,0x68,0x65,0x20,0x57,0x61,0x69,0x76,0x65,0x72,0x0a,
  0x73,0x68,0x61,0x6c,0x6c,0x20,0x62,0x65,0x20,0x70,0x72,0x65,0x73,0x65,0x72,0x76,
  0x65,0x64,0x20,0x74,0x6f,0x20,0x74,0x68,0x65,0x20,0x6d,0x61,0x78,0x69,0x6d,0x75,
  0x6d,0x20,0x65,0x78,0x74,0x65,0x6e,0x74,0x20,0x70,0x65,0x72,0x6d,0x69,0x74,0x74,
  0x65,0x64,0x20,0x74,0x61,0x6b,0x69,0x6e,0x67,0x20,0x69,0x6e,0x74,0x6f,0x20,0x61,
  0x63,0x63,0x6f,0x75,0x6e,0x74,0x0a,0x41,0x66,0x66,0x69,0x72,0x6d,0x65,0x72,0x27,
  0x73,0x20,0x65,0x78,0x70,0x72,0x65,0x73,0x73,0x20,0x53,0x74,0x61,0x74,0x65,0x6d,
  0x65,0x6e,0x74,0x20,0x6f,0x66,0x20,0x50,0x75,0x72,0x70,0x6f,0x73,0x65,0x2e,0x20,
  0x49,0x6e,0x20,0x61,0x64,0x64,0x69,0x74,0x69,0x6f,0x6e,0x2c,0x20,0x74,0x6f,0x20,
  0x74,0x68,0x65,0x20,0x65,0x78,0x74,0x65,0x6e,0x74,0x20,0x74,0x68,0x65,0x20,0x57,
  0x61,0x69,0x76,0x65,0x72,0x0a,0x69,0x73,0x20,0x73,0x6f,0x20,0x6a,0x75,0x64,0x67,
  0x65,0x64,0x20,0x41,0x66,0x66,0x69,0x72,0x6d,0x65,0x72,0x20,0x68,0x65,0x72,0x65,
  0x62,0x79,0x20,0x67,0x72,0x61,0x6e,0x74,0x73,0x20,0x74,0x6f,0x20,0x65,0x61,0x63,
  0x68,0x20,0x61,0x66,0x66,0x65,0x63,0x74,0x65,0x64,0x20,0x70,0x65,0x72,0x73,0x6f,
  0x6e,0x20,0x61,0x20,0x72,0x6f,0x79,0x61,0x6c,0x74,0x79,0x2d,0x66,0x72,0x65,0x65,
  0x2c,0x0a,0x6e,0x6f,0x6e,0x20,0x74,0x72,0x61,0x6e,0x73,0x66,0x65,0x72,0x61,0x62,
  0x6c,0x65,0x2c,0x20,0x6e,0x6f,0x6e,0x20,0x73,0x75,0x62,0x6c,0x69,0x63,0x65,0x6e,
  0x73,0x61,0x62,0x6c,0x65,0x2c,0x20,0x6e,0x6f,0x6e,0x20,0x65,0x78,0x63,0x6c,0x75,
  0x73,0x69,0x76,0x65,0x2c,0x20,0x69,0x72,0x72,0x65,0x76,0x6f,0x63,0x61,0x62,0x6c,
  0x65,0x20,0x61,0x6e,0x64,0x0a,0x75,0x6e,0x63,0x6f,0x6e,0x64,0x69,0x74,0x69,0x6f,
  0x6e,0x61,0x6c,0x20,0x6c,0x69,0x63,0x65,0x6e,0x73,0x65,0x20,0x74,0x6f,0x20,0x65,
  0x78,0x65,0x72,0x63,0x69,0x73,0x65,0x20,0x41,0x66,0x66,0x69,0x72,0x6d,0x65,0x72,
  0x27,0x73,0x20,0x43,0x6f,0x70,0x79,0x72,0x69,0x67,0x68,0x74,0x20,0x61,0x6e,0x64,
  0x20,0x52,0x65,0x6c,0x61,0x74,0x65,0x64,0x20,0x52,0x69,0x67,0x68,0x74,0x73,0x20,
  0x69,0x6e,0x0a,0x74,0x68,0x65,0x20,0x57,0x6f,0x72,0x6b,0x20,0x28,0x69,0x29,0x20,
  0x69,0x6e,0x20,0x61,0x6c,0x6c,0x20,0x74,0x65,0x72,0x72,0x69,0x74,0x6f,0x72,0x69,
  0x65,0x73,0x20,0x77,0x6f,0x72,0x6c,0x64,0x77,0x69,0x64,0x65,0x2c,0x20,0x28,0x69,
  0x69,0x29,0x20,0x66,0x6f,0x72,0x20,0x74,0x68,0x65,0x20,0x6d,0x61,0x78,0x69,0x6d,
  0x75,0x6d,0x20,0x64,0x75,0x72,0x61,0x74,0x69,0x6f,0x6e,0x0a,0x70,0x72,0x6f,0x76,
  0x69,0x64,0x65,0x64,0x20,0x62,0x79,0x20,0x61,0x70,0x70,0x6c,0x69,0x63,0x61,0x62,
  0x6c,0x65,0x20,0x6c,0x61,0x77,0x20,0x6f,0x72,0x20,0x74,0x72,0x65,0x61,0x74,0x79,
  0x20,0x28,0x69,0x6e,0x63,0x6c,0x75,0x64,0x69,0x6e,0x67,0x20,0x66,0x75,0x74,0x75,
  0x72,0x65,0x20,0x74,0x69,0x6d,0x65,0x20,0x65,0x78,0x74,0x65,0x6e,0x73,0x69,0x6f,
  0x6e,0x73,0x29,0x2c,0x20,0x28,0x69,0x69,0x69,0x29,0x0a,0x69,0x6e,0x20,0x61,0x6e,
  0x79,0x20,0x63,0x75,0x72,0x72,0x65,0x6e,0x74,0x20,0x6f,0x72,0x20,0x66,0x75,0x74,
  0x75,0x72,0x65,0x20,0x6d,0x65,0x64,0x69,0x75,0x6d,0x20,0x61,0x6e,0x64,0x20,0x66,
  0x6f,0x72,0x20,0x61,0x6e,0x79,0x20,0x6e,0x75,0x6d,0x62,0x65,0x72,0x20,0x6f,0x66,
  0x20,0x63,0x6f,0x70,0x69,0x65,0x73,0x2c,0x20,0x61,0x6e,0x64,0x20,0x28,0x69,0x76,
  0x29,0x20,0x66,0x6f,0x72,0x20,0x61,0x6e,0x79,0x0a,0x70,0x75,0x72,0x70,0x6f,0x73,
  0x65,0x20,0x77,0x68,0x61,0x74,0x73,0x6f,0x65,0x76,0x65,0x72,0x2c,0x20,0x69,0x6e,
  0x63,0x6c,0x75,0x64,0x69,0x6e,0x67,0x20,0x77,0x69,0x74,0x68,0x6f,0x75,0x74,0x20,
  0x6c,0x69,0x6d,0x69,0x74,0x61,0x74,0x69,0x6f,0x6e,0x20,0x63,0x6f,0x6d,0x6d,0x65,
  0x72,0x63,0x69,0x61,0x6c,0x2c,0x20,0x61,0x64,0x76,0x65,0x72,0x74,0x69,0x73,0x69,
  0x6e,0x67,0x20,0x6f,0x72,0x0a,0x70,0x72,0x6f,0x6d,0x6f,0x74,0x69,0x6f,0x6e,0x61,
  0x6c,0x20,0x70,0x75,0x72,0x70,0x6f,0x73,0x65,0x73,0x20,0x28,0x74,0x68,0x65,0x20,
  0x22,0x4c,0x69,0x63,0x65,0x6e,0x73,0x65,0x22,0x29,0x2e,0x20,0x54,0x68,0x65,0x20,
  0x4c,0x69,0x63,0x65,0x6e,0x73,0x65,0x20,0x73,0x68,0x61,0x6c,0x6c,0x20,0x62,0x65,
  0x20,0x64,0x65,0x65,0x6d,0x65,0x64,0x20,0x65,0x66,0x66,0x65,0x63,0x74,0x69,0x76,
  0x65,0x20,0x61,0x73,0x0a,0x6f,0x66,0x20,0x74,0x68,0x65,0x20,0x64,0x61,0x74,0x65,
  0x20,0x43,0x43,0x30,0x20,0x77,0x61,0x73,0x20,0x61,0x70,0x70,0x6c,0x69,0x65,0x64,
  0x20,0x62,0x79,0x20,0x41,0x66,0x66,0x69,0x72,0x6d,0x65,0x72,0x20,0x74,0x6f,0x20,
  0x74,0x68,0x65,0x20,0x57,0x6f,0x72,0x6b,0x2e,0x20,0x53,0x68,0x6f,0x75,0x6c,0x64,
  0x20,0x61,0x6e,0x79,0x20,0x70,0x61,0x72,0x74,0x20,0x6f,0x66,0x20,0x74,0x68,0x65,
  0x0a,0x4c,0x69,0x63,0x65,0x6e,0x73,0x65,0x20,0x66,0x6f,0x72,0x20,0x61,0x6e,0x79,
  0x20,0x72,0x65,0x61,0x73,0x6f,0x6e,0x20,0x62,0x65,0x20,0x6a,0x75,0x64,0x67,0x65,
  0x64,0x20,0x6c,0x65,0x67,0x61,0x6c,0x6c,0x79,0x20,0x69,0x6e,0x76,0x61,0x6c,0x69,
  0x64,0x20,0x6f,0x72,0x20,0x69,0x6e,0x65,0x66,0x66,0x65,0x63,0x74,0x69,0x76,0x65,
  0x20,0x75,0x6e,0x64,0x65,0x72,0x0a,0x61,0x70,0x70,0x6c,0x69,0x63,0x61,0x62,0x6c,
  0x65,0x20,0x6c,0x61,0x77,0x2c,0x20,0x73,0x75,0x63,0x68,0x20,0x70,0x61,0x72,0x74,
  0x69,0x61,0x6c,0x20,0x69,0x6e,0x76,0x61,0x6c,0x69,0x64,0x69,0x74,0x79,0x20,0x6f,
  0x72,0x20,0x69,0x6e,0x65,0x66,0x66,0x65,0x63,0x74,0x69,0x76,0x65,0x6e,0x65,0x73,
  0x73,0x20,0x73,0x68,0x61,0x6c,0x6c,0x20,0x6e,0x6f,0x74,0x0a,0x69,0x6e,0x76,0x61,
  0x6c,0x69,0x64,0x61,0x74,0x65,0x20,0x74,0x68,0x65,0x20,0x72,0x65,0x6d,0x61,0x69,
  0x6e,0x64,0x65,0x72,0x20,0x6f,0x66,0x20,0x74,0x68,0x65,0x20,0x4c,0x69,0x63,0x65,
  0x6e,0x73,0x65,0x2c,0x20,0x61,0x6e,0x64,0x20,0x69,0x6e,0x20,0x73,0x75,0x63,0x68,
  0x20,0x63,0x61,0x73,0x65,0x20,0x41,0x66,0x66,0x69,0x72,0x6d,0x65,0x72,0x20,0x68,
  0x65,0x72,0x65,0x62,0x79,0x0a,0x61,0x66,0x66,0x69,0x72,0x6d,0x73,0x20,0x74,0x68,
  0x61,0x74,0x20,0x68,0x65,0x20,0x6f,0x72,0x20,0x73,0x68,0x65,0x20,0x77,0x69,0x6c,
  0x6c,0x20,0x6e,0x6f,0x74,0x20,0x28,0x69,0x29,0x20,0x65,0x78,0x65,0x72,0x63,0x69,
  0x73,0x65,0x20,0x61,0x6e,0x79,0x20,0x6f,0x66,0x20,0x68,0x69,0x73,0x20,0x6f,0x72,
  0x20,0x68,0x65,0x72,0x20,0x72,0x65,0x6d,0x61,0x69,0x6e,0x69,0x6e,0x67,0x0a,0x43,
  0x6f,0x70,0x79,0x72,0x69,0x67,0x68,0x74,0x20,0x61,0x6e,0x64,0x20,0x52,0x65,0x6c,
  0x61,0x74,0x65,0x64,0x20,0x52,0x69,0x67,0x68,0x74,0x73,0x20,0x69,0x6e,0x20,0x74,
  0x68,0x65,0x20,0x57,0x6f,0x72,0x6b,0x20,0x6f,0x72,0x20,0x28,0x69,0x69,0x29,0x20,
  0x61,0x73,0x73,0x65,0x72,0x74,0x20,0x61,0x6e,0x79,0x20,0x61,0x73,0x73,0x6f,0x63,
  0x69,0x61,0x74,0x65,0x64,0x20,0x63,0x6c,0x61,0x69,0x6d,0x73,0x0a,0x61,0x6e,0x64,
  0x20,0x63,0x61,0x75,0x73,0x65,0x73,0x20,0x6f,0x66,0x20,0x61,0x63,0x74,0x69,0x6f,
  0x6e,0x20,0x77,0x69,0x74,0x68,0x20,0x72,0x65,0x73,0x70,0x65,0x63,0x74,0x20,0x74,
  0x6f,0x20,0x74,0x68,0x65,0x20,0x57,0x6f,0x72,0x6b,0x2c,0x20,0x69,0x6e,0x20,0x65,
  0x69,0x74,0x68,0x65,0x72,0x20,0x63,0x61,0x73,0x65,0x20,0x63,0x6f,0x6e,0x74,0x72,
  0x61,0x72,0x79,0x20,0x74,0x6f,0x0a,0x41,0x66,0x66,0x69,0x72,0x6d,0x65,0x72,0x27,
  0x73,0x20,0x65,0x78,0x70,0x72,0x65,0x73,0x73,0x20,0x53,0x74,0x61,0x74,0x65,0x6d,
  0x65,0x6e,0x74,0x20,0x6f,0x66,0x20,0x50,0x75,0x72,0x70,0x6f,0x73,0x65,0x2e,0x0a,
  0x0a,0x34,0x2e,0x20,0x4c,0x69,0x6d,0x69,0x74,0x61,0x74,0x69,0x6f,0x6e,0x73,0x20,
  0x61,0x6e,0x64,0x20,0x44,0x69,0x73,0x63,0x6c,0x61,0x69,0x6d,0x65,0x72,0x73,0x2e,
  0x0a,0x0a,0x20,0x20,0x61,0x2e,0x20,0x4e,0x6f,0x20,0x74,0x72,0x61,0x64,0x65,0x6d,
  0x61,0x72,0x6b,0x20,0x6f,0x72,0x20,0x70,0x61,0x74,0x65,0x6e,0x74,0x20,0x72,0x69,
  0x67,0x68,0x74,0x73,0x20,0x68,0x65,0x6c,0x64,0x20,0x62,0x79,0x20,0x41,0x66,0x66,
  0x69,0x72,0x6d,0x65,0x72,0x20,0x61,0x72,0x65,0x20,0x77,0x61,0x69,0x76,0x65,0x64,
  0x2c,0x20,0x61,0x62,0x61,0x6e,0x64,0x6f,0x6e,0x65,0x64,0x2c,0x0a,0x20,0x20,0x73,
  0x75,0x72,0x72,0x65,0x6e,0x64,0x65,0x72,0x65,0x64,0x2c,0x20,0x6c,0x69,0x63,0x65,
  0x6e,0x73,0x65,0x64,0x20,0x6f,0x72,0x20,0x6f,0x74,0x68,0x65,0x72,0x77,0x69,0x73,
  0x65,0x20,0x61,0x66,0x66,0x65,0x63,0x74,0x65,0x64,0x20,0x62,0x79,0x20,0x74,0x68,
  0x69,0x73,0x20,0x64,0x6f,0x63,0x75,0x6d,0x65,0x6e,0x74,0x2e,0x0a,0x0a,0x20,0x20,
  0x62,0x2e,0x20,0x41,0x66,0x66,0x69,0x72,0x6d,0x65,0x72,0x20,0x6f,0x66,0x66,0x65,
  0x72,0x73,0x20,0x74,0x68,0x65,0x20,0x57,0x6f,0x72,0x6b,0x20,0x61,0x73,0x2d,0x69,
  0x73,0x20,0x61,0x6e,0x64,0x20,0x6d,0x61,0x6b,0x65,0x73,0x20,0x6e,0x6f,0x20,0x72,
  0x65,0x70,0x72,0x65,0x73,0x65,0x6e,0x74,0x61,0x74,0x69,0x6f,0x6e,0x73,0x20,0x6f,
  0x72,0x20,0x77,0x61,0x72,0x72,0x61,0x6e,0x74,0x69,0x65,0x73,0x0a,0x20,0x20,0x6f,
  0x66,0x20,0x61,0x6e,0x79,0x20,0x6b,0x69,0x6e,0x64,0x20,0x63,0x6f,0x6e,0x63,0x65,
  0x72,0x6e,0x69,0x6e,0x67,0x20,0x74,0x68,0x65,0x20,0x57,0x6f,0x72,0x6b,0x2c,0x20,
  0x65,0x78,0x70,0x72,0x65,0x73,0x73,0x2c,0x20,0x69,0x6d,0x70,0x6c,0x69,0x65,0x64,
  0x2c,0x20,0x73,0x74,0x61,0x74,0x75,0x74,0x6f,0x72,0x79,0x20,0x6f,0x72,0x20,0x6f,
  0x74,0x68,0x65,0x72,0x77,0x69,0x73,0x65,0x2c,0x0a,0x20,0x20,0x69,0x6e,0x63,0x6c,
  0x75,0x64,0x69,0x6e,0x67,0x20,0x77,0x69,0x74,0x68,0x6f,0x75,0x74,0x20,0x6c,0x69,
  0x6d,0x69,0x74,0x61,0x74,0x69,0x6f,0x6e,0x20,0x77,0x61,0x72,0x72,0x61,0x6e,0x74,
  0x69,0x65,0x73,0x20,0x6f,0x66,0x20,0x74,0x69,0x74,0x6c,0x65,0x2c,0x20,0x6d,0x65,
  0x72,0x63,0x68,0x61,0x6e,0x74,0x61,0x62,0x69,0x6c,0x69,0x74,0x79,0x2c,0x20,0x66,
  0x69,0x74,0x6e,0x65,0x73,0x73,0x0a,0x20,0x20,0x66,0x6f,0x72,0x20,0x61,0x20,0x70,
  0x61,0x72,0x74,0x69,0x63,0x75,0x6c,0x61,0x72,0x20,0x70,0x75,0x72,0x70,0x6f,0x73,
  0x65,0x2c,0x20,0x6e,0x6f,0x6e,0x20,0x69,0x6e,0x66,0x72,0x69,0x6e,0x67,0x65,0x6d,
  0x65,0x6e,0x74,0x2c,0x20,0x6f,0x72,0x20,0x74,0x68,0x65,0x20,0x61,0x62,0x73,0x65,
  0x6e,0x63,0x65,0x20,0x6f,0x66,0x20,0x6c,0x61,0x74,0x65,0x6e,0x74,0x20,0x6f,0x72,
  0x0a,0x20,0x20,0x6f,0x74,0x68,0x65,0x72,0x20,0x64,0x65,0x66,0x65,0x63,0x74,0x73,
  0x2c,0x20,0x61,0x63,0x63,0x75,0x72,0x61,0x63,0x79,0x2c,0x20,0x6f,0x72,0x20,0x74,
  0x68,0x65,0x20,0x70,0x72,0x65,0x73,0x65,0x6e,0x74,0x20,0x6f,0x72,0x20,0x61,0x62,
  0x73,0x65,0x6e,0x63,0x65,0x20,0x6f,0x66,0x20,0x65,0x72,0x72,0x6f,0x72,0x73,0x2c,
  0x20,0x77,0x68,0x65,0x74,0x68,0x65,0x72,0x20,0x6f,0x72,0x20,0x6e,0x6f,0x74,0x0a,
  0x20,0x20,0x64,0x69,0x73,0x63,0x6f,0x76,0x65,0x72,0x61,0x62,0x6c,0x65,0x2c,0x20,
  0x61,0x6c,0x6c,0x20,0x74,0x6f,0x20,0x74,0x68,0x65,0x20,0x67,0x72,0x65,0x61,0x74,
  0x65,0x73,0x74,0x20,0x65,0x78,0x74,0x65,0x6e,0x74,0x20,0x70,0x65,0x72,0x6d,0x69,
  0x73,0x73,0x69,0x62,0x6c,0x65,0x20,0x75,0x6e,0x64,0x65,0x72,0x20,0x61,0x70,0x70,
  0x6c,0x69,0x63,0x61,0x62,0x6c,0x65,0x20,0x6c,0x61,0x77,0x2e,0x0a,0x0a,0x20,0x20,
  0x63,0x2e,0x20,0x41,0x66,0x66,0x69,0x72,0x6d,0x65,0x72,0x20,0x64,0x69,0x73,0x63,
  0x6c,0x61,0x69,0x6d,0x73,0x20,0x72,0x65,0x73,0x70,0x6f,0x6e,0x73,0x69,0x62,0x69,
  0x6c,0x69,0x74,0x79,0x20,0x66,0x6f,0x72,0x20,0x63,0x6c,0x65,0x61,0x72,0x69,0x6e,
  0x67,0x20,0x72,0x69,0x67,0x68,0x74,0x73,0x20,0x6f,0x66,0x20,0x6f,0x74,0x68,0x65,
  0x72,0x20,0x70,0x65,0x72,0x73,0x6f,0x6e,0x73,0x0a,0x20,0x20,0x74,0x68,0x61,0x74,
  0x20,0x6d,0x61,0x79,0x20,0x61,0x70,0x70,0x6c,0x79,0x20,0x74,0x6f,0x20,0x74,0x68,
  0x65,0x20,0x57,0x6f,0x72,0x6b,0x20,0x6f,0x72,0x20,0x61,0x6e,0x79,0x20,0x75,0x73,
  0x65,0x20,0x74,0x68,0x65,0x72,0x65,0x6f,0x66,0x2c,0x20,0x69,0x6e,0x63,0x6c,0x75,
  0x64,0x69,0x6e,0x67,0x20,0x77,0x69,0x74,0x68,0x6f,0x75,0x74,0x20,0x6c,0x69,0x6d,
  0x69,0x74,0x61,0x74,0x69,0x6f,0x6e,0x0a,0x20,0x20,0x61,0x6e,0x79,0x20,0x70,0x65,
  0x72,0x73,0x6f,0x6e,0x27,0x73,0x20,0x43,0x6f,0x70,0x79,0x72,0x69,0x67,0x68,0x74,
  0x20,0x61,0x6e,0x64,0x20,0x52,0x65,0x6c,0x61,0x74,0x65,0x64,0x20,0x52,0x69,0x67,
  0x68,0x74,0x73,0x20,0x69,0x6e,0x20,0x74,0x68,0x65,0x20,0x57,0x6f,0x72,0x6b,0x2e,
  0x20,0x46,0x75,0x72,0x74,0x68,0x65,0x72,0x2c,0x20,0x41,0x66,0x66,0x69,0x72,0x6d,
  0x65,0x72,0x0a,0x20,0x20,0x64,0x69,0x73,0x63,0x6c,0x61,0x69,0x6d,0x73,0x20,0x72,
  0x65,0x73,0x70,0x6f,0x6e,0x73,0x69,0x62,0x69,0x6c,0x69,0x74,0x79,0x20,0x66,0x6f,
  0x72,0x20,0x6f,0x62,0x74,0x61,0x69,0x6e,0x69,0x6e,0x67,0x20,0x61,0x6e,0x79,0x20,
  0x6e,0x65,0x63,0x65,0x73,0x73,0x61,0x72,0x79,0x20,0x63,0x6f,0x6e,0x73,0x65,0x6e,
  0x74,0x73,0x2c,0x20,0x70,0x65,0x72,0x6d,0x69,0x73,0x73,0x69,0x6f,0x6e,0x73,0x0a,
  0x20,0x20,0x6f,0x72,0x20,0x6f,0x74,0x68,0x65,0x72,0x20,0x72,0x69,0x67,0x68,0x74,
  0x73,0x20,0x72,0x65,0x71,0x75,0x69,0x72,0x65,0x64,0x20,0x66,0x6f,0x72,0x20,0x61,
  0x6e,0x79,0x20,0x75,0x73,0x65,0x20,0x6f,0x66,0x20,0x74,0x68,0x65,0x20,0x57,0x6f,
  0x72,0x6b,0x2e,0x0a,0x0a,0x20,0x20,0x64,0x2e,0x20,0x41,0x66,0x66,0x69,0x72,0x6d,
  0x65,0x72,0x20,0x75,0x6e,0x64,0x65,0x72,0x73,0x74,0x61,0x6e,0x64,0x73,0x20,0x61,
  0x6e,0x64,0x20,0x61,0x63,0x6b,0x6e,0x6f,0x77,0x6c,0x65,0x64,0x67,0x65,0x73,0x20,
  0x74,0x68,0x61,0x74,0x20,0x43,0x72,0x65,0x61,0x74,0x69,0x76,0x65,0x20,0x43,0x6f,
  0x6d,0x6d,0x6f,0x6e,0x73,0x20,0x69,0x73,0x20,0x6e,0x6f,0x74,0x20,0x61,0x0a,0x20,
  0x20,0x70,0x61,0x72,0x74,0x79,0x20,0x74,0x6f,0x20,0x74,0x68,0x69,0x73,0x20,0x64,
  0x6f,0x63,0x75,0x6d,0x65,0x6e,0x74,0x20,0x61,0x6e,0x64,0x20,0x68,0x61,0x73,0x20,
  0x6e,0x6f,0x20,0x64,0x75,0x74,0x79,0x20,0x6f,0x72,0x20,0x6f,0x62,0x6c,0x69,0x67,
  0x61,0x74,0x69,0x6f,0x6e,0x20,0x77,0x69,0x74,0x68,0x20,0x72,0x65,0x73,0x70,0x65,
  0x63,0x74,0x20,0x74,0x6f,0x20,0x74,0x68,0x69,0x73,0x0a,0x20,0x20,0x43,0x43,0x30,
  0x20,0x6f,0x72,0x20,0x75,0x73,0x65,0x20,0x6f,0x66,0x20,0x74,0x68,0x65,0x20,0x57,
  0x6f,0x72,0x6b,0x2e,0x0a,0x0a,0x46,0x6f,0x72,0x20,0x6d,0x6f,0x72,0x65,0x20,0x69,
  0x6e,0x66,0x6f,0x72,0x6d,0x61,0x74,0x69,0x6f,0x6e,0x2c,0x20,0x70,0x6c,0x65,0x61,
  0x73,0x65,0x20,0x73,0x65,0x65,0x0a,0x3c,0x68,0x74,0x74,0x70,0x3a,0x2f,0x2f,0x63,
  0x72,0x65,0x61,0x74,0x69,0x76,0x65,0x63,0x6f,0x6d,0x6d,0x6f,0x6e,0x73,0x2e,0x6f,
  0x72,0x67,0x2f,0x70,0x75,0x62,0x6c,0x69,0x63,0x64,0x6f,0x6d,0x61,0x69,0x6e,0x2f,
  0x7a,0x65,0x72,0x6f,0x2f,0x31,0x2e,0x30,0x2f,0x3e,0x0a,0x0a,0x3d,0x3d,0x3d,0x3d,
  0x3d,0x3d,0x3d,0x3d,0x3d,0x3d,0x3d,0x3d,0x3d,0x3d,0x3d,0x3d,0x3d,0x3d,0x3d,0x3d,
  0x3d,0x3d,0x3d,0x3d,0x3d,0x3d,0x3d,0x3d,0x3d,0x3d,0x3d,0x3d,0x3d,0x3d,0x3d,0x3d,
  0x3d,0x3d,0x3d,0x3d,0x3d,0x3d,0x3d,0x3d,0x3d,0x3d,0x3d,0x3d,0x3d,0x3d,0x3d,0x3d,
  0x3d,0x3d,0x3d,0x3d,0x3d,0x3d,0x3d,0x3d,0x3d,0x3d,0x3d,0x3d,0x3d,0x3d,0x3d,0x3d,
  0x3d,0x3d,0x3d,0x3d,0x0a,0x4c,0x49,0x43,0x45,0x4e,0x53,0x45,0x53,0x2f,0x70,0x78,
  0x74,0x6f,0x6e,0x65,0x2e,0x74,0x78,0x74,0x0a,0x3d,0x3d,0x3d,0x3d,0x3d,0x3d,0x3d,
  0x3d,0x3d,0x3d,0x3d,0x3d,0x3d,0x3d,0x3d,0x3d,0x3d,0x3d,0x3d,0x3d,0x3d,0x3d,0x3d,
  0x3d,0x3d,0x3d,0x3d,0x3d,0x3d,0x3d,0x3d,0x3d,0x3d,0x3d,0x3d,0x3d,0x3d,0x3d,0x3d,
  0x3d,0x3d,0x3d,0x3d,0x3d,0x3d,0x3d,0x3d,0x3d,0x3d,0x3d,0x3d,0x3d,0x3d,0x3d,0x3d,
  0x3d,0x3d,0x3d,0x3d,0x3d,0x3d,0x3d,0x3d,0x3d,0x3d,0x3d,0x3d,0x3d,0x3d,0x3d,0x3d,
  0x3d,0x0a,0xef,0xbc,0x9c,0xe3,0x83,0xa9,0xe3,0x82,0xa4,0xe3,0x82,0xbb,0xe3,0x83,
  0xb3,0xe3,0x82,0xb9,0xe7,0x9a,0x84,0xe3,0x81,0xaa,0xe3,0x81,0x93,0xe3,0x81,0xa8,
  0xef,0xbc,0x9e,0x0a,0x0a,0x20,0x20,0x20,0x20,0xe3,0x83,0xbb,0xe5,0x86,0x8d,0xe7,
  0x94,0x9f,0xe3,0x81,0xab,0xe5,0xbf,0x85,0xe8,0xa6,0x81,0xe3,0x81,0xaa,0x20,0xe3,
  0x82,0xbd,0xe3,0x83,0xbc,0xe3,0x82,0xb9,0xe3,0x82,0xb3,0xe3,0x83,0xbc,0xe3,0x83,
  0x89,0x28,0x70,0x78,0x74,0x6f,0x6e,0x65,0xe3,0x83,0x95,0xe3,0x82,0xa9,0xe3,0x83,
  0xab,0xe3,0x83,0x80,0xe5,0x86,0x85,0x29,0xe3,0x81,0xaf,0xe7,0x84,0xa1,0xe5,0x84,
  0x9f,0xe3,0x81,0xa7,0xe4,0xbd,0xbf,0xe3,0x81,0x88,0xe3,0x81,0xbe,0xe3,0x81,0x99,
  0xe3,0x80,0x82,0xe6,0x94,0xb9,0xe5,0xa4,0x89,0xe3,0x82,0x82,0x4f,0x4b,0xe3,0x81,
  0xa7,0xe3,0x81,0x99,0xe3,0x80,0x82,0x0a,0x20,0x20,0x20,0x20,0xe3,0x83,0xbb,0xe7,
  0x89,0xb9,0xe3,0x81,0xab,0xe8,0xa8,0xb1,0xe5,0x8f,0xaf,0xe3,0x82,0x92,0xe3,0x81,
  0xa8,0xe3,0x82,0x8b,0xe5,0xbf,0x85,0xe8,0xa6,0x81,0xe3,0x81,0xaf,0xe3,0x81,0x82,
  0xe3,0x82,0x8a,0xe3,0x81,0xbe,0xe3,0x81,0x9b,0xe3,0x82,0x93,0xe3,0x80,0x82,0x0a,
  0x20,0x20,0x20,0x20,0xe3,0x83,0xbb,0xe5,0x88,0xa9,0xe7,0x94,0xa8,0xe3,0x81,0xae,
  0xe6,0x98,0x8e,0xe8,0xa8,0x98,0xe3,0x81,0xab,0xe3,0x81,0xa4,0xe3,0x81,0x84,0xe3,
  0x81,0xa6,0xe3,0x81,0xaf,0xe3,0x81,0x8a,0xe4,0xbb,0xbb,0xe3,0x81,0x9b,0xe3,0x81,
  0x97,0xe3,0x81,0xbe,0xe3,0x81,0x99,0xe3,0x80,0x82,0x0a,0x20,0x20,0x20,0x20,0xe3,
  0x83,0xbb,0xe5,0x88,0xa9,0xe7,0x94,0xa8,0xe3,0x81,0x8c,0xe5,0x8e,0x9f,0xe5,0x9b,
  0xa0,0xe3,0x81,0xa7,0xe4,0xbd,0x95,0xe3,0x81,0x8b,0xe5,0x95,0x8f,0xe9,0xa1,0x8c,
  0xe3,0x81,0x8c,0xe3,0x81,0x82,0xe3,0x81,0xa3,0xe3,0x81,0x9f,0xe5,0xa0,0xb4,0xe5,
  0x90,0x88,0xe3,0x81,0xae,0xe8,0xb2,0xac,0xe4,0xbb,0xbb,0xe3,0x81,0xaf,0xe8,0xb2,
  0xa0,0xe3,0x81,0x84,0xe3,0x81,0x8b,0xe3,0x81,0xad,0xe3,0x81,0xbe,0xe3,0x81,0x99,
  0xe3,0x80,0x82,0x0a,0x0a,0x28,0x55,0x6e,0x6f,0x66,0x66,0x69,0x63,0x69,0x61,0x6c,
  0x20,0x45,0x6e,0x67,0x6c,0x69,0x73,0x68,0x20,0x74,0x72,0x61,0x6e,0x73,0x6c,0x61,
  0x74,0x69,0x6f,0x6e,0x3b,0x20,0x74,0x68,0x65,0x20,0x4a,0x61,0x70,0x61,0x6e,0x65,
  0x73,0x65,0x20,0x74,0x65,0x78,0x74,0x20,0x61,0x62,0x6f,0x76,0x65,0x20,0x69,0x73,
  0x20,0x61,0x75,0x74,0x68,0x6f,0x72,0x69,0x74,0x61,0x74,0x69,0x76,0x65,0x29,0x0a,
  0x0a,0x3c,0x41,0x62,0x6f,0x75,0x74,0x20,0x6c,0x69,0x63,0x65,0x6e,0x73,0x69,0x6e,
  0x67,0x3e,0x0a,0x0a,0x20,0x20,0x20,0x20,0x2d,0x20,0x54,0x68,0x65,0x20,0x73,0x6f,
  0x75,0x72,0x63,0x65,0x20,0x63,0x6f,0x64,0x65,0x20,0x72,0x65,0x71,0x75,0x69,0x72,
  0x65,0x64,0x20,0x66,0x6f,0x72,0x20,0x70,0x6c,0x61,0x79,0x62,0x61,0x63,0x6b,0x20,
  0x28,0x69,0x6e,0x73,0x69,0x64,0x65,0x20,0x74,0x68,0x65,0x20,0x70,0x78,0x74,0x6f,
  0x6e,0x65,0x20,0x66,0x6f,0x6c,0x64,0x65,0x72,0x29,0x20,0x6d,0x61,0x79,0x20,0x62,
  0x65,0x0a,0x20,0x20,0x20,0x20,0x20,0x20,0x75,0x73,0x65,0x64,0x20,0x66,0x72,0x65,
  0x65,0x20,0x6f,0x66,0x20,0x63,0x68,0x61,0x72,0x67,0x65,0x2e,0x20,0x4d,0x6f,0x64,
  0x69,0x66,0x69,0x63,0x61,0x74,0x69,0x6f,0x6e,0x20,0x69,0x73,0x20,0x61,0x6c,0x73,
  0x6f,0x20,0x70,0x65,0x72,0x6d,0x69,0x74,0x74,0x65,0x64,0x2e,0x0a,0x20,0x20,0x20,
  0x20,0x2d,0x20,0x4e,0x6f,0x20,0x73,0x70,0x65,0x63,0x69,0x66,0x69,0x63,0x20,0x70,
  0x65,0x72,0x6d,0x69,0x73,0x73,0x69,0x6f,0x6e,0x20,0x6e,0x65,0x65,0x64,0x73,0x20,
  0x74,0x6f,0x20,0x62,0x65,0x20,0x6f,0x62,0x74,0x61,0x69,0x6e,0x65,0x64,0x2e,0x0a,
  0x20,0x20,0x20,0x20,0x2d,0x20,0x57,0x68,0x65,0x74,0x68,0x65,0x72,0x20,0x61,0x6e,
  0x64,0x20,0x68,0x6f,0x77,0x20,0x79,0x6f,0x75,0x20,0x63,0x72,0x65,0x64,0x69,0x74,
  0x20,0x74,0x68,0x65,0x20,0x75,0x73,0x65,0x20,0x69,0x73,0x20,0x6c,0x65,0x66,0x74,
  0x20,0x74,0x6f,0x20,0x79,0x6f,0x75,0x2e,0x0a,0x20,0x20,0x20,0x20,0x2d,0x20,0x54,
  0x68,0x65,0x20,0x61,0x75,0x74,0x68,0x6f,0x72,0x20,0x63,0x61,0x6e,0x6e,0x6f,0x74,
  0x20,0x61,0x63,0x63,0x65,0x70,0x74,0x20,0x72,0x65,0x73,0x70,0x6f,0x6e,0x73,0x69,
  0x62,0x69,0x6c,0x69,0x74,0x79,0x20,0x66,0x6f,0x72,0x20,0x61,0x6e,0x79,0x20,0x70,
  0x72,0x6f,0x62,0x6c,0x65,0x6d,0x73,0x20,0x63,0x61,0x75,0x73,0x65,0x64,0x20,0x62,
  0x79,0x20,0x75,0x73,0x65,0x2e,0x0a,0x0a,0x3d,0x3d,0x3d,0x3d,0x3d,0x3d,0x3d,0x3d,
  0x3d,0x3d,0x3d,0x3d,0x3d,0x3d,0x3d,0x3d,0x3d,0x3d,0x3d,0x3d,0x3d,0x3d,0x3d,0x3d,
  0x3d,0x3d,0x3d,0x3d,0x3d,0x3d,0x3d,0x3d,0x3d,0x3d,0x3d,0x3d,0x3d,0x3d,0x3d,0x3d,
  0x3d,0x3d,0x3d,0x3d,0x3d,0x3d,0x3d,0x3d,0x3d,0x3d,0x3d,0x3d,0x3d,0x3d,0x3d,0x3d,
  0x3d,0x3d,0x3d,0x3d,0x3d,0x3d,0x3d,0x3d,0x3d,0x3d,0x3d,0x3d,0x3d,0x3d,0x3d,0x3d,
  0x0a,0x4c,0x49,0x43,0x45,0x4e,0x53,0x45,0x53,0x2f,0x73,0x74,0x62,0x2e,0x74,0x78,
  0x74,0x0a,0x3d,0x3d,0x3d,0x3d,0x3d,0x3d,0x3d,0x3d,0x3d,0x3d,0x3d,0x3d,0x3d,0x3d,
  0x3d,0x3d,0x3d,0x3d,0x3d,0x3d,0x3d,0x3d,0x3d,0x3d,0x3d,0x3d,0x3d,0x3d,0x3d,0x3d,
  0x3d,0x3d,0x3d,0x3d,0x3d,0x3d,0x3d,0x3d,0x3d,0x3d,0x3d,0x3d,0x3d,0x3d,0x3d,0x3d,
  0x3d,0x3d,0x3d,0x3d,0x3d,0x3d,0x3d,0x3d,0x3d,0x3d,0x3d,0x3d,0x3d,0x3d,0x3d,0x3d,
  0x3d,0x3d,0x3d,0x3d,0x3d,0x3d,0x3d,0x3d,0x3d,0x3d,0x0a,0x4d,0x49,0x54,0x20,0x4c,
  0x69,0x63,0x65,0x6e,0x73,0x65,0x0a,0x0a,0x43,0x6f,0x70,0x79,0x72,0x69,0x67,0x68,
  0x74,0x20,0x28,0x63,0x29,0x20,0x32,0x30,0x31,0x37,0x20,0x53,0x65,0x61,0x6e,0x20,
  0x42,0x61,0x72,0x72,0x65,0x74,0x74,0x0a,0x0a,0x50,0x65,0x72,0x6d,0x69,0x73,0x73,
  0x69,0x6f,0x6e,0x20,0x69,0x73,0x20,0x68,0x65,0x72,0x65,0x62,0x79,0x20,0x67,0x72,
  0x61,0x6e,0x74,0x65,0x64,0x2c,0x20,0x66,0x72,0x65,0x65,0x20,0x6f,0x66,0x20,0x63,
  0x68,0x61,0x72,0x67,0x65,0x2c,0x20,0x74,0x6f,0x20,0x61,0x6e,0x79,0x20,0x70,0x65,
  0x72,0x73,0x6f,0x6e,0x20,0x6f,0x62,0x74,0x61,0x69,0x6e,0x69,0x6e,0x67,0x20,0x61,
  0x20,0x63,0x6f,0x70,0x79,0x0a,0x6f,0x66,0x20,0x74,0x68,0x69,0x73,0x20,0x73,0x6f,
  0x66,0x74,0x77,0x61,0x72,0x65,0x20,0x61,0x6e,0x64,0x20,0x61,0x73,0x73,0x6f,0x63,
  0x69,0x61,0x74,0x65,0x64,0x20,0x64,0x6f,0x63,0x75,0x6d,0x65,0x6e,0x74,0x61,0x74,
  0x69,0x6f,0x6e,0x20,0x66,0x69,0x6c,0x65,0x73,0x20,0x28,0x74,0x68,0x65,0x20,0x22,
  0x53,0x6f,0x66,0x74,0x77,0x61,0x72,0x65,0x22,0x29,0x2c,0x20,0x74,0x6f,0x20,0x64,
  0x65,0x61,0x6c,0x0a,0x69,0x6e,0x20,0x74,0x68,0x65,0x20,0x53,0x6f,0x66,0x74,0x77,
  0x61,0x72,0x65,0x20,0x77,0x69,0x74,0x68,0x6f,0x75,0x74,0x20,0x72,0x65,0x73,0x74,
  0x72,0x69,0x63,0x74,0x69,0x6f,0x6e,0x2c,0x20,0x69,0x6e,0x63,0x6c,0x75,0x64,0x69,
  0x6e,0x67,0x20,0x77,0x69,0x74,0x68,0x6f,0x75,0x74,0x20,0x6c,0x69,0x6d,0x69,0x74,
  0x61,0x74,0x69,0x6f,0x6e,0x20,0x74,0x68,0x65,0x20,0x72,0x69,0x67,0x68,0x74,0x73,
  0x0a,0x74,0x6f,0x20,0x75,0x73,0x65,0x2c,0x20,0x63,0x6f,0x70,0x79,0x2c,0x20,0x6d,
  0x6f,0x64,0x69,0x66,0x79,0x2c,0x20,0x6d,0x65,0x72,0x67,0x65,0x2c,0x20,0x70,0x75,
  0x62,0x6c,0x69,0x73,0x68,0x2c,0x20,0x64,0x69,0x73,0x74,0x72,0x69,0x62,0x75,0x74,
  0x65,0x2c,0x20,0x73,0x75,0x62,0x6c,0x69,0x63,0x65,0x6e,0x73,0x65,0x2c,0x20,0x61,
  0x6e,0x64,0x2f,0x6f,0x72,0x20,0x73,0x65,0x6c,0x6c,0x0a,0x63,0x6f,0x70,0x69,0x65,
  0x73,0x20,0x6f,0x66,0x20,0x74,0x68,0x65,0x20,0x53,0x6f,0x66,0x74,0x77,0x61,0x72,
  0x65,0x2c,0x20,0x61,0x6e,0x64,0x20,0x74,0x6f,0x20,0x70,0x65,0x72,0x6d,0x69,0x74,
  0x20,0x70,0x65,0x72,0x73,0x6f,0x6e,0x73,0x20,0x74,0x6f,0x20,0x77,0x68,0x6f,0x6d,
  0x20,0x74,0x68,0x65,0x20,0x53,0x6f,0x66,0x74,0x77,0x61,0x72,0x65,0x20,0x69,0x73,
  0x0a,0x66,0x75,0x72,0x6e,0x69,0x73,0x68,0x65,0x64,0x20,0x74,0x6f,0x20,0x64,0x6f,
  0x20,0x73,0x6f,0x2c,0x20,0x73,0x75,0x62,0x6a,0x65,0x63,0x74,0x20,0x74,0x6f,0x20,
  0x74,0x68,0x65,0x20,0x66,0x6f,0x6c,0x6c,0x6f,0x77,0x69,0x6e,0x67,0x20,0x63,0x6f,
  0x6e,0x64,0x69,0x74,0x69,0x6f,0x6e,0x73,0x3a,0x0a,0x0a,0x54,0x68,0x65,0x20,0x61,
  0x62,0x6f,0x76,0x65,0x20,0x63,0x6f,0x70,0x79,0x72,0x69,0x67,0x68,0x74,0x20,0x6e,
  0x6f,0x74,0x69,0x63,0x65,0x20,0x61,0x6e,0x64,0x20,0x74,0x68,0x69,0x73,0x20,0x70,
  0x65,0x72,0x6d,0x69,0x73,0x73,0x69,0x6f,0x6e,0x20,0x6e,0x6f,0x74,0x69,0x63,0x65,
  0x20,0x73,0x68,0x61,0x6c,0x6c,0x20,0x62,0x65,0x20,0x69,0x6e,0x63,0x6c,0x75,0x64,
  0x65,0x64,0x20,0x69,0x6e,0x20,0x61,0x6c,0x6c,0x0a,0x63,0x6f,0x70,0x69,0x65,0x73,
  0x20,0x6f,0x72,0x20,0x73,0x75,0x62,0x73,0x74,0x61,0x6e,0x74,0x69,0x61,0x6c,0x20,
  0x70,0x6f,0x72,0x74,0x69,0x6f,0x6e,0x73,0x20,0x6f,0x66,0x20,0x74,0x68,0x65,0x20,
  0x53,0x6f,0x66,0x74,0x77,0x61,0x72,0x65,0x2e,0x0a,0x0a,0x54,0x48,0x45,0x20,0x53,
  0x4f,0x46,0x54,0x57,0x41,0x52,0x45,0x20,0x49,0x53,0x20,0x50,0x52,0x4f,0x56,0x49,
  0x44,0x45,0x44,0x20,0x22,0x41,0x53,0x20,0x49,0x53,0x22,0x2c,0x20,0x57,0x49,0x54,
  0x48,0x4f,0x55,0x54,0x20,0x57,0x41,0x52,0x52,0x41,0x4e,0x54,0x59,0x20,0x4f,0x46,
  0x20,0x41,0x4e,0x59,0x20,0x4b,0x49,0x4e,0x44,0x2c,0x20,0x45,0x58,0x50,0x52,0x45,
  0x53,0x53,0x20,0x4f,0x52,0x0a,0x49,0x4d,0x50,0x4c,0x49,0x45,0x44,0x2c,0x20,0x49,
  0x4e,0x43,0x4c,0x55,0x44,0x49,0x4e,0x47,0x20,0x42,0x55,0x54,0x20,0x4e,0x4f,0x54,
  0x20,0x4c,0x49,0x4d,0x49,0x54,0x45,0x44,0x20,0x54,0x4f,0x20,0x54,0x48,0x45,0x20,
  0x57,0x41,0x52,0x52,0x41,0x4e,0x54,0x49,0x45,0x53,0x20,0x4f,0x46,0x20,0x4d,0x45,
  0x52,0x43,0x48,0x41,0x4e,0x54,0x41,0x42,0x49,0x4c,0x49,0x54,0x59,0x2c,0x0a,0x46,
  0x49,0x54,0x4e,0x45,0x53,0x53,0x20,0x46,0x4f,0x52,0x20,0x41,0x20,0x50,0x41,0x52,
  0x54,0x49,0x43,0x55,0x4c,0x41,0x52,0x20,0x50,0x55,0x52,0x50,0x4f,0x53,0x45,0x20,
  0x41,0x4e,0x44,0x20,0x4e,0x4f,0x4e,0x49,0x4e,0x46,0x52,0x49,0x4e,0x47,0x45,0x4d,
  0x45,0x4e,0x54,0x2e,0x20,0x49,0x4e,0x20,0x4e,0x4f,0x20,0x45,0x56,0x45,0x4e,0x54,
  0x20,0x53,0x48,0x41,0x4c,0x4c,0x20,0x54,0x48,0x45,0x0a,0x41,0x55,0x54,0x48,0x4f,
  0x52,0x53,0x20,0x4f,0x52,0x20,0x43,0x4f,0x50,0x59,0x52,0x49,0x47,0x48,0x54,0x20,
  0x48,0x4f,0x4c,0x44,0x45,0x52,0x53,0x20,0x42,0x45,0x20,0x4c,0x49,0x41,0x42,0x4c,
  0x45,0x20,0x46,0x4f,0x52,0x20,0x41,0x4e,0x59,0x20,0x43,0x4c,0x41,0x49,0x4d,0x2c,
  0x20,0x44,0x41,0x4d,0x41,0x47,0x45,0x53,0x20,0x4f,0x52,0x20,0x4f,0x54,0x48,0x45,
  0x52,0x0a,0x4c,0x49,0x41,0x42,0x49,0x4c,0x49,0x54,0x59,0x2c,0x20,0x57,0x48,0x45,
  0x54,0x48,0x45,0x52,0x20,0x49,0x4e,0x20,0x41,0x4e,0x20,0x41,0x43,0x54,0x49,0x4f,
  0x4e,0x20,0x4f,0x46,0x20,0x43,0x4f,0x4e,0x54,0x52,0x41,0x43,0x54,0x2c,0x20,0x54,
  0x4f,0x52,0x54,0x20,0x4f,0x52,0x20,0x4f,0x54,0x48,0x45,0x52,0x57,0x49,0x53,0x45,
  0x2c,0x20,0x41,0x52,0x49,0x53,0x49,0x4e,0x47,0x20,0x46,0x52,0x4f,0x4d,0x2c,0x0a,
  0x4f,0x55,0x54,0x20,0x4f,0x46,0x20,0x4f,0x52,0x20,0x49,0x4e,0x20,0x43,0x4f,0x4e,
  0x4e,0x45,0x43,0x54,0x49,0x4f,0x4e,0x20,0x57,0x49,0x54,0x48,0x20,0x54,0x48,0x45,
  0x20,0x53,0x4f,0x46,0x54,0x57,0x41,0x52,0x45,0x20,0x4f,0x52,0x20,0x54,0x48,0x45,
  0x20,0x55,0x53,0x45,0x20,0x4f,0x52,0x20,0x4f,0x54,0x48,0x45,0x52,0x20,0x44,0x45,
  0x41,0x4c,0x49,0x4e,0x47,0x53,0x20,0x49,0x4e,0x20,0x54,0x48,0x45,0x0a,0x53,0x4f,
  0x46,0x54,0x57,0x41,0x52,0x45,0x2e,0x0a,0x0a,0x3d,0x3d,0x3d,0x3d,0x3d,0x3d,0x3d,
  0x3d,0x3d,0x3d,0x3d,0x3d,0x3d,0x3d,0x3d,0x3d,0x3d,0x3d,0x3d,0x3d,0x3d,0x3d,0x3d,
  0x3d,0x3d,0x3d,0x3d,0x3d,0x3d,0x3d,0x3d,0x3d,0x3d,0x3d,0x3d,0x3d,0x3d,0x3d,0x3d,
  0x3d,0x3d,0x3d,0x3d,0x3d,0x3d,0x3d,0x3d,0x3d,0x3d,0x3d,0x3d,0x3d,0x3d,0x3d,0x3d,
  0x3d,0x3d,0x3d,0x3d,0x3d,0x3d,0x3d,0x3d,0x3d,0x3d,0x3d,0x3d,0x3d,0x3d,0x3d,0x3d,
  0x3d,0x0a,0x4c,0x49,0x43,0x45,0x4e,0x53,0x45,0x53,0x2f,0x77,0x77,0x32,0x6f,0x67,
  0x67,0x2e,0x74,0x78,0x74,0x0a,0x3d,0x3d,0x3d,0x3d,0x3d,0x3d,0x3d,0x3d,0x3d,0x3d,
  0x3d,0x3d,0x3d,0x3d,0x3d,0x3d,0x3d,0x3d,0x3d,0x3d,0x3d,0x3d,0x3d,0x3d,0x3d,0x3d,
  0x3d,0x3d,0x3d,0x3d,0x3d,0x3d,0x3d,0x3d,0x3d,0x3d,0x3d,0x3d,0x3d,0x3d,0x3d,0x3d,
  0x3d,0x3d,0x3d,0x3d,0x3d,0x3d,0x3d,0x3d,0x3d,0x3d,0x3d,0x3d,0x3d,0x3d,0x3d,0x3d,
  0x3d,0x3d,0x3d,0x3d,0x3d,0x3d,0x3d,0x3d,0x3d,0x3d,0x3d,0x3d,0x3d,0x3d,0x0a,0x43,
  0x6f,0x70,0x79,0x72,0x69,0x67,0x68,0x74,0x20,0x28,0x63,0x29,0x20,0x32,0x30,0x30,
  0x32,0x2c,0x20,0x58,0x69,0x70,0x68,0x2e,0x6f,0x72,0x67,0x20,0x46,0x6f,0x75,0x6e,
  0x64,0x61,0x74,0x69,0x6f,0x6e,0x0a,0x43,0x6f,0x70,0x79,0x72,0x69,0x67,0x68,0x74,
  0x20,0x28,0x63,0x29,0x20,0x32,0x30,0x30,0x39,0x2d,0x32,0x30,0x31,0x36,0x2c,0x20,
  0x41,0x64,0x61,0x6d,0x20,0x47,0x61,0x73,0x68,0x6c,0x69,0x6e,0x0a,0x0a,0x52,0x65,
  0x64,0x69,0x73,0x74,0x72,0x69,0x62,0x75,0x74,0x69,0x6f,0x6e,0x20,0x61,0x6e,0x64,
  0x20,0x75,0x73,0x65,0x20,0x69,0x6e,0x20,0x73,0x6f,0x75,0x72,0x63,0x65,0x20,0x61,
  0x6e,0x64,0x20,0x62,0x69,0x6e,0x61,0x72,0x79,0x20,0x66,0x6f,0x72,0x6d,0x73,0x2c,
  0x20,0x77,0x69,0x74,0x68,0x20,0x6f,0x72,0x20,0x77,0x69,0x74,0x68,0x6f,0x75,0x74,
  0x0a,0x6d,0x6f,0x64,0x69,0x66,0x69,0x63,0x61,0x74,0x69,0x6f,0x6e,0x2c,0x20,0x61,
  0x72,0x65,0x20,0x70,0x65,0x72,0x6d,0x69,0x74,0x74,0x65,0x64,0x20,0x70,0x72,0x6f,
  0x76,0x69,0x64,0x65,0x64,0x20,0x74,0x68,0x61,0x74,0x20,0x74,0x68,0x65,0x20,0x66,
  0x6f,0x6c,0x6c,0x6f,0x77,0x69,0x6e,0x67,0x20,0x63,0x6f,0x6e,0x64,0x69,0x74,0x69,
  0x6f,0x6e,0x73,0x0a,0x61,0x72,0x65,0x20,0x6d,0x65,0x74,0x3a,0x0a,0x0a,0x2d,0x20,
  0x52,0x65,0x64,0x69,0x73,0x74,0x72,0x69,0x62,0x75,0x74,0x69,0x6f,0x6e,0x73,0x20,
  0x6f,0x66,0x20,0x73,0x6f,0x75,0x72,0x63,0x65,0x20,0x63,0x6f,0x64,0x65,0x20,0x6d,
  0x75,0x73,0x74,0x20,0x72,0x65,0x74,0x61,0x69,0x6e,0x20,0x74,0x68,0x65,0x20,0x61,
  0x62,0x6f,0x76,0x65,0x20,0x63,0x6f,0x70,0x79,0x72,0x69,0x67,0x68,0x74,0x0a,0x6e,
  0x6f,0x74,0x69,0x63,0x65,0x2c,0x20,0x74,0x68,0x69,0x73,0x20,0x6c,0x69,0x73,0x74,
  0x20,0x6f,0x66,0x20,0x63,0x6f,0x6e,0x64,0x69,0x74,0x69,0x6f,0x6e,0x73,0x20,0x61,
  0x6e,0x64,0x20,0x74,0x68,0x65,0x20,0x66,0x6f,0x6c,0x6c,0x6f,0x77,0x69,0x6e,0x67,
  0x20,0x64,0x69,0x73,0x63,0x6c,0x61,0x69,0x6d,0x65,0x72,0x2e,0x0a,0x0a,0x2d,0x20,
  0x52,0x65,0x64,0x69,0x73,0x74,0x72,0x69,0x62,0x75,0x74,0x69,0x6f,0x6e,0x73,0x20,
  0x69,0x6e,0x20,0x62,0x69,0x6e,0x61,0x72,0x79,0x20,0x66,0x6f,0x72,0x6d,0x20,0x6d,
  0x75,0x73,0x74,0x20,0x72,0x65,0x70,0x72,0x6f,0x64,0x75,0x63,0x65,0x20,0x74,0x68,
  0x65,0x20,0x61,0x62,0x6f,0x76,0x65,0x20,0x63,0x6f,0x70,0x79,0x72,0x69,0x67,0x68,
  0x74,0x0a,0x6e,0x6f,0x74,0x69,0x63,0x65,0x2c,0x20,0x74,0x68,0x69,0x73,0x20,0x6c,
  0x69,0x73,0x74,0x20,0x6f,0x66,0x20,0x63,0x6f,0x6e,0x64,0x69,0x74,0x69,0x6f,0x6e,
  0x73,0x20,0x61,0x6e,0x64,0x20,0x74,0x68,0x65,0x20,0x66,0x6f,0x6c,0x6c,0x6f,0x77,
  0x69,0x6e,0x67,0x20,0x64,0x69,0x73,0x63,0x6c,0x61,0x69,0x6d,0x65,0x72,0x20,0x69,
  0x6e,0x20,0x74,0x68,0x65,0x0a,0x64,0x6f,0x63,0x75,0x6d,0x65,0x6e,0x74,0x61,0x74,
  0x69,0x6f,0x6e,0x20,0x61,0x6e,0x64,0x2f,0x6f,0x72,0x20,0x6f,0x74,0x68,0x65,0x72,
  0x20,0x6d,0x61,0x74,0x65,0x72,0x69,0x61,0x6c,0x73,0x20,0x70,0x72,0x6f,0x76,0x69,
  0x64,0x65,0x64,0x20,0x77,0x69,0x74,0x68,0x20,0x74,0x68,0x65,0x20,0x64,0x69,0x73,
  0x74,0x72,0x69,0x62,0x75,0x74,0x69,0x6f,0x6e,0x2e,0x0a,0x0a,0x2d,0x20,0x4e,0x65,
  0x69,0x74,0x68,0x65,0x72,0x20,0x74,0x68,0x65,0x20,0x6e,0x61,0x6d,0x65,0x20,0x6f,
  0x66,0x20,0x74,0x68,0x65,0x20,0x58,0x69,0x70,0x68,0x2e,0x6f,0x72,0x67,0x20,0x46,
  0x6f,0x75,0x6e,0x64,0x61,0x74,0x69,0x6f,0x6e,0x20,0x6e,0x6f,0x72,0x20,0x74,0x68,
  0x65,0x20,0x6e,0x61,0x6d,0x65,0x73,0x20,0x6f,0x66,0x20,0x69,0x74,0x73,0x0a,0x63,
  0x6f,0x6e,0x74,0x72,0x69,0x62,0x75,0x74,0x6f,0x72,0x73,0x20,0x6d,0x61,0x79,0x20,
  0x62,0x65,0x20,0x75,0x73,0x65,0x64,0x20,0x74,0x6f,0x20,0x65,0x6e,0x64,0x6f,0x72,
  0x73,0x65,0x20,0x6f,0x72,0x20,0x70,0x72,0x6f,0x6d,0x6f,0x74,0x65,0x20,0x70,0x72,
  0x6f,0x64,0x75,0x63,0x74,0x73,0x20,0x64,0x65,0x72,0x69,0x76,0x65,0x64,0x20,0x66,
  0x72,0x6f,0x6d,0x0a,0x74,0x68,0x69,0x73,0x20,0x73,0x6f,0x66,0x74,0x77,0x61,0x72,
  0x65,0x20,0x77,0x69,0x74,0x68,0x6f,0x75,0x74,0x20,0x73,0x70,0x65,0x63,0x69,0x66,
  0x69,0x63,0x20,0x70,0x72,0x69,0x6f,0x72,0x20,0x77,0x72,0x69,0x74,0x74,0x65,0x6e,
  0x20,0x70,0x65,0x72,0x6d,0x69,0x73,0x73,0x69,0x6f,0x6e,0x2e,0x0a,0x0a,0x54,0x48,
  0x49,0x53,0x20,0x53,0x4f,0x46,0x54,0x57,0x41,0x52,0x45,0x20,0x49,0x53,0x20,0x50,
  0x52,0x4f,0x56,0x49,0x44,0x45,0x44,0x20,0x42,0x59,0x20,0x54,0x48,0x45,0x20,0x43,
  0x4f,0x50,0x59,0x52,0x49,0x47,0x48,0x54,0x20,0x48,0x4f,0x4c,0x44,0x45,0x52,0x53,
  0x20,0x41,0x4e,0x44,0x20,0x43,0x4f,0x4e,0x54,0x52,0x49,0x42,0x55,0x54,0x4f,0x52,
  0x53,0x0a,0x60,0x60,0x41,0x53,0x20,0x49,0x53,0x27,0x27,0x20,0x41,0x4e,0x44,0x20,
  0x41,0x4e,0x59,0x20,0x45,0x58,0x50,0x52,0x45,0x53,0x53,0x20,0x4f,0x52,0x20,0x49,
  0x4d,0x50,0x4c,0x49,0x45,0x44,0x20,0x57,0x41,0x52,0x52,0x41,0x4e,0x54,0x49,0x45,
  0x53,0x2c,0x20,0x49,0x4e,0x43,0x4c,0x55,0x44,0x49,0x4e,0x47,0x2c,0x20,0x42,0x55,
  0x54,0x20,0x4e,0x4f,0x54,0x0a,0x4c,0x49,0x4d,0x49,0x54,0x45,0x44,0x20,0x54,0x4f,
  0x2c,0x20,0x54,0x48,0x45,0x20,0x49,0x4d,0x50,0x4c,0x49,0x45,0x44,0x20,0x57,0x41,
  0x52,0x52,0x41,0x4e,0x54,0x49,0x45,0x53,0x20,0x4f,0x46,0x20,0x4d,0x45,0x52,0x43,
  0x48,0x41,0x4e,0x54,0x41,0x42,0x49,0x4c,0x49,0x54,0x59,0x20,0x41,0x4e,0x44,0x20,
  0x46,0x49,0x54,0x4e,0x45,0x53,0x53,0x20,0x46,0x4f,0x52,0x0a,0x41,0x20,0x50,0x41,
  0x52,0x54,0x49,0x43,0x55,0x4c,0x41,0x52,0x20,0x50,0x55,0x52,0x50,0x4f,0x53,0x45,
  0x20,0x41,0x52,0x45,0x20,0x44,0x49,0x53,0x43,0x4c,0x41,0x49,0x4d,0x45,0x44,0x2e,
  0x20,0x20,0x49,0x4e,0x20,0x4e,0x4f,0x20,0x45,0x56,0x45,0x4e,0x54,0x20,0x53,0x48,
  0x41,0x4c,0x4c,0x20,0x54,0x48,0x45,0x20,0x46,0x4f,0x55,0x4e,0x44,0x41,0x54,0x49,
  0x4f,0x4e,0x0a,0x4f,0x52,0x20,0x43,0x4f,0x4e,0x54,0x52,0x49,0x42,0x55,0x54,0x4f,
  0x52,0x53,0x20,0x42,0x45,0x20,0x4c,0x49,0x41,0x42,0x4c,0x45,0x20,0x46,0x4f,0x52,
  0x20,0x41,0x4e,0x59,0x20,0x44,0x49,0x52,0x45,0x43,0x54,0x2c,0x20,0x49,0x4e,0x44,
  0x49,0x52,0x45,0x43,0x54,0x2c,0x20,0x49,0x4e,0x43,0x49,0x44,0x45,0x4e,0x54,0x41,
  0x4c,0x2c,0x0a,0x53,0x50,0x45,0x43,0x49,0x41,0x4c,0x2c,0x20,0x45,0x58,0x45,0x4d,
  0x50,0x4c,0x41,0x52,0x59,0x2c,0x20,0x4f,0x52,0x20,0x43,0x4f,0x4e,0x53,0x45,0x51,
  0x55,0x45,0x4e,0x54,0x49,0x41,0x4c,0x20,0x44,0x41,0x4d,0x41,0x47,0x45,0x53,0x20,
  0x28,0x49,0x4e,0x43,0x4c,0x55,0x44,0x49,0x4e,0x47,0x2c,0x20,0x42,0x55,0x54,0x20,
  0x4e,0x4f,0x54,0x0a,0x4c,0x49,0x4d,0x49,0x54,0x45,0x44,0x20,0x54,0x4f,0x2c,0x20,
  0x50,0x52,0x4f,0x43,0x55,0x52,0x45,0x4d,0x45,0x4e,0x54,0x20,0x4f,0x46,0x20,0x53,
  0x55,0x42,0x53,0x54,0x49,0x54,0x55,0x54,0x45,0x20,0x47,0x4f,0x4f,0x44,0x53,0x20,
  0x4f,0x52,0x20,0x53,0x45,0x52,0x56,0x49,0x43,0x45,0x53,0x3b,0x20,0x4c,0x4f,0x53,
  0x53,0x20,0x4f,0x46,0x20,0x55,0x53,0x45,0x2c,0x0a,0x44,0x41,0x54,0x41,0x2c,0x20,
  0x4f,0x52,0x20,0x50,0x52,0x4f,0x46,0x49,0x54,0x53,0x3b,0x20,0x4f,0x52,0x20,0x42,
  0x55,0x53,0x49,0x4e,0x45,0x53,0x53,0x20,0x49,0x4e,0x54,0x45,0x52,0x52,0x55,0x50,
  0x54,0x49,0x4f,0x4e,0x29,0x20,0x48,0x4f,0x57,0x45,0x56,0x45,0x52,0x20,0x43,0x41,
  0x55,0x53,0x45,0x44,0x20,0x41,0x4e,0x44,0x20,0x4f,0x4e,0x20,0x41,0x4e,0x59,0x0a,
  0x54,0x48,0x45,0x4f,0x52,0x59,0x20,0x4f,0x46,0x20,0x4c,0x49,0x41,0x42,0x49,0x4c,
  0x49,0x54,0x59,0x2c,0x20,0x57,0x48,0x45,0x54,0x48,0x45,0x52,0x20,0x49,0x4e,0x20,
  0x43,0x4f,0x4e,0x54,0x52,0x41,0x43,0x54,0x2c,0x20,0x53,0x54,0x52,0x49,0x43,0x54,
  0x20,0x4c,0x49,0x41,0x42,0x49,0x4c,0x49,0x54,0x59,0x2c,0x20,0x4f,0x52,0x20,0x54,
  0x4f,0x52,0x54,0x0a,0x28,0x49,0x4e,0x43,0x4c,0x55,0x44,0x49,0x4e,0x47,0x20,0x4e,
  0x45,0x47,0x4c,0x49,0x47,0x45,0x4e,0x43,0x45,0x20,0x4f,0x52,0x20,0x4f,0x54,0x48,
  0x45,0x52,0x57,0x49,0x53,0x45,0x29,0x20,0x41,0x52,0x49,0x53,0x49,0x4e,0x47,0x20,
  0x49,0x4e,0x20,0x41,0x4e,0x59,0x20,0x57,0x41,0x59,0x20,0x4f,0x55,0x54,0x20,0x4f,
  0x46,0x20,0x54,0x48,0x45,0x20,0x55,0x53,0x45,0x0a,0x4f,0x46,0x20,0x54,0x48,0x49,
  0x53,0x20,0x53,0x4f,0x46,0x54,0x57,0x41,0x52,0x45,0x2c,0x20,0x45,0x56,0x45,0x4e,
  0x20,0x49,0x46,0x20,0x41,0x44,0x56,0x49,0x53,0x45,0x44,0x20,0x4f,0x46,0x20,0x54,
  0x48,0x45,0x20,0x50,0x4f,0x53,0x53,0x49,0x42,0x49,0x4c,0x49,0x54,0x59,0x20,0x4f,
  0x46,0x20,0x53,0x55,0x43,0x48,0x20,0x44,0x41,0x4d,0x41,0x47,0x45,0x2e,0x0a,0x0a,
  0x3d,0x3d,0x3d,0x3d,0x3d,0x3d,0x3d,0x3d,0x3d,0x3d,0x3d,0x3d,0x3d,0x3d,0x3d,0x3d,
  0x3d,0x3d,0x3d,0x3d,0x3d,0x3d,0x3d,0x3d,0x3d,0x3d,0x3d,0x3d,0x3d,0x3d,0x3d,0x3d,
  0x3d,0x3d,0x3d,0x3d,0x3d,0x3d,0x3d,0x3d,0x3d,0x3d,0x3d,0x3d,0x3d,0x3d,0x3d,0x3d,
  0x3d,0x3d,0x3d,0x3d,0x3d,0x3d,0x3d,0x3d,0x3d,0x3d,0x3d,0x3d,0x3d,0x3d,0x3d,0x3d,
  0x3d,0x3d,0x3d,0x3d,0x3d,0x3d,0x3d,0x3d,0x0a,0x4c,0x49,0x43,0x45,0x4e,0x53,0x45,
  0x53,0x2f,0x78,0x64,0x65,0x6c,0x74,0x61,0x33,0x2e,0x74,0x78,0x74,0x0a,0x3d,0x3d,
  0x3d,0x3d,0x3d,0x3d,0x3d,0x3d,0x3d,0x3d,0x3d,0x3d,0x3d,0x3d,0x3d,0x3d,0x3d,0x3d,
  0x3d,0x3d,0x3d,0x3d,0x3d,0x3d,0x3d,0x3d,0x3d,0x3d,0x3d,0x3d,0x3d,0x3d,0x3d,0x3d,
  0x3d,0x3d,0x3d,0x3d,0x3d,0x3d,0x3d,0x3d,0x3d,0x3d,0x3d,0x3d,0x3d,0x3d,0x3d,0x3d,
  0x3d,0x3d,0x3d,0x3d,0x3d,0x3d,0x3d,0x3d,0x3d,0x3d,0x3d,0x3d,0x3d,0x3d,0x3d,0x3d,
  0x3d,0x3d,0x3d,0x3d,0x3d,0x3d,0x0a,0x41,0x70,0x61,0x63,0x68,0x65,0x20,0x4c,0x69,
  0x63,0x65,0x6e,0x73,0x65,0x0a,0x56,0x65,0x72,0x73,0x69,0x6f,0x6e,0x20,0x32,0x2e,
  0x30,0x2c,0x20,0x4a,0x61,0x6e,0x75,0x61,0x72,0x79,0x20,0x32,0x30,0x30,0x34,0x0a,
  0x68,0x74,0x74,0x70,0x3a,0x2f,0x2f,0x77,0x77,0x77,0x2e,0x61,0x70,0x61,0x63,0x68,
  0x65,0x2e,0x6f,0x72,0x67,0x2f,0x6c,0x69,0x63,0x65,0x6e,0x73,0x65,0x73,0x2f,0x0a,
  0x0a,0x54,0x45,0x52,0x4d,0x53,0x20,0x41,0x4e,0x44,0x20,0x43,0x4f,0x4e,0x44,0x49,
  0x54,0x49,0x4f,0x4e,0x53,0x20,0x46,0x4f,0x52,0x20,0x55,0x53,0x45,0x2c,0x20,0x52,
  0x45,0x50,0x52,0x4f,0x44,0x55,0x43,0x54,0x49,0x4f,0x4e,0x2c,0x20,0x41,0x4e,0x44,
  0x20,0x44,0x49,0x53,0x54,0x52,0x49,0x42,0x55,0x54,0x49,0x4f,0x4e,0x0a,0x0a,0x31,
  0x2e,0x20,0x44,0x65,0x66,0x69,0x6e,0x69,0x74,0x69,0x6f,0x6e,0x73,0x2e,0x0a,0x0a,
  0x22,0x4c,0x69,0x63,0x65,0x6e,0x73,0x65,0x22,0x20,0x73,0x68,0x61,0x6c,0x6c,0x20,
  0x6d,0x65,0x61,0x6e,0x20,0x74,0x68,0x65,0x20,0x74,0x65,0x72,0x6d,0x73,0x20,0x61,
  0x6e,0x64,0x20,0x63,0x6f,0x6e,0x64,0x69,0x74,0x69,0x6f,0x6e,0x73,0x20,0x66,0x6f,
  0x72,0x20,0x75,0x73,0x65,0x2c,0x20,0x72,0x65,0x70,0x72,0x6f,0x64,0x75,0x63,0x74,
  0x69,0x6f,0x6e,0x2c,0x0a,0x61,0x6e,0x64,0x20,0x64,0x69,0x73,0x74,0x72,0x69,0x62,
  0x75,0x74,0x69,0x6f,0x6e,0x20,0x61,0x73,0x20,0x64,0x65,0x66,0x69,0x6e,0x65,0x64,
  0x20,0x62,0x79,0x20,0x53,0x65,0x63,0x74,0x69,0x6f,0x6e,0x73,0x20,0x31,0x20,0x74,
  0x68,0x72,0x6f,0x75,0x67,0x68,0x20,0x39,0x20,0x6f,0x66,0x20,0x74,0x68,0x69,0x73,
  0x20,0x64,0x6f,0x63,0x75,0x6d,0x65,0x6e,0x74,0x2e,0x0a,0x0a,0x22,0x4c,0x69,0x63,
  0x65,0x6e,0x73,0x6f,0x72,0x22,0x20,0x73,0x68,0x61,0x6c,0x6c,0x20,0x6d,0x65,0x61,
  0x6e,0x20,0x74,0x68,0x65,0x20,0x63,0x6f,0x70,0x79,0x72,0x69,0x67,0x68,0x74,0x20,
  0x6f,0x77,0x6e,0x65,0x72,0x20,0x6f,0x72,0x20,0x65,0x6e,0x74,0x69,0x74,0x79,0x20,
  0x61,0x75,0x74,0x68,0x6f,0x72,0x69,0x7a,0x65,0x64,0x20,0x62,0x79,0x0a,0x74,0x68,
  0x65,0x20,0x63,0x6f,0x70,0x79,0x72,0x69,0x67,0x68,0x74,0x20,0x6f,0x77,0x6e,0x65,
  0x72,0x20,0x74,0x68,0x61,0x74,0x20,0x69,0x73,0x20,0x67,0x72,0x61,0x6e,0x74,0x69,
  0x6e,0x67,0x20,0x74,0x68,0x65,0x20,0x4c,0x69,0x63,0x65,0x6e,0x73,0x65,0x2e,0x0a,
  0x0a,0x22,0x4c,0x65,0x67,0x61,0x6c,0x20,0x45,0x6e,0x74,0x69,0x74,0x79,0x22,0x20,
  0x73,0x68,0x61,0x6c,0x6c,0x20,0x6d,0x65,0x61,0x6e,0x20,0x74,0x68,0x65,0x20,0x75,
  0x6e,0x69,0x6f,0x6e,0x20,0x6f,0x66,0x20,0x74,0x68,0x65,0x20,0x61,0x63,0x74,0x69,
  0x6e,0x67,0x20,0x65,0x6e,0x74,0x69,0x74,0x79,0x20,0x61,0x6e,0x64,0x20,0x61,0x6c,
  0x6c,0x0a,0x6f,0x74,0x68,0x65,0x72,0x20,0x65,0x6e,0x74,0x69,0x74,0x69,0x65,0x73,
  0x20,0x74,0x68,0x61,0x74,0x20,0x63,0x6f,0x6e,0x74,0x72,0x6f,0x6c,0x2c,0x20,0x61,
  0x72,0x65,0x20,0x63,0x6f,0x6e,0x74,0x72,0x6f,0x6c,0x6c,0x65,0x64,0x20,0x62,0x79,
  0x2c,0x20,0x6f,0x72,0x20,0x61,0x72,0x65,0x20,0x75,0x6e,0x64,0x65,0x72,0x20,0x63,
  0x6f,0x6d,0x6d,0x6f,0x6e,0x0a,0x63,0x6f,0x6e,0x74,0x72,0x6f,0x6c,0x20,0x77,0x69,
  0x74,0x68,0x20,0x74,0x68,0x61,0x74,0x20,0x65,0x6e,0x74,0x69,0x74,0x79,0x2e,0x20,
  0x46,0x6f,0x72,0x20,0x74,0x68,0x65,0x20,0x70,0x75,0x72,0x70,0x6f,0x73,0x65,0x73,
  0x20,0x6f,0x66,0x20,0x74,0x68,0x69,0x73,0x20,0x64,0x65,0x66,0x69,0x6e,0x69,0x74,
  0x69,0x6f,0x6e,0x2c,0x0a,0x22,0x63,0x6f,0x6e,0x74,0x72,0x6f,0x6c,0x22,0x20,0x6d,
  0x65,0x61,0x6e,0x73,0x20,0x28,0x69,0x29,0x20,0x74,0x68,0x65,0x20,0x70,0x6f,0x77,
  0x65,0x72,0x2c,0x20,0x64,0x69,0x72,0x65,0x63,0x74,0x20,0x6f,0x72,0x20,0x69,0x6e,
  0x64,0x69,0x72,0x65,0x63,0x74,0x2c,0x20,0x74,0x6f,0x20,0x63,0x61,0x75,0x73,0x65,
  0x20,0x74,0x68,0x65,0x0a,0x64,0x69,0x72,0x65,0x63,0x74,0x69,0x6f,0x6e,0x20,0x6f,
  0x72,0x20,0x6d,0x61,0x6e,0x61,0x67,0x65,0x6d,0x65,0x6e,0x74,0x20,0x6f,0x66,0x20,
  0x73,0x75,0x63,0x68,0x20,0x65,0x6e,0x74,0x69,0x74,0x79,0x2c,0x20,0x77,0x68,0x65,
  0x74,0x68,0x65,0x72,0x20,0x62,0x79,0x20,0x63,0x6f,0x6e,0x74,0x72,0x61,0x63,0x74,
  0x20,0x6f,0x72,0x0a,0x6f,0x74,0x68,0x65,0x72,0x77,0x69,0x73,0x65,0x2c,0x20,0x6f,
  0x72,0x20,0x28,0x69,0x69,0x29,0x20,0x6f,0x77,0x6e,0x65,0x72,0x73,0x68,0x69,0x70,
  0x20,0x6f,0x66,0x20,0x66,0x69,0x66,0x74,0x79,0x20,0x70,0x65,0x72,0x63,0x65,0x6e,
  0x74,0x20,0x28,0x35,0x30,0x25,0x29,0x20,0x6f,0x72,0x20,0x6d,0x6f,0x72,0x65,0x20,
  0x6f,0x66,0x20,0x74,0x68,0x65,0x0a,0x6f,0x75,0x74,0x73,0x74,0x61,0x6e,0x64,0x69,
  0x6e,0x67,0x20,0x73,0x68,0x61,0x72,0x65,0x73,0x2c,0x20,0x6f,0x72,0x20,0x28,0x69,
  0x69,0x69,0x29,0x20,0x62,0x65,0x6e,0x65,0x66,0x69,0x63,0x69,0x61,0x6c,0x20,0x6f,
  0x77,0x6e,0x65,0x72,0x73,0x68,0x69,0x70,0x20,0x6f,0x66,0x20,0x73,0x75,0x63,0x68,
  0x20,0x65,0x6e,0x74,0x69,0x74,0x79,0x2e,0x0a,0x0a,0x22,0x59,0x6f,0x75,0x22,0x20,
  0x28,0x6f,0x72,0x20,0x22,0x59,0x6f,0x75,0x72,0x22,0x29,0x20,0x73,0x68,0x61,0x6c,
  0x6c,0x20,0x6d,0x65,0x61,0x6e,0x20,0x61,0x6e,0x20,0x69,0x6e,0x64,0x69,0x76,0x69,
  0x64,0x75,0x61,0x6c,0x20,0x6f,0x72,0x20,0x4c,0x65,0x67,0x61,0x6c,0x20,0x45,0x6e,
  0x74,0x69,0x74,0x79,0x0a,0x65,0x78,0x65,0x72,0x63,0x69,0x73,0x69,0x6e,0x67,0x20,
  0x70,0x65,0x72,0x6d,0x69,0x73,0x73,0x69,0x6f,0x6e,0x73,0x20,0x67,0x72,0x61,0x6e,
  0x74,0x65,0x64,0x20,0x62,0x79,0x20,0x74,0x68,0x69,0x73,0x20,0x4c,0x69,0x63,0x65,
  0x6e,0x73,0x65,0x2e,0x0a,0x0a,0x22,0x53,0x6f,0x75,0x72,0x63,0x65,0x22,0x20,0x66,
  0x6f,0x72,0x6d,0x20,0x73,0x68,0x61,0x6c,0x6c,0x20,0x6d,0x65,0x61,0x6e,0x20,0x74,
  0x68,0x65,0x20,0x70,0x72,0x65,0x66,0x65,0x72,0x72,0x65,0x64,0x20,0x66,0x6f,0x72,
  0x6d,0x20,0x66,0x6f,0x72,0x20,0x6d,0x61,0x6b,0x69,0x6e,0x67,0x20,0x6d,0x6f,0x64,
  0x69,0x66,0x69,0x63,0x61,0x74,0x69,0x6f,0x6e,0x73,0x2c,0x0a,0x69,0x6e,0x63,0x6c,
  0x75,0x64,0x69,0x6e,0x67,0x20,0x62,0x75,0x74,0x20,0x6e,0x6f,0x74,0x20,0x6c,0x69,
  0x6d,0x69,0x74,0x65,0x64,0x20,0x74,0x6f,0x20,0x73,0x6f,0x66,0x74,0x77,0x61,0x72,
  0x65,0x20,0x73,0x6f,0x75,0x72,0x63,0x65,0x20,0x63,0x6f,0x64,0x65,0x2c,0x20,0x64,
  0x6f,0x63,0x75,0x6d,0x65,0x6e,0x74,0x61,0x74,0x69,0x6f,0x6e,0x0a,0x73,0x6f,0x75,
  0x72,0x63,0x65,0x2c,0x20,0x61,0x6e,0x64,0x20,0x63,0x6f,0x6e,0x66,0x69,0x67,0x75,
  0x72,0x61,0x74,0x69,0x6f,0x6e,0x20,0x66,0x69,0x6c,0x65,0x73,0x2e,0x0a,0x0a,0x22,
  0x4f,0x62,0x6a,0x65,0x63,0x74,0x22,0x20,0x66,0x6f,0x72,0x6d,0x20,0x73,0x68,0x61,
  0x6c,0x6c,0x20,0x6d,0x65,0x61,0x6e,0x20,0x61,0x6e,0x79,0x20,0x66,0x6f,0x72,0x6d,
  0x20,0x72,0x65,0x73,0x75,0x6c,0x74,0x69,0x6e,0x67,0x20,0x66,0x72,0x6f,0x6d,0x20,
  0x6d,0x65,0x63,0x68,0x61,0x6e,0x69,0x63,0x61,0x6c,0x0a,0x74,0x72,0x61,0x6e,0x73,
  0x66,0x6f,0x72,0x6d,0x61,0x74,0x69,0x6f,0x6e,0x20,0x6f,0x72,0x20,0x74,0x72,0x61,
  0x6e,0x73,0x6c,0x61,0x74,0x69,0x6f,0x6e,0x20,0x6f,0x66,0x20,0x61,0x20,0x53,0x6f,
  0x75,0x72,0x63,0x65,0x20,0x66,0x6f,0x72,0x6d,0x2c,0x20,0x69,0x6e,0x63,0x6c,0x75,
  0x64,0x69,0x6e,0x67,0x20,0x62,0x75,0x74,0x0a,0x6e,0x6f,0x74,0x20,0x6c,0x69,0x6d,
  0x69,0x74,0x65,0x64,0x20,0x74,0x6f,0x20,0x63,0x6f,0x6d,0x70,0x69,0x6c,0x65,0x64,
  0x20,0x6f,0x62,0x6a,0x65,0x63,0x74,0x20,0x63,0x6f,0x64,0x65,0x2c,0x20,0x67,0x65,
  0x6e,0x65,0x72,0x61,0x74,0x65,0x64,0x20,0x64,0x6f,0x63,0x75,0x6d,0x65,0x6e,0x74,
  0x61,0x74,0x69,0x6f,0x6e,0x2c,0x0a,0x61,0x6e,0x64,0x20,0x63,0x6f,0x6e,0x76,0x65,
  0x72,0x73,0x69,0x6f,0x6e,0x73,0x20,0x74,0x6f,0x20,0x6f,0x74,0x68,0x65,0x72,0x20,
  0x6d,0x65,0x64,0x69,0x61,0x20,0x74,0x79,0x70,0x65,0x73,0x2e,0x0a,0x0a,0x22,0x57,
  0x6f,0x72,0x6b,0x22,0x20,0x73,0x68,0x61,0x6c,0x6c,0x20,0x6d,0x65,0x61,0x6e,0x20,
  0x74,0x68,0x65,0x20,0x77,0x6f,0x72,0x6b,0x20,0x6f,0x66,0x20,0x61,0x75,0x74,0x68,
  0x6f,0x72,0x73,0x68,0x69,0x70,0x2c,0x20,0x77,0x68,0x65,0x74,0x68,0x65,0x72,0x20,
  0x69,0x6e,0x20,0x53,0x6f,0x75,0x72,0x63,0x65,0x20,0x6f,0x72,0x0a,0x4f,0x62,0x6a,
  0x65,0x63,0x74,0x20,0x66,0x6f,0x72,0x6d,0x2c,0x20,0x6d,0x61,0x64,0x65,0x20,0x61,
  0x76,0x61,0x69,0x6c,0x61,0x62,0x6c,0x65,0x20,0x75,0x6e,0x64,0x65,0x72,0x20,0x74,
  0x68,0x65,0x20,0x4c,0x69,0x63,0x65,0x6e,0x73,0x65,0x2c,0x20,0x61,0x73,0x20,0x69,
  0x6e,0x64,0x69,0x63,0x61,0x74,0x65,0x64,0x20,0x62,0x79,0x20,0x61,0x0a,0x63,0x6f,
  0x70,0x79,0x72,0x69,0x67,0x68,0x74,0x20,0x6e,0x6f,0x74,0x69,0x63,0x65,0x20,0x74,
  0x68,0x61,0x74,0x20,0x69,0x73,0x20,0x69,0x6e,0x63,0x6c,0x75,0x64,0x65,0x64,0x20,
  0x69,0x6e,0x20,0x6f,0x72,0x20,0x61,0x74,0x74,0x61,0x63,0x68,0x65,0x64,0x20,0x74,
  0x6f,0x20,0x74,0x68,0x65,0x20,0x77,0x6f,0x72,0x6b,0x0a,0x28,0x61,0x6e,0x20,0x65,
  0x78,0x61,0x6d,0x70,0x6c,0x65,0x20,0x69,0x73,0x20,0x70,0x72,0x6f,0x76,0x69,0x64,
  0x65,0x64,0x20,0x69,0x6e,0x20,0x74,0x68,0x65,0x20,0x41,0x70,0x70,0x65,0x6e,0x64,
  0x69,0x78,0x20,0x62,0x65,0x6c,0x6f,0x77,0x29,0x2e,0x0a,0x0a,0x22,0x44,0x65,0x72,
  0x69,0x76,0x61,0x74,0x69,0x76,0x65,0x20,0x57,0x6f,0x72,0x6b,0x73,0x22,0x20,0x73,
  0x68,0x61,0x6c,0x6c,0x20,0x6d,0x65,0x61,0x6e,0x20,0x61,0x6e,0x79,0x20,0x77,0x6f,
  0x72,0x6b,0x2c,0x20,0x77,0x68,0x65,0x74,0x68,0x65,0x72,0x20,0x69,0x6e,0x20,0x53,
  0x6f,0x75,0x72,0x63,0x65,0x20,0x6f,0x72,0x20,0x4f,0x62,0x6a,0x65,0x63,0x74,0x0a,
  0x66,0x6f,0x72,0x6d,0x2c,0x20,0x74,0x68,0x61,0x74,0x20,0x69,0x73,0x20,0x62,0x61,
  0x73,0x65,0x64,0x20,0x6f,0x6e,0x20,0x28,0x6f,0x72,0x20,0x64,0x65,0x72,0x69,0x76,
  0x65,0x64,0x20,0x66,0x72,0x6f,0x6d,0x29,0x20,0x74,0x68,0x65,0x20,0x57,0x6f,0x72,
  0x6b,0x20,0x61,0x6e,0x64,0x20,0x66,0x6f,0x72,0x20,0x77,0x68,0x69,0x63,0x68,0x20,
  0x74,0x68,0x65,0x0a,0x65,0x64,0x69,0x74,0x6f,0x72,0x69,0x61,0x6c,0x20,0x72,0x65,
  0x76,0x69,0x73,0x69,0x6f,0x6e,0x73,0x2c,0x20,0x61,0x6e,0x6e,0x6f,0x74,0x61,0x74,
  0x69,0x6f,0x6e,0x73,0x2c,0x20,0x65,0x6c,0x61,0x62,0x6f,0x72,0x61,0x74,0x69,0x6f,
  0x6e,0x73,0x2c,0x20,0x6f,0x72,0x20,0x6f,0x74,0x68,0x65,0x72,0x20,0x6d,0x6f,0x64,
  0x69,0x66,0x69,0x63,0x61,0x74,0x69,0x6f,0x6e,0x73,0x0a,0x72,0x65,0x70,0x72,0x65,
  0x73,0x65,0x6e,0x74,0x2c,0x20,0x61,0x73,0x20,0x61,0x20,0x77,0x68,0x6f,0x6c,0x65,
  0x2c,0x20,0x61,0x6e,0x20,0x6f,0x72,0x69,0x67,0x69,0x6e,0x61,0x6c,0x20,0x77,0x6f,
  0x72,0x6b,0x20,0x6f,0x66,0x20,0x61,0x75,0x74,0x68,0x6f,0x72,0x73,0x68,0x69,0x70,
  0x2e,0x20,0x46,0x6f,0x72,0x20,0x74,0x68,0x65,0x20,0x70,0x75,0x72,0x70,0x6f,0x73,
  0x65,0x73,0x0a,0x6f,0x66,0x20,0x74,0x68,0x69,0x73,0x20,0x4c,0x69,0x63,0x65,0x6e,
  0x73,0x65,0x2c,0x20,0x44,0x65,0x72,0x69,0x76,0x61,0x74,0x69,0x76,0x65,0x20,0x57,
  0x6f,0x72,0x6b,0x73,0x20,0x73,0x68,0x61,0x6c,0x6c,0x20,0x6e,0x6f,0x74,0x20,0x69,
  0x6e,0x63,0x6c,0x75,0x64,0x65,0x20,0x77,0x6f,0x72,0x6b,0x73,0x20,0x74,0x68,0x61,
  0x74,0x20,0x72,0x65,0x6d,0x61,0x69,0x6e,0x0a,0x73,0x65,0x70,0x61,0x72,0x61,0x62,
  0x6c,0x65,0x20,0x66,0x72,0x6f,0x6d,0x2c,0x20,0x6f,0x72,0x20,0x6d,0x65,0x72,0x65,
  0x6c,0x79,0x20,0x6c,0x69,0x6e,0x6b,0x20,0x28,0x6f,0x72,0x20,0x62,0x69,0x6e,0x64,
  0x20,0x62,0x79,0x20,0x6e,0x61,0x6d,0x65,0x29,0x20,0x74,0x6f,0x20,0x74,0x68,0x65,
  0x20,0x69,0x6e,0x74,0x65,0x72,0x66,0x61,0x63,0x65,0x73,0x20,0x6f,0x66,0x2c,0x0a,
  0x74,0x68,0x65,0x20,0x57,0x6f,0x72,0x6b,0x20,0x61,0x6e,0x64,0x20,0x44,0x65,0x72,
  0x69,0x76,0x61,0x74,0x69,0x76,0x65,0x20,0x57,0x6f,0x72,0x6b,0x73,0x20,0x74,0x68,
  0x65,0x72,0x65,0x6f,0x66,0x2e,0x0a,0x0a,0x22,0x43,0x6f,0x6e,0x74,0x72,0x69,0x62,
  0x75,0x74,0x69,0x6f,0x6e,0x22,0x20,0x73,0x68,0x61,0x6c,0x6c,0x20,0x6d,0x65,0x61,
  0x6e,0x20,0x61,0x6e,0x79,0x20,0x77,0x6f,0x72,0x6b,0x20,0x6f,0x66,0x20,0x61,0x75,
  0x74,0x68,0x6f,0x72,0x73,0x68,0x69,0x70,0x2c,0x20,0x69,0x6e,0x63,0x6c,0x75,0x64,
  0x69,0x6e,0x67,0x0a,0x74,0x68,0x65,0x20,0x6f,0x72,0x69,0x67,0x69,0x6e,0x61,0x6c,
  0x20,0x76,0x65,0x72,0x73,0x69,0x6f,0x6e,0x20,0x6f,0x66,0x20,0x74,0x68,0x65,0x20,
  0x57,0x6f,0x72,0x6b,0x20,0x61,0x6e,0x64,0x20,0x61,0x6e,0x79,0x20,0x6d,0x6f,0x64,
  0x69,0x66,0x69,0x63,0x61,0x74,0x69,0x6f,0x6e,0x73,0x20,0x6f,0x72,0x20,0x61,0x64,
  0x64,0x69,0x74,0x69,0x6f,0x6e,0x73,0x0a,0x74,0x6f,0x20,0x74,0x68,0x61,0x74,0x20,
  0x57,0x6f,0x72,0x6b,0x20,0x6f,0x72,0x20,0x44,0x65,0x72,0x69,0x76,0x61,0x74,0x69,
  0x76,0x65,0x20,0x57,0x6f,0x72,0x6b,0x73,0x20,0x74,0x68,0x65,0x72,0x65,0x6f,0x66,
  0x2c,0x20,0x74,0x68,0x61,0x74,0x20,0x69,0x73,0x20,0x69,0x6e,0x74,0x65,0x6e,0x74,
  0x69,0x6f,0x6e,0x61,0x6c,0x6c,0x79,0x0a,0x73,0x75,0x62,0x6d,0x69,0x74,0x74,0x65,
  0x64,0x20,0x74,0x6f,0x20,0x4c,0x69,0x63,0x65,0x6e,0x73,0x6f,0x72,0x20,0x66,0x6f,
  0x72,0x20,0x69,0x6e,0x63,0x6c,0x75,0x73,0x69,0x6f,0x6e,0x20,0x69,0x6e,0x20,0x74,
  0x68,0x65,0x20,0x57,0x6f,0x72,0x6b,0x20,0x62,0x79,0x20,0x74,0x68,0x65,0x20,0x63,
  0x6f,0x70,0x79,0x72,0x69,0x67,0x68,0x74,0x20,0x6f,0x77,0x6e,0x65,0x72,0x0a,0x6f,
  0x72,0x20,0x62,0x79,0x20,0x61,0x6e,0x20,0x69,0x6e,0x64,0x69,0x76,0x69,0x64,0x75,
  0x61,0x6c,0x20,0x6f,0x72,0x20,0x4c,0x65,0x67,0x61,0x6c,0x20,0x45,0x6e,0x74,0x69,
  0x74,0x79,0x20,0x61,0x75,0x74,0x68,0x6f,0x72,0x69,0x7a,0x65,0x64,0x20,0x74,0x6f,
  0x20,0x73,0x75,0x62,0x6d,0x69,0x74,0x20,0x6f,0x6e,0x20,0x62,0x65,0x68,0x61,0x6c,
  0x66,0x20,0x6f,0x66,0x0a,0x74,0x68,0x65,0x20,0x63,0x6f,0x70,0x79,0x72,0x69,0x67,
  0x68,0x74,0x20,0x6f,0x77,0x6e,0x65,0x72,0x2e,0x20,0x46,0x6f,0x72,0x20,0x74,0x68,
  0x65,0x20,0x70,0x75,0x72,0x70,0x6f,0x73,0x65,0x73,0x20,0x6f,0x66,0x20,0x74,0x68,
  0x69,0x73,0x20,0x64,0x65,0x66,0x69,0x6e,0x69,0x74,0x69,0x6f,0x6e,0x2c,0x20,0x22,
  0x73,0x75,0x62,0x6d,0x69,0x74,0x74,0x65,0x64,0x22,0x0a,0x6d,0x65,0x61,0x6e,0x73,
  0x20,0x61,0x6e,0x79,0x20,0x66,0x6f,0x72,0x6d,0x20,0x6f,0x66,0x20,0x65,0x6c,0x65,
  0x63,0x74,0x72,0x6f,0x6e,0x69,0x63,0x2c,0x20,0x76,0x65,0x72,0x62,0x61,0x6c,0x2c,
  0x20,0x6f,0x72,0x20,0x77,0x72,0x69,0x74,0x74,0x65,0x6e,0x20,0x63,0x6f,0x6d,0x6d,
  0x75,0x6e,0x69,0x63,0x61,0x74,0x69,0x6f,0x6e,0x20,0x73,0x65,0x6e,0x74,0x0a,0x74,
  0x6f,0x20,0x74,0x68,0x65,0x20,0x4c,0x69,0x63,0x65,0x6e,0x73,0x6f,0x72,0x20,0x6f,
  0x72,0x20,0x69,0x74,0x73,0x20,0x72,0x65,0x70,0x72,0x65,0x73,0x65,0x6e,0x74,0x61,
  0x74,0x69,0x76,0x65,0x73,0x2c,0x20,0x69,0x6e,0x63,0x6c,0x75,0x64,0x69,0x6e,0x67,
  0x20,0x62,0x75,0x74,0x20,0x6e,0x6f,0x74,0x20,0x6c,0x69,0x6d,0x69,0x74,0x65,0x64,
  0x20,0x74,0x6f,0x0a,0x63,0x6f,0x6d,0x6d,0x75,0x6e,0x69,0x63,0x61,0x74,0x69,0x6f,
  0x6e,0x20,0x6f,0x6e,0x20,0x65,0x6c,0x65,0x63,0x74,0x72,0x6f,0x6e,0x69,0x63,0x20,
  0x6d,0x61,0x69,0x6c,0x69,0x6e,0x67,0x20,0x6c,0x69,0x73,0x74,0x73,0x2c,0x20,0x73,
  0x6f,0x75,0x72,0x63,0x65,0x20,0x63,0x6f,0x64,0x65,0x20,0x63,0x6f,0x6e,0x74,0x72,
  0x6f,0x6c,0x20,0x73,0x79,0x73,0x74,0x65,0x6d,0x73,0x2c,0x0a,0x61,0x6e,0x64,0x20,
  0x69,0x73,0x73,0x75,0x65,0x20,0x74,0x72,0x61,0x63,0x6b,0x69,0x6e,0x67,0x20,0x73,
  0x79,0x73,0x74,0x65,0x6d,0x73,0x20,0x74,0x68,0x61,0x74,0x20,0x61,0x72,0x65,0x20,
  0x6d,0x61,0x6e,0x61,0x67,0x65,0x64,0x20,0x62,0x79,0x2c,0x20,0x6f,0x72,0x20,0x6f,
  0x6e,0x20,0x62,0x65,0x68,0x61,0x6c,0x66,0x20,0x6f,0x66,0x2c,0x20,0x74,0x68,0x65,
  0x0a,0x4c,0x69,0x63,0x65,0x6e,0x73,0x6f,0x72,0x20,0x66,0x6f,0x72,0x20,0x74,0x68,
  0x65,0x20,0x70,0x75,0x72,0x70,0x6f,0x73,0x65,0x20,0x6f,0x66,0x20,0x64,0x69,0x73,
  0x63,0x75,0x73,0x73,0x69,0x6e,0x67,0x20,0x61,0x6e,0x64,0x20,0x69,0x6d,0x70,0x72,
  0x6f,0x76,0x69,0x6e,0x67,0x20,0x74,0x68,0x65,0x20,0x57,0x6f,0x72,0x6b,0x2c,0x20,
  0x62,0x75,0x74,0x0a,0x65,0x78,0x63,0x6c,0x75,0x64,0x69,0x6e,0x67,0x20,0x63,0x6f,
  0x6d,0x6d,0x75,0x6e,0x69,0x63,0x61,0x74,0x69,0x6f,0x6e,0x20,0x74,0x68,0x61,0x74,
  0x20,0x69,0x73,0x20,0x63,0x6f,0x6e,0x73,0x70,0x69,0x63,0x75,0x6f,0x75,0x73,0x6c,
  0x79,0x20,0x6d,0x61,0x72,0x6b,0x65,0x64,0x20,0x6f,0x72,0x20,0x6f,0x74,0x68,0x65,
  0x72,0x77,0x69,0x73,0x65,0x0a,0x64,0x65,0x73,0x69,0x67,0x6e,0x61,0x74,0x65,0x64,
  0x20,0x69,0x6e,0x20,0x77,0x72,0x69,0x74,0x69,0x6e,0x67,0x20,0x62,0x79,0x20,0x74,
  0x68,0x65,0x20,0x63,0x6f,0x70,0x79,0x72,0x69,0x67,0x68,0x74,0x20,0x6f,0x77,0x6e,
  0x65,0x72,0x20,0x61,0x73,0x20,0x22,0x4e,0x6f,0x74,0x20,0x61,0x20,0x43,0x6f,0x6e,
  0x74,0x72,0x69,0x62,0x75,0x74,0x69,0x6f,0x6e,0x2e,0x22,0x0a,0x0a,0x22,0x43,0x6f,
  0x6e,0x74,0x72,0x69,0x62,0x75,0x74,0x6f,0x72,0x22,0x20,0x73,0x68,0x61,0x6c,0x6c,
  0x20,0x6d,0x65,0x61,0x6e,0x20,0x4c,0x69,0x63,0x65,0x6e,0x73,0x6f,0x72,0x20,0x61,
  0x6e,0x64,0x20,0x61,0x6e,0x79,0x20,0x69,0x6e,0x64,0x69,0x76,0x69,0x64,0x75,0x61,
  0x6c,0x20,0x6f,0x72,0x20,0x4c,0x65,0x67,0x61,0x6c,0x20,0x45,0x6e,0x74,0x69,0x74,
  0x79,0x0a,0x6f,0x6e,0x20,0x62,0x65,0x68,0x61,0x6c,0x66,0x20,0x6f,0x66,0x20,0x77,
  0x68,0x6f,0x6d,0x20,0x61,0x20,0x43,0x6f,0x6e,0x74,0x72,0x69,0x62,0x75,0x74,0x69,
  0x6f,0x6e,0x20,0x68,0x61,0x73,0x20,0x62,0x65,0x65,0x6e,0x20,0x72,0x65,0x63,0x65,
  0x69,0x76,0x65,0x64,0x20,0x62,0x79,0x20,0x4c,0x69,0x63,0x65,0x6e,0x73,0x6f,0x72,
  0x20,0x61,0x6e,0x64,0x0a,0x73,0x75,0x62,0x73,0x65,0x71,0x75,0x65,0x6e,0x74,0x6c,
  0x79,0x20,0x69,0x6e,0x63,0x6f,0x72,0x70,0x6f,0x72,0x61,0x74,0x65,0x64,0x20,0x77,
  0x69,0x74,0x68,0x69,0x6e,0x20,0x74,0x68,0x65,0x20,0x57,0x6f,0x72,0x6b,0x2e,0x0a,
  0x0a,0x32,0x2e,0x20,0x47,0x72,0x61,0x6e,0x74,0x20,0x6f,0x66,0x20,0x43,0x6f,0x70,
  0x79,0x72,0x69,0x67,0x68,0x74,0x20,0x4c,0x69,0x63,0x65,0x6e,0x73,0x65,0x2e,0x20,
  0x53,0x75,0x62,0x6a,0x65,0x63,0x74,0x20,0x74,0x6f,0x20,0x74,0x68,0x65,0x20,0x74,
  0x65,0x72,0x6d,0x73,0x20,0x61,0x6e,0x64,0x20,0x63,0x6f,0x6e,0x64,0x69,0x74,0x69,
  0x6f,0x6e,0x73,0x20,0x6f,0x66,0x0a,0x74,0x68,0x69,0x73,0x20,0x4c,0x69,0x63,0x65,
  0x6e,0x73,0x65,0x2c,0x20,0x65,0x61,0x63,0x68,0x20,0x43,0x6f,0x6e,0x74,0x72,0x69,
  0x62,0x75,0x74,0x6f,0x72,0x20,0x68,0x65,0x72,0x65,0x62,0x79,0x20,0x67,0x72,0x61,
  0x6e,0x74,0x73,0x20,0x74,0x6f,0x20,0x59,0x6f,0x75,0x20,0x61,0x20,0x70,0x65,0x72,
  0x70,0x65,0x74,0x75,0x61,0x6c,0x2c,0x0a,0x77,0x6f,0x72,0x6c,0x64,0x77,0x69,0x64,
  0x65,0x2c,0x20,0x6e,0x6f,0x6e,0x2d,0x65,0x78,0x63,0x6c,0x75,0x73,0x69,0x76,0x65,
  0x2c,0x20,0x6e,0x6f,0x2d,0x63,0x68,0x61,0x72,0x67,0x65,0x2c,0x20,0x72,0x6f,0x79,
  0x61,0x6c,0x74,0x79,0x2d,0x66,0x72,0x65,0x65,0x2c,0x20,0x69,0x72,0x72,0x65,0x76,
  0x6f,0x63,0x61,0x62,0x6c,0x65,0x0a,0x63,0x6f,0x70,0x79,0x72,0x69,0x67,0x68,0x74,
  0x20,0x6c,0x69,0x63,0x65,0x6e,0x73,0x65,0x20,0x74,0x6f,0x20,0x72,0x65,0x70,0x72,
  0x6f,0x64,0x75,0x63,0x65,0x2c,0x20,0x70,0x72,0x65,0x70,0x61,0x72,0x65,0x20,0x44,
  0x65,0x72,0x69,0x76,0x61,0x74,0x69,0x76,0x65,0x20,0x57,0x6f,0x72,0x6b,0x73,0x20,
  0x6f,0x66,0x2c,0x0a,0x70,0x75,0x62,0x6c,0x69,0x63,0x6c,0x79,0x20,0x64,0x69,0x73,
  0x70,0x6c,0x61,0x79,0x2c,0x20,0x70,0x75,0x62,0x6c,0x69,0x63,0x6c,0x79,0x20,0x70,
  0x65,0x72,0x66,0x6f,0x72,0x6d,0x2c,0x20,0x73,0x75,0x62,0x6c,0x69,0x63,0x65,0x6e,
  0x73,0x65,0x2c,0x20,0x61,0x6e,0x64,0x20,0x64,0x69,0x73,0x74,0x72,0x69,0x62,0x75,
  0x74,0x65,0x20,0x74,0x68,0x65,0x0a,0x57,0x6f,0x72,0x6b,0x20,0x61,0x6e,0x64,0x20,
  0x73,0x75,0x63,0x68,0x20,0x44,0x65,0x72,0x69,0x76,0x61,0x74,0x69,0x76,0x65,0x20,
  0x57,0x6f,0x72,0x6b,0x73,0x20,0x69,0x6e,0x20,0x53,0x6f,0x75,0x72,0x63,0x65,0x20,
  0x6f,0x72,0x20,0x4f,0x62,0x6a,0x65,0x63,0x74,0x20,0x66,0x6f,0x72,0x6d,0x2e,0x0a,
  0x0a,0x33,0x2e,0x20,0x47,0x72,0x61,0x6e,0x74,0x20,0x6f,0x66,0x20,0x50,0x61,0x74,
  0x65,0x6e,0x74,0x20,0x4c,0x69,0x63,0x65,0x6e,0x73,0x65,0x2e,0x20,0x53,0x75,0x62,
  0x6a,0x65,0x63,0x74,0x20,0x74,0x6f,0x20,0x74,0x68,0x65,0x20,0x74,0x65,0x72,0x6d,
  0x73,0x20,0x61,0x6e,0x64,0x20,0x63,0x6f,0x6e,0x64,0x69,0x74,0x69,0x6f,0x6e,0x73,
  0x20,0x6f,0x66,0x0a,0x74,0x68,0x69,0x73,0x20,0x4c,0x69,0x63,0x65,0x6e,0x73,0x65,
  0x2c,0x20,0x65,0x61,0x63,0x68,0x20,0x43,0x6f,0x6e,0x74,0x72,0x69,0x62,0x75,0x74,
  0x6f,0x72,0x20,0x68,0x65,0x72,0x65,0x62,0x79,0x20,0x67,0x72,0x61,0x6e,0x74,0x73,
  0x20,0x74,0x6f,0x20,0x59,0x6f,0x75,0x20,0x61,0x20,0x70,0x65,0x72,0x70,0x65,0x74,
  0x75,0x61,0x6c,0x2c,0x0a,0x77,0x6f,0x72,0x6c,0x64,0x77,0x69,0x64,0x65,0x2c,0x20,
  0x6e,0x6f,0x6e,0x2d,0x65,0x78,0x63,0x6c,0x75,0x73,0x69,0x76,0x65,0x2c,0x20,0x6e,
  0x6f,0x2d,0x63,0x68,0x61,0x72,0x67,0x65,0x2c,0x20,0x72,0x6f,0x79,0x61,0x6c,0x74,
  0x79,0x2d,0x66,0x72,0x65,0x65,0x2c,0x20,0x69,0x72,0x72,0x65,0x76,0x6f,0x63,0x61,
  0x62,0x6c,0x65,0x0a,0x28,0x65,0x78,0x63,0x65,0x70,0x74,0x20,0x61,0x73,0x20,0x73,
  0x74,0x61,0x74,0x65,0x64,0x20,0x69,0x6e,0x20,0x74,0x68,0x69,0x73,0x20,0x73,0x65,
  0x63,0x74,0x69,0x6f,0x6e,0x29,0x20,0x70,0x61,0x74,0x65,0x6e,0x74,0x20,0x6c,0x69,
  0x63,0x65,0x6e,0x73,0x65,0x20,0x74,0x6f,0x20,0x6d,0x61,0x6b,0x65,0x2c,0x20,0x68,
  0x61,0x76,0x65,0x20,0x6d,0x61,0x64,0x65,0x2c,0x0a,0x75,0x73,0x65,0x2c,0x20,0x6f,
  0x66,0x66,0x65,0x72,0x20,0x74,0x6f,0x20,0x73,0x65,0x6c,0x6c,0x2c,0x20,0x73,0x65,
  0x6c,0x6c,0x2c,0x20,0x69,0x6d,0x70,0x6f,0x72,0x74,0x2c,0x20,0x61,0x6e,0x64,0x20,
  0x6f,0x74,0x68,0x65,0x72,0x77,0x69,0x73,0x65,0x20,0x74,0x72,0x61,0x6e,0x73,0x66,
  0x65,0x72,0x20,0x74,0x68,0x65,0x20,0x57,0x6f,0x72,0x6b,0x2c,0x0a,0x77,0x68,0x65,
  0x72,0x65,0x20,0x73,0x75,0x63,0x68,0x20,0x6c,0x69,0x63,0x65,0x6e,0x73,0x65,0x20,
  0x61,0x70,0x70,0x6c,0x69,0x65,0x73,0x20,0x6f,0x6e,0x6c,0x79,0x20,0x74,0x6f,0x20,
  0x74,0x68,0x6f,0x73,0x65,0x20,0x70,0x61,0x74,0x65,0x6e,0x74,0x20,0x63,0x6c,0x61,
  0x69,0x6d,0x73,0x20,0x6c,0x69,0x63,0x65,0x6e,0x73,0x61,0x62,0x6c,0x65,0x0a,0x62,
  0x79,0x20,0x73,0x75,0x63,0x68,0x20,0x43,0x6f,0x6e,0x74,0x72,0x69,0x62,0x75,0x74,
  0x6f,0x72,0x20,0x74,0x68,0x61,0x74,0x20,0x61,0x72,0x65,0x20,0x6e,0x65,0x63,0x65,
  0x73,0x73,0x61,0x72,0x69,0x6c,0x79,0x20,0x69,0x6e,0x66,0x72,0x69,0x6e,0x67,0x65,
  0x64,0x20,0x62,0x79,0x20,0x74,0x68,0x65,0x69,0x72,0x0a,0x43,0x6f,0x6e,0x74,0x72,
  0x69,0x62,0x75,0x74,0x69,0x6f,0x6e,0x28,0x73,0x29,0x20,0x61,0x6c,0x6f,0x6e,0x65,
  0x20,0x6f,0x72,0x20,0x62,0x79,0x20,0x63,0x6f,0x6d,0x62,0x69,0x6e,0x61,0x74,0x69,
  0x6f,0x6e,0x20,0x6f,0x66,0x20,0x74,0x68,0x65,0x69,0x72,0x20,0x43,0x6f,0x6e,0x74,
  0x72,0x69,0x62,0x75,0x74,0x69,0x6f,0x6e,0x28,0x73,0x29,0x0a,0x77,0x69,0x74,0x68,
  0x20,0x74,0x68,0x65,0x20,0x57,0x6f,0x72,0x6b,0x20,0x74,0x6f,0x20,0x77,0x68,0x69,
  0x63,0x68,0x20,0x73,0x75,0x63,0x68,0x20,0x43,0x6f,0x6e,0x74,0x72,0x69,0x62,0x75,
  0x74,0x69,0x6f,0x6e,0x28,0x73,0x29,0x20,0x77,0x61,0x73,0x20,0x73,0x75,0x62,0x6d,
  0x69,0x74,0x74,0x65,0x64,0x2e,0x20,0x49,0x66,0x20,0x59,0x6f,0x75,0x0a,0x69,0x6e,
  0x73,0x74,0x69,0x74,0x75,0x74,0x65,0x20,0x70,0x61,0x74,0x65,0x6e,0x74,0x20,0x6c,
  0x69,0x74,0x69,0x67,0x61,0x74,0x69,0x6f,0x6e,0x20,0x61,0x67,0x61,0x69,0x6e,0x73,
  0x74,0x20,0x61,0x6e,0x79,0x20,0x65,0x6e,0x74,0x69,0x74,0x79,0x20,0x28,0x69,0x6e,
  0x63,0x6c,0x75,0x64,0x69,0x6e,0x67,0x20,0x61,0x0a,0x63,0x72,0x6f,0x73,0x73,0x2d,
  0x63,0x6c,0x61,0x69,0x6d,0x20,0x6f,0x72,0x20,0x63,0x6f,0x75,0x6e,0x74,0x65,0x72,
  0x63,0x6c,0x61,0x69,0x6d,0x20,0x69,0x6e,0x20,0x61,0x20,0x6c,0x61,0x77,0x73,0x75,
  0x69,0x74,0x29,0x20,0x61,0x6c,0x6c,0x65,0x67,0x69,0x6e,0x67,0x20,0x74,0x68,0x61,
  0x74,0x20,0x74,0x68,0x65,0x20,0x57,0x6f,0x72,0x6b,0x0a,0x6f,0x72,0x20,0x61,0x20,
  0x43,0x6f,0x6e,0x74,0x72,0x69,0x62,0x75,0x74,0x69,0x6f,0x6e,0x20,0x69,0x6e,0x63,
  0x6f,0x72,0x70,0x6f,0x72,0x61,0x74,0x65,0x64,0x20,0x77,0x69,0x74,0x68,0x69,0x6e,
  0x20,0x74,0x68,0x65,0x20,0x57,0x6f,0x72,0x6b,0x20,0x63,0x6f,0x6e,0x73,0x74,0x69,
  0x74,0x75,0x74,0x65,0x73,0x20,0x64,0x69,0x72,0x65,0x63,0x74,0x0a,0x6f,0x72,0x20,
  0x63,0x6f,0x6e,0x74,0x72,0x69,0x62,0x75,0x74,0x6f,0x72,0x79,0x20,0x70,0x61,0x74,
  0x65,0x6e,0x74,0x20,0x69,0x6e,0x66,0x72,0x69,0x6e,0x67,0x65,0x6d,0x65,0x6e,0x74,
  0x2c,0x20,0x74,0x68,0x65,0x6e,0x20,0x61,0x6e,0x79,0x20,0x70,0x61,0x74,0x65,0x6e,
  0x74,0x20,0x6c,0x69,0x63,0x65,0x6e,0x73,0x65,0x73,0x0a,0x67,0x72,0x61,0x6e,0x74,
  0x65,0x64,0x20,0x74,0x6f,0x20,0x59,0x6f,0x75,0x20,0x75,0x6e,0x64,0x65,0x72,0x20,
  0x74,0x68,0x69,0x73,0x20,0x4c,0x69,0x63,0x65,0x6e,0x73,0x65,0x20,0x66,0x6f,0x72,
  0x20,0x74,0x68,0x61,0x74,0x20,0x57,0x6f,0x72,0x6b,0x20,0x73,0x68,0x61,0x6c,0x6c,
  0x20,0x74,0x65,0x72,0x6d,0x69,0x6e,0x61,0x74,0x65,0x0a,0x61,0x73,0x20,0x6f,0x66,
  0x20,0x74,0x68,0x65,0x20,0x64,0x61,0x74,0x65,0x20,0x73,0x75,0x63,0x68,0x20,0x6c,
  0x69,0x74,0x69,0x67,0x61,0x74,0x69,0x6f,0x6e,0x20,0x69,0x73,0x20,0x66,0x69,0x6c,
  0x65,0x64,0x2e,0x0a,0x0a,0x34,0x2e,0x20,0x52,0x65,0x64,0x69,0x73,0x74,0x72,0x69,
  0x62,0x75,0x74,0x69,0x6f,0x6e,0x2e,0x20,0x59,0x6f,0x75,0x20,0x6d,0x61,0x79,0x20,
  0x72,0x65,0x70,0x72,0x6f,0x64,0x75,0x63,0x65,0x20,0x61,0x6e,0x64,0x20,0x64,0x69,
  0x73,0x74,0x72,0x69,0x62,0x75,0x74,0x65,0x20,0x63,0x6f,0x70,0x69,0x65,0x73,0x20,
  0x6f,0x66,0x20,0x74,0x68,0x65,0x0a,0x57,0x6f,0x72,0x6b,0x20,0x6f,0x72,0x20,0x44,
  0x65,0x72,0x69,0x76,0x61,0x74,0x69,0x76,0x65,0x20,0x57,0x6f,0x72,0x6b,0x73,0x20,
  0x74,0x68,0x65,0x72,0x65,0x6f,0x66,0x20,0x69,0x6e,0x20,0x61,0x6e,0x79,0x20,0x6d,
  0x65,0x64,0x69,0x75,0x6d,0x2c,0x20,0x77,0x69,0x74,0x68,0x20,0x6f,0x72,0x20,0x77,
  0x69,0x74,0x68,0x6f,0x75,0x74,0x0a,0x6d,0x6f,0x64,0x69,0x66,0x69,0x63,0x61,0x74,
  0x69,0x6f,0x6e,0x73,0x2c,0x20,0x61,0x6e,0x64,0x20,0x69,0x6e,0x20,0x53,0x6f,0x75,
  0x72,0x63,0x65,0x20,0x6f,0x72,0x20,0x4f,0x62,0x6a,0x65,0x63,0x74,0x20,0x66,0x6f,
  0x72,0x6d,0x2c,0x20,0x70,0x72,0x6f,0x76,0x69,0x64,0x65,0x64,0x20,0x74,0x68,0x61,
  0x74,0x20,0x59,0x6f,0x75,0x0a,0x6d,0x65,0x65,0x74,0x20,0x74,0x68,0x65,0x20,0x66,
  0x6f,0x6c,0x6c,0x6f,0x77,0x69,0x6e,0x67,0x20,0x63,0x6f,0x6e,0x64,0x69,0x74,0x69,
  0x6f,0x6e,0x73,0x3a,0x0a,0x0a,0x28,0x61,0x29,0x20,0x59,0x6f,0x75,0x20,0x6d,0x75,
  0x73,0x74,0x20,0x67,0x69,0x76,0x65,0x20,0x61,0x6e,0x79,0x20,0x6f,0x74,0x68,0x65,
  0x72,0x20,0x72,0x65,0x63,0x69,0x70,0x69,0x65,0x6e,0x74,0x73,0x20,0x6f,0x66,0x20,
  0x74,0x68,0x65,0x20,0x57,0x6f,0x72,0x6b,0x20,0x6f,0x72,0x0a,0x44,0x65,0x72,0x69,
  0x76,0x61,0x74,0x69,0x76,0x65,0x20,0x57,0x6f,0x72,0x6b,0x73,0x20,0x61,0x20,0x63,
  0x6f,0x70,0x79,0x20,0x6f,0x66,0x20,0x74,0x68,0x69,0x73,0x20,0x4c,0x69,0x63,0x65,
  0x6e,0x73,0x65,0x3b,0x20,0x61,0x6e,0x64,0x0a,0x0a,0x28,0x62,0x29,0x20,0x59,0x6f,
  0x75,0x20,0x6d,0x75,0x73,0x74,0x20,0x63,0x61,0x75,0x73,0x65,0x20,0x61,0x6e,0x79,
  0x20,0x6d,0x6f,0x64,0x69,0x66,0x69,0x65,0x64,0x20,0x66,0x69,0x6c,0x65,0x73,0x20,
  0x74,0x6f,0x20,0x63,0x61,0x72,0x72,0x79,0x20,0x70,0x72,0x6f,0x6d,0x69,0x6e,0x65,
  0x6e,0x74,0x20,0x6e,0x6f,0x74,0x69,0x63,0x65,0x73,0x0a,0x73,0x74,0x61,0x74,0x69,
  0x6e,0x67,0x20,0x74,0x68,0x61,0x74,0x20,0x59,0x6f,0x75,0x20,0x63,0x68,0x61,0x6e,
  0x67,0x65,0x64,0x20,0x74,0x68,0x65,0x20,0x66,0x69,0x6c,0x65,0x73,0x3b,0x20,0x61,
  0x6e,0x64,0x0a,0x0a,0x28,0x63,0x29,0x20,0x59,0x6f,0x75,0x20,0x6d,0x75,0x73,0x74,
  0x20,0x72,0x65,0x74,0x61,0x69,0x6e,0x2c,0x20,0x69,0x6e,0x20,0x74,0x68,0x65,0x20,
  0x53,0x6f,0x75,0x72,0x63,0x65,0x20,0x66,0x6f,0x72,0x6d,0x20,0x6f,0x66,0x20,0x61,
  0x6e,0x79,0x20,0x44,0x65,0x72,0x69,0x76,0x61,0x74,0x69,0x76,0x65,0x20,0x57,0x6f,
  0x72,0x6b,0x73,0x0a,0x74,0x68,0x61,0x74,0x20,0x59,0x6f,0x75,0x20,0x64,0x69,0x73,
  0x74,0x72,0x69,0x62,0x75,0x74,0x65,0x2c,0x20,0x61,0x6c,0x6c,0x20,0x63,0x6f,0x70,
  0x79,0x72,0x69,0x67,0x68,0x74,0x2c,0x20,0x70,0x61,0x74,0x65,0x6e,0x74,0x2c,0x20,
  0x74,0x72,0x61,0x64,0x65,0x6d,0x61,0x72,0x6b,0x2c,0x20,0x61,0x6e,0x64,0x0a,0x61,
  0x74,0x74,0x72,0x69,0x62,0x75,0x74,0x69,0x6f,0x6e,0x20,0x6e,0x6f,0x74,0x69,0x63,
  0x65,0x73,0x20,0x66,0x72,0x6f,0x6d,0x20,0x74,0x68,0x65,0x20,0x53,0x6f,0x75,0x72,
  0x63,0x65,0x20,0x66,0x6f,0x72,0x6d,0x20,0x6f,0x66,0x20,0x74,0x68,0x65,0x20,0x57,
  0x6f,0x72,0x6b,0x2c,0x0a,0x65,0x78,0x63,0x6c,0x75,0x64,0x69,0x6e,0x67,0x20,0x74,
  0x68,0x6f,0x73,0x65,0x20,0x6e,0x6f,0x74,0x69,0x63,0x65,0x73,0x20,0x74,0x68,0x61,
  0x74,0x20,0x64,0x6f,0x20,0x6e,0x6f,0x74,0x20,0x70,0x65,0x72,0x74,0x61,0x69,0x6e,
  0x20,0x74,0x6f,0x20,0x61,0x6e,0x79,0x20,0x70,0x61,0x72,0x74,0x20,0x6f,0x66,0x0a,
  0x74,0x68,0x65,0x20,0x44,0x65,0x72,0x69,0x76,0x61,0x74,0x69,0x76,0x65,0x20,0x57,
  0x6f,0x72,0x6b,0x73,0x3b,0x20,0x61,0x6e,0x64,0x0a,0x0a,0x28,0x64,0x29,0x20,0x49,
  0x66,0x20,0x74,0x68,0x65,0x20,0x57,0x6f,0x72,0x6b,0x20,0x69,0x6e,0x63,0x6c,0x75,
  0x64,0x65,0x73,0x20,0x61,0x20,0x22,0x4e,0x4f,0x54,0x49,0x43,0x45,0x22,0x20,0x74,
  0x65,0x78,0x74,0x20,0x66,0x69,0x6c,0x65,0x20,0x61,0x73,0x20,0x70,0x61,0x72,0x74,
  0x20,0x6f,0x66,0x20,0x69,0x74,0x73,0x0a,0x64,0x69,0x73,0x74,0x72,0x69,0x62,0x75,
  0x74,0x69,0x6f,0x6e,0x2c,0x20,0x74,0x68,0x65,0x6e,0x20,0x61,0x6e,0x79,0x20,0x44,
  0x65,0x72,0x69,0x76,0x61,0x74,0x69,0x76,0x65,0x20,0x57,0x6f,0x72,0x6b,0x73,0x20,
  0x74,0x68,0x61,0x74,0x20,0x59,0x6f,0x75,0x20,0x64,0x69,0x73,0x74,0x72,0x69,0x62,
  0x75,0x74,0x65,0x20,0x6d,0x75,0x73,0x74,0x0a,0x69,0x6e,0x63,0x6c,0x75,0x64,0x65,
  0x20,0x61,0x20,0x72,0x65,0x61,0x64,0x61,0x62,0x6c,0x65,0x20,0x63,0x6f,0x70,0x79,
  0x20,0x6f,0x66,0x20,0x74,0x68,0x65,0x20,0x61,0x74,0x74,0x72,0x69,0x62,0x75,0x74,
  0x69,0x6f,0x6e,0x20,0x6e,0x6f,0x74,0x69,0x63,0x65,0x73,0x20,0x63,0x6f,0x6e,0x74,
  0x61,0x69,0x6e,0x65,0x64,0x0a,0x77,0x69,0x74,0x68,0x69,0x6e,0x20,0x73,0x75,0x63,
  0x68,0x20,0x4e,0x4f,0x54,0x49,0x43,0x45,0x20,0x66,0x69,0x6c,0x65,0x2c,0x20,0x65,
  0x78,0x63,0x6c,0x75,0x64,0x69,0x6e,0x67,0x20,0x74,0x68,0x6f,0x73,0x65,0x20,0x6e,
  0x6f,0x74,0x69,0x63,0x65,0x73,0x20,0x74,0x68,0x61,0x74,0x20,0x64,0x6f,0x20,0x6e,
  0x6f,0x74,0x0a,0x70,0x65,0x72,0x74,0x61,0x69,0x6e,0x20,0x74,0x6f,0x20,0x61,0x6e,
  0x79,0x20,0x70,0x61,0x72,0x74,0x20,0x6f,0x66,0x20,0x74,0x68,0x65,0x20,0x44,0x65,
  0x72,0x69,0x76,0x61,0x74,0x69,0x76,0x65,0x20,0x57,0x6f,0x72,0x6b,0x73,0x2c,0x20,
  0x69,0x6e,0x20,0x61,0x74,0x20,0x6c,0x65,0x61,0x73,0x74,0x20,0x6f,0x6e,0x65,0x0a,
  0x6f,0x66,0x20,0x74,0x68,0x65,0x20,0x66,0x6f,0x6c,0x6c,0x6f,0x77,0x69,0x6e,0x67,
  0x20,0x70,0x6c,0x61,0x63,0x65,0x73,0x3a,0x20,0x77,0x69,0x74,0x68,0x69,0x6e,0x20,
  0x61,0x20,0x4e,0x4f,0x54,0x49,0x43,0x45,0x20,0x74,0x65,0x78,0x74,0x20,0x66,0x69,
  0x6c,0x65,0x20,0x64,0x69,0x73,0x74,0x72,0x69,0x62,0x75,0x74,0x65,0x64,0x0a,0x61,
  0x73,0x20,0x70,0x61,0x72,0x74,0x20,0x6f,0x66,0x20,0x74,0x68,0x65,0x20,0x44,0x65,
  0x72,0x69,0x76,0x61,0x74,0x69,0x76,0x65,0x20,0x57,0x6f,0x72,0x6b,0x73,0x3b,0x20,
  0x77,0x69,0x74,0x68,0x69,0x6e,0x20,0x74,0x68,0x65,0x20,0x53,0x6f,0x75,0x72,0x63,
  0x65,0x20,0x66,0x6f,0x72,0x6d,0x20,0x6f,0x72,0x0a,0x64,0x6f,0x63,0x75,0x6d,0x65,
  0x6e,0x74,0x61,0x74,0x69,0x6f,0x6e,0x2c,0x20,0x69,0x66,0x20,0x70,0x72,0x6f,0x76,
  0x69,0x64,0x65,0x64,0x20,0x61,0x6c,0x6f,0x6e,0x67,0x20,0x77,0x69,0x74,0x68,0x20,
  0x74,0x68,0x65,0x20,0x44,0x65,0x72,0x69,0x76,0x61,0x74,0x69,0x76,0x65,0x20,0x57,
  0x6f,0x72,0x6b,0x73,0x3b,0x20,0x6f,0x72,0x2c,0x0a,0x77,0x69,0x74,0x68,0x69,0x6e,
  0x20,0x61,0x20,0x64,0x69,0x73,0x70,0x6c,0x61,0x79,0x20,0x67,0x65,0x6e,0x65,0x72,
  0x61,0x74,0x65,0x64,0x20,0x62,0x79,0x20,0x74,0x68,0x65,0x20,0x44,0x65,0x72,0x69,
  0x76,0x61,0x74,0x69,0x76,0x65,0x20,0x57,0x6f,0x72,0x6b,0x73,0x2c,0x20,0x69,0x66,
  0x20,0x61,0x6e,0x64,0x0a,0x77,0x68,0x65,0x72,0x65,0x76,0x65,0x72,0x20,0x73,0x75,
  0x63,0x68,0x20,0x74,0x68,0x69,0x72,0x64,0x2d,0x70,0x61,0x72,0x74,0x79,0x20,0x6e,
  0x6f,0x74,0x69,0x63,0x65,0x73,0x20,0x6e,0x6f,0x72,0x6d,0x61,0x6c,0x6c,0x79,0x20,
  0x61,0x70,0x70,0x65,0x61,0x72,0x2e,0x20,0x54,0x68,0x65,0x20,0x63,0x6f,0x6e,0x74,
  0x65,0x6e,0x74,0x73,0x0a,0x6f,0x66,0x20,0x74,0x68,0x65,0x20,0x4e,0x4f,0x54,0x49,
  0x43,0x45,0x20,0x66,0x69,0x6c,0x65,0x20,0x61,0x72,0x65,0x20,0x66,0x6f,0x72,0x20,
  0x69,0x6e,0x66,0x6f,0x72,0x6d,0x61,0x74,0x69,0x6f,0x6e,0x61,0x6c,0x20,0x70,0x75,
  0x72,0x70,0x6f,0x73,0x65,0x73,0x20,0x6f,0x6e,0x6c,0x79,0x20,0x61,0x6e,0x64,0x0a,
  0x64,0x6f,0x20,0x6e,0x6f,0x74,0x20,0x6d,0x6f,0x64,0x69,0x66,0x79,0x20,0x74,0x68,
  0x65,0x20,0x4c,0x69,0x63,0x65,0x6e,0x73,0x65,0x2e,0x20,0x59,0x6f,0x75,0x20,0x6d,
  0x61,0x79,0x20,0x61,0x64,0x64,0x20,0x59,0x6f,0x75,0x72,0x20,0x6f,0x77,0x6e,0x20,
  0x61,0x74,0x74,0x72,0x69,0x62,0x75,0x74,0x69,0x6f,0x6e,0x0a,0x6e,0x6f,0x74,0x69,
  0x63,0x65,0x73,0x20,0x77,0x69,0x74,0x68,0x69,0x6e,0x20,0x44,0x65,0x72,0x69,0x76,
  0x61,0x74,0x69,0x76,0x65,0x20,0x57,0x6f,0x72,0x6b,0x73,0x20,0x74,0x68,0x61,0x74,
  0x20,0x59,0x6f,0x75,0x20,0x64,0x69,0x73,0x74,0x72,0x69,0x62,0x75,0x74,0x65,0x2c,
  0x20,0x61,0x6c,0x6f,0x6e,0x67,0x73,0x69,0x64,0x65,0x0a,0x6f,0x72,0x20,0x61,0x73,
  0x20,0x61,0x6e,0x20,0x61,0x64,0x64,0x65,0x6e,0x64,0x75,0x6d,0x20,0x74,0x6f,0x20,
  0x74,0x68,0x65,0x20,0x4e,0x4f,0x54,0x49,0x43,0x45,0x20,0x74,0x65,0x78,0x74,0x20,
  0x66,0x72,0x6f,0x6d,0x20,0x74,0x68,0x65,0x20,0x57,0x6f,0x72,0x6b,0x2c,0x20,0x70,
  0x72,0x6f,0x76,0x69,0x64,0x65,0x64,0x0a,0x74,0x68,0x61,0x74,0x20,0x73,0x75,0x63,
  0x68,0x20,0x61,0x64,0x64,0x69,0x74,0x69,0x6f,0x6e,0x61,0x6c,0x20,0x61,0x74,0x74,
  0x72,0x69,0x62,0x75,0x74,0x69,0x6f,0x6e,0x20,0x6e,0x6f,0x74,0x69,0x63,0x65,0x73,
  0x20,0x63,0x61,0x6e,0x6e,0x6f,0x74,0x20,0x62,0x65,0x20,0x63,0x6f,0x6e,0x73,0x74,
  0x72,0x75,0x65,0x64,0x0a,0x61,0x73,0x20,0x6d,0x6f,0x64,0x69,0x66,0x79,0x69,0x6e,
  0x67,0x20,0x74,0x68,0x65,0x20,0x4c,0x69,0x63,0x65,0x6e,0x73,0x65,0x2e,0x0a,0x0a,
  0x59,0x6f,0x75,0x20,0x6d,0x61,0x79,0x20,0x61,0x64,0x64,0x20,0x59,0x6f,0x75,0x72,
  0x20,0x6f,0x77,0x6e,0x20,0x63,0x6f,0x70,0x79,0x72,0x69,0x67,0x68,0x74,0x20,0x73,
  0x74,0x61,0x74,0x65,0x6d,0x65,0x6e,0x74,0x20,0x74,0x6f,0x20,0x59,0x6f,0x75,0x72,
  0x20,0x6d,0x6f,0x64,0x69,0x66,0x69,0x63,0x61,0x74,0x69,0x6f,0x6e,0x73,0x20,0x61,
  0x6e,0x64,0x0a,0x6d,0x61,0x79,0x20,0x70,0x72,0x6f,0x76,0x69,0x64,0x65,0x20,0x61,
  0x64,0x64,0x69,0x74,0x69,0x6f,0x6e,0x61,0x6c,0x20,0x6f,0x72,0x20,0x64,0x69,0x66,
  0x66,0x65,0x72,0x65,0x6e,0x74,0x20,0x6c,0x69,0x63,0x65,0x6e,0x73,0x65,0x20,0x74,
  0x65,0x72,0x6d,0x73,0x20,0x61,0x6e,0x64,0x20,0x63,0x6f,0x6e,0x64,0x69,0x74,0x69,
  0x6f,0x6e,0x73,0x0a,0x66,0x6f,0x72,0x20,0x75,0x73,0x65,0x2c,0x20,0x72,0x65,0x70,
  0x72,0x6f,0x64,0x75,0x63,0x74,0x69,0x6f,0x6e,0x2c,0x20,0x6f,0x72,0x20,0x64,0x69,
  0x73,0x74,0x72,0x69,0x62,0x75,0x74,0x69,0x6f,0x6e,0x20,0x6f,0x66,0x20,0x59,0x6f,
  0x75,0x72,0x20,0x6d,0x6f,0x64,0x69,0x66,0x69,0x63,0x61,0x74,0x69,0x6f,0x6e,0x73,
  0x2c,0x20,0x6f,0x72,0x0a,0x66,0x6f,0x72,0x20,0x61,0x6e,0x79,0x20,0x73,0x75,0x63,
  0x68,0x20,0x44,0x65,0x72,0x69,0x76,0x61,0x74,0x69,0x76,0x65,0x20,0x57,0x6f,0x72,
  0x6b,0x73,0x20,0x61,0x73,0x20,0x61,0x20,0x77,0x68,0x6f,0x6c,0x65,0x2c,0x20,0x70,
  0x72,0x6f,0x76,0x69,0x64,0x65,0x64,0x20,0x59,0x6f,0x75,0x72,0x20,0x75,0x73,0x65,
  0x2c,0x0a,0x72,0x65,0x70,0x72,0x6f,0x64,0x75,0x63,0x74,0x69,0x6f,0x6e,0x2c,0x20,
  0x61,0x6e,0x64,0x20,0x64,0x69,0x73,0x74,0x72,0x69,0x62,0x75,0x74,0x69,0x6f,0x6e,
  0x20,0x6f,0x66,0x20,0x74,0x68,0x65,0x20,0x57,0x6f,0x72,0x6b,0x20,0x6f,0x74,0x68,
  0x65,0x72,0x77,0x69,0x73,0x65,0x20,0x63,0x6f,0x6d,0x70,0x6c,0x69,0x65,0x73,0x20,
  0x77,0x69,0x74,0x68,0x0a,0x74,0x68,0x65,0x20,0x63,0x6f,0x6e,0x64,0x69,0x74,0x69,
  0x6f,0x6e,0x73,0x20,0x73,0x74,0x61,0x74,0x65,0x64,0x20,0x69,0x6e,0x20,0x74,0x68,
  0x69,0x73,0x20,0x4c,0x69,0x63,0x65,0x6e,0x73,0x65,0x2e,0x0a,0x0a,0x35,0x2e,0x20,
  0x53,0x75,0x62,0x6d,0x69,0x73,0x73,0x69,0x6f,0x6e,0x20,0x6f,0x66,0x20,0x43,0x6f,
  0x6e,0x74,0x72,0x69,0x62,0x75,0x74,0x69,0x6f,0x6e,0x73,0x2e,0x20,0x55,0x6e,0x6c,
  0x65,0x73,0x73,0x20,0x59,0x6f,0x75,0x20,0x65,0x78,0x70,0x6c,0x69,0x63,0x69,0x74,
  0x6c,0x79,0x20,0x73,0x74,0x61,0x74,0x65,0x20,0x6f,0x74,0x68,0x65,0x72,0x77,0x69,
  0x73,0x65,0x2c,0x0a,0x61,0x6e,0x79,0x20,0x43,0x6f,0x6e,0x74,0x72,0x69,0x62,0x75,
  0x74,0x69,0x6f,0x6e,0x20,0x69,0x6e,0x74,0x65,0x6e,0x74,0x69,0x6f,0x6e,0x61,0x6c,
  0x6c,0x79,0x20,0x73,0x75,0x62,0x6d,0x69,0x74,0x74,0x65,0x64,0x20,0x66,0x6f,0x72,
  0x20,0x69,0x6e,0x63,0x6c,0x75,0x73,0x69,0x6f,0x6e,0x20,0x69,0x6e,0x20,0x74,0x68,
  0x65,0x20,0x57,0x6f,0x72,0x6b,0x0a,0x62,0x79,0x20,0x59,0x6f,0x75,0x20,0x74,0x6f,
  0x20,0x74,0x68,0x65,0x20,0x4c,0x69,0x63,0x65,0x6e,0x73,0x6f,0x72,0x20,0x73,0x68,
  0x61,0x6c,0x6c,0x20,0x62,0x65,0x20,0x75,0x6e,0x64,0x65,0x72,0x20,0x74,0x68,0x65,
  0x20,0x74,0x65,0x72,0x6d,0x73,0x20,0x61,0x6e,0x64,0x20,0x63,0x6f,0x6e,0x64,0x69,
  0x74,0x69,0x6f,0x6e,0x73,0x20,0x6f,0x66,0x0a,0x74,0x68,0x69,0x73,0x20,0x4c,0x69,
  0x63,0x65,0x6e,0x73,0x65,0x2c,0x20,0x77,0x69,0x74,0x68,0x6f,0x75,0x74,0x20,0x61,
  0x6e,0x79,0x20,0x61,0x64,0x64,0x69,0x74,0x69,0x6f,0x6e,0x61,0x6c,0x20,0x74,0x65,
  0x72,0x6d,0x73,0x20,0x6f,0x72,0x20,0x63,0x6f,0x6e,0x64,0x69,0x74,0x69,0x6f,0x6e,
  0x73,0x2e,0x0a,0x4e,0x6f,0x74,0x77,0x69,0x74,0x68,0x73,0x74,0x61,0x6e,0x64,0x69,
  0x6e,0x67,0x20,0x74,0x68,0x65,0x20,0x61,0x62,0x6f,0x76,0x65,0x2c,0x20,0x6e,0x6f,
  0x74,0x68,0x69,0x6e,0x67,0x20,0x68,0x65,0x72,0x65,0x69,0x6e,0x20,0x73,0x68,0x61,
  0x6c,0x6c,0x20,0x73,0x75,0x70,0x65,0x72,0x73,0x65,0x64,0x65,0x20,0x6f,0x72,0x20,
  0x6d,0x6f,0x64,0x69,0x66,0x79,0x0a,0x74,0x68,0x65,0x20,0x74,0x65,0x72,0x6d,0x73,
  0x20,0x6f,0x66,0x20,0x61,0x6e,0x79,0x20,0x73,0x65,0x70,0x61,0x72,0x61,0x74,0x65,
  0x20,0x6c,0x69,0x63,0x65,0x6e,0x73,0x65,0x20,0x61,0x67,0x72,0x65,0x65,0x6d,0x65,
  0x6e,0x74,0x20,0x79,0x6f,0x75,0x20,0x6d,0x61,0x79,0x20,0x68,0x61,0x76,0x65,0x20,
  0x65,0x78,0x65,0x63,0x75,0x74,0x65,0x64,0x0a,0x77,0x69,0x74,0x68,0x20,0x4c,0x69,
  0x63,0x65,0x6e,0x73,0x6f,0x72,0x20,0x72,0x65,0x67,0x61,0x72,0x64,0x69,0x6e,0x67,
  0x20,0x73,0x75,0x63,0x68,0x20,0x43,0x6f,0x6e,0x74,0x72,0x69,0x62,0x75,0x74,0x69,
  0x6f,0x6e,0x73,0x2e,0x0a,0x0a,0x36,0x2e,0x20,0x54,0x72,0x61,0x64,0x65,0x6d,0x61,
  0x72,0x6b,0x73,0x2e,0x20,0x54,0x68,0x69,0x73,0x20,0x4c,0x69,0x63,0x65,0x6e,0x73,
  0x65,0x20,0x64,0x6f,0x65,0x73,0x20,0x6e,0x6f,0x74,0x20,0x67,0x72,0x61,0x6e,0x74,
  0x20,0x70,0x65,0x72,0x6d,0x69,0x73,0x73,0x69,0x6f,0x6e,0x20,0x74,0x6f,0x20,0x75,
  0x73,0x65,0x20,0x74,0x68,0x65,0x20,0x74,0x72,0x61,0x64,0x65,0x0a,0x6e,0x61,0x6d,
  0x65,0x73,0x2c,0x20,0x74,0x72,0x61,0x64,0x65,0x6d,0x61,0x72,0x6b,0x73,0x2c,0x20,
  0x73,0x65,0x72,0x76,0x69,0x63,0x65,0x20,0x6d,0x61,0x72,0x6b,0x73,0x2c,0x20,0x6f,
  0x72,0x20,0x70,0x72,0x6f,0x64,0x75,0x63,0x74,0x20,0x6e,0x61,0x6d,0x65,0x73,0x20,
  0x6f,0x66,0x20,0x74,0x68,0x65,0x20,0x4c,0x69,0x63,0x65,0x6e,0x73,0x6f,0x72,0x2c,
  0x0a,0x65,0x78,0x63,0x65,0x70,0x74,0x20,0x61,0x73,0x20,0x72,0x65,0x71,0x75,0x69,
  0x72,0x65,0x64,0x20,0x66,0x6f,0x72,0x20,0x72,0x65,0x61,0x73,0x6f,0x6e,0x61,0x62,
  0x6c,0x65,0x20,0x61,0x6e,0x64,0x20,0x63,0x75,0x73,0x74,0x6f,0x6d,0x61,0x72,0x79,
  0x20,0x75,0x73,0x65,0x20,0x69,0x6e,0x20,0x64,0x65,0x73,0x63,0x72,0x69,0x62,0x69,
  0x6e,0x67,0x20,0x74,0x68,0x65,0x0a,0x6f,0x72,0x69,0x67,0x69,0x6e,0x20,0x6f,0x66,
  0x20,0x74,0x68,0x65,0x20,0x57,0x6f,0x72,0x6b,0x20,0x61,0x6e,0x64,0x20,0x72,0x65,
  0x70,0x72,0x6f,0x64,0x75,0x63,0x69,0x6e,0x67,0x20,0x74,0x68,0x65,0x20,0x63,0x6f,
  0x6e,0x74,0x65,0x6e,0x74,0x20,0x6f,0x66,0x20,0x74,0x68,0x65,0x20,0x4e,0x4f,0x54,
  0x49,0x43,0x45,0x20,0x66,0x69,0x6c,0x65,0x2e,0x0a,0x0a,0x37,0x2e,0x20,0x44,0x69,
  0x73,0x63,0x6c,0x61,0x69,0x6d,0x65,0x72,0x20,0x6f,0x66,0x20,0x57,0x61,0x72,0x72,
  0x61,0x6e,0x74,0x79,0x2e,0x20,0x55,0x6e,0x6c,0x65,0x73,0x73,0x20,0x72,0x65,0x71,
  0x75,0x69,0x72,0x65,0x64,0x20,0x62,0x79,0x20,0x61,0x70,0x70,0x6c,0x69,0x63,0x61,
  0x62,0x6c,0x65,0x20,0x6c,0x61,0x77,0x20,0x6f,0x72,0x0a,0x61,0x67,0x72,0x65,0x65,
  0x64,0x20,0x74,0x6f,0x20,0x69,0x6e,0x20,0x77,0x72,0x69,0x74,0x69,0x6e,0x67,0x2c,
  0x20,0x4c,0x69,0x63,0x65,0x6e,0x73,0x6f,0x72,0x20,0x70,0x72,0x6f,0x76,0x69,0x64,
  0x65,0x73,0x20,0x74,0x68,0x65,0x20,0x57,0x6f,0x72,0x6b,0x20,0x28,0x61,0x6e,0x64,
  0x20,0x65,0x61,0x63,0x68,0x0a,0x43,0x6f,0x6e,0x74,0x72,0x69,0x62,0x75,0x74,0x6f,
  0x72,0x20,0x70,0x72,0x6f,0x76,0x69,0x64,0x65,0x73,0x20,0x69,0x74,0x73,0x20,0x43,
  0x6f,0x6e,0x74,0x72,0x69,0x62,0x75,0x74,0x69,0x6f,0x6e,0x73,0x29,0x20,0x6f,0x6e,
  0x20,0x61,0x6e,0x20,0x22,0x41,0x53,0x20,0x49,0x53,0x22,0x20,0x42,0x41,0x53,0x49,
  0x53,0x2c,0x0a,0x57,0x49,0x54,0x48,0x4f,0x55,0x54,0x20,0x57,0x41,0x52,0x52,0x41,
  0x4e,0x54,0x49,0x45,0x53,0x20,0x4f,0x52,0x20,0x43,0x4f,0x4e,0x44,0x49,0x54,0x49,
  0x4f,0x4e,0x53,0x20,0x4f,0x46,0x20,0x41,0x4e,0x59,0x20,0x4b,0x49,0x4e,0x44,0x2c,
  0x20,0x65,0x69,0x74,0x68,0x65,0x72,0x20,0x65,0x78,0x70,0x72,0x65,0x73,0x73,0x20,
  0x6f,0x72,0x0a,0x69,0x6d,0x70,0x6c,0x69,0x65,0x64,0x2c,0x20,0x69,0x6e,0x63,0x6c,
  0x75,0x64,0x69,0x6e,0x67,0x2c,0x20,0x77,0x69,0x74,0x68,0x6f,0x75,0x74,0x20,0x6c,
  0x69,0x6d,0x69,0x74,0x61,0x74,0x69,0x6f,0x6e,0x2c,0x20,0x61,0x6e,0x79,0x20,0x77,
  0x61,0x72,0x72,0x61,0x6e,0x74,0x69,0x65,0x73,0x20,0x6f,0x72,0x20,0x63,0x6f,0x6e,
  0x64,0x69,0x74,0x69,0x6f,0x6e,0x73,0x0a,0x6f,0x66,0x20,0x54,0x49,0x54,0x4c,0x45,
  0x2c,0x20,0x4e,0x4f,0x4e,0x2d,0x49,0x4e,0x46,0x52,0x49,0x4e,0x47,0x45,0x4d,0x45,
  0x4e,0x54,0x2c,0x20,0x4d,0x45,0x52,0x43,0x48,0x41,0x4e,0x54,0x41,0x42,0x49,0x4c,
  0x49,0x54,0x59,0x2c,0x20,0x6f,0x72,0x20,0x46,0x49,0x54,0x4e,0x45,0x53,0x53,0x20,
  0x46,0x4f,0x52,0x20,0x41,0x0a,0x50,0x41,0x52,0x54,0x49,0x43,0x55,0x4c,0x41,0x52,
  0x20,0x50,0x55,0x52,0x50,0x4f,0x53,0x45,0x2e,0x20,0x59,0x6f,0x75,0x20,0x61,0x72,
  0x65,0x20,0x73,0x6f,0x6c,0x65,0x6c,0x79,0x20,0x72,0x65,0x73,0x70,0x6f,0x6e,0x73,
  0x69,0x62,0x6c,0x65,0x20,0x66,0x6f,0x72,0x20,0x64,0x65,0x74,0x65,0x72,0x6d,0x69,
  0x6e,0x69,0x6e,0x67,0x20,0x74,0x68,0x65,0x0a,0x61,0x70,0x70,0x72,0x6f,0x70,0x72,
  0x69,0x61,0x74,0x65,0x6e,0x65,0x73,0x73,0x20,0x6f,0x66,0x20,0x75,0x73,0x69,0x6e,
  0x67,0x20,0x6f,0x72,0x20,0x72,0x65,0x64,0x69,0x73,0x74,0x72,0x69,0x62,0x75,0x74,
  0x69,0x6e,0x67,0x20,0x74,0x68,0x65,0x20,0x57,0x6f,0x72,0x6b,0x20,0x61,0x6e,0x64,
  0x20,0x61,0x73,0x73,0x75,0x6d,0x65,0x20,0x61,0x6e,0x79,0x0a,0x72,0x69,0x73,0x6b,
  0x73,0x20,0x61,0x73,0x73,0x6f,0x63,0x69,0x61,0x74,0x65,0x64,0x20,0x77,0x69,0x74,
  0x68,0x20,0x59,0x6f,0x75,0x72,0x20,0x65,0x78,0x65,0x72,0x63,0x69,0x73,0x65,0x20,
  0x6f,0x66,0x20,0x70,0x65,0x72,0x6d,0x69,0x73,0x73,0x69,0x6f,0x6e,0x73,0x20,0x75,
  0x6e,0x64,0x65,0x72,0x20,0x74,0x68,0x69,0x73,0x20,0x4c,0x69,0x63,0x65,0x6e,0x73,
  0x65,0x2e,0x0a,0x0a,0x38,0x2e,0x20,0x4c,0x69,0x6d,0x69,0x74,0x61,0x74,0x69,0x6f,
  0x6e,0x20,0x6f,0x66,0x20,0x4c,0x69,0x61,0x62,0x69,0x6c,0x69,0x74,0x79,0x2e,0x20,
  0x49,0x6e,0x20,0x6e,0x6f,0x20,0x65,0x76,0x65,0x6e,0x74,0x20,0x61,0x6e,0x64,0x20,
  0x75,0x6e,0x64,0x65,0x72,0x20,0x6e,0x6f,0x20,0x6c,0x65,0x67,0x61,0x6c,0x20,0x74,
  0x68,0x65,0x6f,0x72,0x79,0x2c,0x0a,0x77,0x68,0x65,0x74,0x68,0x65,0x72,0x20,0x69,
  0x6e,0x20,0x74,0x6f,0x72,0x74,0x20,0x28,0x69,0x6e,0x63,0x6c,0x75,0x64,0x69,0x6e,
  0x67,0x20,0x6e,0x65,0x67,0x6c,0x69,0x67,0x65,0x6e,0x63,0x65,0x29,0x2c,0x20,0x63,
  0x6f,0x6e,0x74,0x72,0x61,0x63,0x74,0x2c,0x20,0x6f,0x72,0x20,0x6f,0x74,0x68,0x65,
  0x72,0x77,0x69,0x73,0x65,0x2c,0x0a,0x75,0x6e,0x6c,0x65,0x73,0x73,0x20,0x72,0x65,
  0x71,0x75,0x69,0x72,0x65,0x64,0x20,0x62,0x79,0x20,0x61,0x70,0x70,0x6c,0x69,0x63,
  0x61,0x62,0x6c,0x65,0x20,0x6c,0x61,0x77,0x20,0x28,0x73,0x75,0x63,0x68,0x20,0x61,
  0x73,0x20,0x64,0x65,0x6c,0x69,0x62,0x65,0x72,0x61,0x74,0x65,0x20,0x61,0x6e,0x64,
  0x20,0x67,0x72,0x6f,0x73,0x73,0x6c,0x79,0x0a,0x6e,0x65,0x67,0x6c,0x69,0x67,0x65,
  0x6e,0x74,0x20,0x61,0x63,0x74,0x73,0x29,0x20,0x6f,0x72,0x20,0x61,0x67,0x72,0x65,
  0x65,0x64,0x20,0x74,0x6f,0x20,0x69,0x6e,0x20,0x77,0x72,0x69,0x74,0x69,0x6e,0x67,
  0x2c,0x20,0x73,0x68,0x61,0x6c,0x6c,0x20,0x61,0x6e,0x79,0x20,0x43,0x6f,0x6e,0x74,
  0x72,0x69,0x62,0x75,0x74,0x6f,0x72,0x20,0x62,0x65,0x0a,0x6c,0x69,0x61,0x62,0x6c,
  0x65,0x20,0x74,0x6f,0x20,0x59,0x6f,0x75,0x20,0x66,0x6f,0x72,0x20,0x64,0x61,0x6d,
  0x61,0x67,0x65,0x73,0x2c,0x20,0x69,0x6e,0x63,0x6c,0x75,0x64,0x69,0x6e,0x67,0x20,
  0x61,0x6e,0x79,0x20,0x64,0x69,0x72,0x65,0x63,0x74,0x2c,0x20,0x69,0x6e,0x64,0x69,
  0x72,0x65,0x63,0x74,0x2c,0x20,0x73,0x70,0x65,0x63,0x69,0x61,0x6c,0x2c,0x0a,0x69,
  0x6e,0x63,0x69,0x64,0x65,0x6e,0x74,0x61,0x6c,0x2c,0x20,0x6f,0x72,0x20,0x63,0x6f,
  0x6e,0x73,0x65,0x71,0x75,0x65,0x6e,0x74,0x69,0x61,0x6c,0x20,0x64,0x61,0x6d,0x61,
  0x67,0x65,0x73,0x20,0x6f,0x66,0x20,0x61,0x6e,0x79,0x20,0x63,0x68,0x61,0x72,0x61,
  0x63,0x74,0x65,0x72,0x20,0x61,0x72,0x69,0x73,0x69,0x6e,0x67,0x20,0x61,0x73,0x20,
  0x61,0x0a,0x72,0x65,0x73,0x75,0x6c,0x74,0x20,0x6f,0x66,0x20,0x74,0x68,0x69,0x73,
  0x20,0x4c,0x69,0x63,0x65,0x6e,0x73,0x65,0x20,0x6f,0x72,0x20,0x6f,0x75,0x74,0x20,
  0x6f,0x66,0x20,0x74,0x68,0x65,0x20,0x75,0x73,0x65,0x20,0x6f,0x72,0x20,0x69,0x6e,
  0x61,0x62,0x69,0x6c,0x69,0x74,0x79,0x20,0x74,0x6f,0x20,0x75,0x73,0x65,0x20,0x74,
  0x68,0x65,0x0a,0x57,0x6f,0x72,0x6b,0x20,0x28,0x69,0x6e,0x63,0x6c,0x75,0x64,0x69,
  0x6e,0x67,0x20,0x62,0x75,0x74,0x20,0x6e,0x6f,0x74,0x20,0x6c,0x69,0x6d,0x69,0x74,
  0x65,0x64,0x20,0x74,0x6f,0x20,0x64,0x61,0x6d,0x61,0x67,0x65,0x73,0x20,0x66,0x6f,
  0x72,0x20,0x6c,0x6f,0x73,0x73,0x20,0x6f,0x66,0x20,0x67,0x6f,0x6f,0x64,0x77,0x69,
  0x6c,0x6c,0x2c,0x0a,0x77,0x6f,0x72,0x6b,0x20,0x73,0x74,0x6f,0x70,0x70,0x61,0x67,
  0x65,0x2c,0x20,0x63,0x6f,0x6d,0x70,0x75,0x74,0x65,0x72,0x20,0x66,0x61,0x69,0x6c,
  0x75,0x72,0x65,0x20,0x6f,0x72,0x20,0x6d,0x61,0x6c,0x66,0x75,0x6e,0x63,0x74,0x69,
  0x6f,0x6e,0x2c,0x20,0x6f,0x72,0x20,0x61,0x6e,0x79,0x20,0x61,0x6e,0x64,0x20,0x61,
  0x6c,0x6c,0x0a,0x6f,0x74,0x68,0x65,0x72,0x20,0x63,0x6f,0x6d,0x6d,0x65,0x72,0x63,
  0x69,0x61,0x6c,0x20,0x64,0x61,0x6d,0x61,0x67,0x65,0x73,0x20,0x6f,0x72,0x20,0x6c,
  0x6f,0x73,0x73,0x65,0x73,0x29,0x2c,0x20,0x65,0x76,0x65,0x6e,0x20,0x69,0x66,0x20,
  0x73,0x75,0x63,0x68,0x20,0x43,0x6f,0x6e,0x74,0x72,0x69,0x62,0x75,0x74,0x6f,0x72,
  0x0a,0x68,0x61,0x73,0x20,0x62,0x65,0x65,0x6e,0x20,0x61,0x64,0x76,0x69,0x73,0x65,
  0x64,0x20,0x6f,0x66,0x20,0x74,0x68,0x65,0x20,0x70,0x6f,0x73,0x73,0x69,0x62,0x69,
  0x6c,0x69,0x74,0x79,0x20,0x6f,0x66,0x20,0x73,0x75,0x63,0x68,0x20,0x64,0x61,0x6d,
  0x61,0x67,0x65,0x73,0x2e,0x0a,0x0a,0x39,0x2e,0x20,0x41,0x63,0x63,0x65,0x70,0x74,
  0x69,0x6e,0x67,0x20,0x57,0x61,0x72,0x72,0x61,0x6e,0x74,0x79,0x20,0x6f,0x72,0x20,
  0x41,0x64,0x64,0x69,0x74,0x69,0x6f,0x6e,0x61,0x6c,0x20,0x4c,0x69,0x61,0x62,0x69,
  0x6c,0x69,0x74,0x79,0x2e,0x20,0x57,0x68,0x69,0x6c,0x65,0x20,0x72,0x65,0x64,0x69,
  0x73,0x74,0x72,0x69,0x62,0x75,0x74,0x69,0x6e,0x67,0x0a,0x74,0x68,0x65,0x20,0x57,
  0x6f,0x72,0x6b,0x20,0x6f,0x72,0x20,0x44,0x65,0x72,0x69,0x76,0x61,0x74,0x69,0x76,
  0x65,0x20,0x57,0x6f,0x72,0x6b,0x73,0x20,0x74,0x68,0x65,0x72,0x65,0x6f,0x66,0x2c,
  0x20,0x59,0x6f,0x75,0x20,0x6d,0x61,0x79,0x20,0x63,0x68,0x6f,0x6f,0x73,0x65,0x20,
  0x74,0x6f,0x20,0x6f,0x66,0x66,0x65,0x72,0x2c,0x0a,0x61,0x6e,0x64,0x20,0x63,0x68,
  0x61,0x72,0x67,0x65,0x20,0x61,0x20,0x66,0x65,0x65,0x20,0x66,0x6f,0x72,0x2c,0x20,
  0x61,0x63,0x63,0x65,0x70,0x74,0x61,0x6e,0x63,0x65,0x20,0x6f,0x66,0x20,0x73,0x75,
  0x70,0x70,0x6f,0x72,0x74,0x2c,0x20,0x77,0x61,0x72,0x72,0x61,0x6e,0x74,0x79,0x2c,
  0x20,0x69,0x6e,0x64,0x65,0x6d,0x6e,0x69,0x74,0x79,0x2c,0x0a,0x6f,0x72,0x20,0x6f,
  0x74,0x68,0x65,0x72,0x20,0x6c,0x69,0x61,0x62,0x69,0x6c,0x69,0x74,0x79,0x20,0x6f,
  0x62,0x6c,0x69,0x67,0x61,0x74,0x69,0x6f,0x6e,0x73,0x20,0x61,0x6e,0x64,0x2f,0x6f,
  0x72,0x20,0x72,0x69,0x67,0x68,0x74,0x73,0x20,0x63,0x6f,0x6e,0x73,0x69,0x73,0x74,
  0x65,0x6e,0x74,0x20,0x77,0x69,0x74,0x68,0x20,0x74,0x68,0x69,0x73,0x0a,0x4c,0x69,
  0x63,0x65,0x6e,0x73,0x65,0x2e,0x20,0x48,0x6f,0x77,0x65,0x76,0x65,0x72,0x2c,0x20,
  0x69,0x6e,0x20,0x61,0x63,0x63,0x65,0x70,0x74,0x69,0x6e,0x67,0x20,0x73,0x75,0x63,
  0x68,0x20,0x6f,0x62,0x6c,0x69,0x67,0x61,0x74,0x69,0x6f,0x6e,0x73,0x2c,0x20,0x59,
  0x6f,0x75,0x20,0x6d,0x61,0x79,0x20,0x61,0x63,0x74,0x20,0x6f,0x6e,0x6c,0x79,0x0a,
  0x6f,0x6e,0x20,0x59,0x6f,0x75,0x72,0x20,0x6f,0x77,0x6e,0x20,0x62,0x65,0x68,0x61,
  0x6c,0x66,0x20,0x61,0x6e,0x64,0x20,0x6f,0x6e,0x20,0x59,0x6f,0x75,0x72,0x20,0x73,
  0x6f,0x6c,0x65,0x20,0x72,0x65,0x73,0x70,0x6f,0x6e,0x73,0x69,0x62,0x69,0x6c,0x69,
  0x74,0x79,0x2c,0x20,0x6e,0x6f,0x74,0x20,0x6f,0x6e,0x20,0x62,0x65,0x68,0x61,0x6c,
  0x66,0x0a,0x6f,0x66,0x20,0x61,0x6e,0x79,0x20,0x6f,0x74,0x68,0x65,0x72,0x20,0x43,
  0x6f,0x6e,0x74,0x72,0x69,0x62,0x75,0x74,0x6f,0x72,0x2c,0x20,0x61,0x6e,0x64,0x20,
  0x6f,0x6e,0x6c,0x79,0x20,0x69,0x66,0x20,0x59,0x6f,0x75,0x20,0x61,0x67,0x72,0x65,
  0x65,0x20,0x74,0x6f,0x20,0x69,0x6e,0x64,0x65,0x6d,0x6e,0x69,0x66,0x79,0x2c,0x0a,
  0x64,0x65,0x66,0x65,0x6e,0x64,0x2c,0x20,0x61,0x6e,0x64,0x20,0x68,0x6f,0x6c,0x64,
  0x20,0x65,0x61,0x63,0x68,0x20,0x43,0x6f,0x6e,0x74,0x72,0x69,0x62,0x75,0x74,0x6f,
  0x72,0x20,0x68,0x61,0x72,0x6d,0x6c,0x65,0x73,0x73,0x20,0x66,0x6f,0x72,0x20,0x61,
  0x6e,0x79,0x20,0x6c,0x69,0x61,0x62,0x69,0x6c,0x69,0x74,0x79,0x0a,0x69,0x6e,0x63,
  0x75,0x72,0x72,0x65,0x64,0x20,0x62,0x79,0x2c,0x20,0x6f,0x72,0x20,0x63,0x6c,0x61,
  0x69,0x6d,0x73,0x20,0x61,0x73,0x73,0x65,0x72,0x74,0x65,0x64,0x20,0x61,0x67,0x61,
  0x69,0x6e,0x73,0x74,0x2c,0x20,0x73,0x75,0x63,0x68,0x20,0x43,0x6f,0x6e,0x74,0x72,
  0x69,0x62,0x75,0x74,0x6f,0x72,0x20,0x62,0x79,0x20,0x72,0x65,0x61,0x73,0x6f,0x6e,
  0x0a,0x6f,0x66,0x20,0x79,0x6f,0x75,0x72,0x20,0x61,0x63,0x63,0x65,0x70,0x74,0x69,
  0x6e,0x67,0x20,0x61,0x6e,0x79,0x20,0x73,0x75,0x63,0x68,0x20,0x77,0x61,0x72,0x72,
  0x61,0x6e,0x74,0x79,0x20,0x6f,0x72,0x20,0x61,0x64,0x64,0x69,0x74,0x69,0x6f,0x6e,
  0x61,0x6c,0x20,0x6c,0x69,0x61,0x62,0x69,0x6c,0x69,0x74,0x79,0x2e,0x0a,0x0a,0x45,
  0x4e,0x44,0x20,0x4f,0x46,0x20,0x54,0x45,0x52,0x4d,0x53,0x20,0x41,0x4e,0x44,0x20,
  0x43,0x4f,0x4e,0x44,0x49,0x54,0x49,0x4f,0x4e,0x53,0x0a,0x00,
};

#endif
